Product_ID,Material_Type,Product_Weight_g,Fragility,Recyclable,Transport_Mode,LCA_Emission_kgCO2,Packaging_Option
P0000,Plastic,520,Low,Yes,Sea,1.092,Recycled Cardboard
P0001,Metal,334,Low,Yes,Land,0.601,Paper Wrap
P0002,Paper,1706,Low,Yes,Sea,1.535,Paper Wrap
P0003,Bioplastic,1566,Medium,Yes,Land,1.096,Paper Wrap
P0004,Paper,1564,Low,No,Sea,1.408,Paper Wrap
P0005,Paper,1916,High,Yes,Sea,1.724,Paper Wrap
P0006,Paper,717,Medium,Yes,Land,0.645,Paper Wrap
P0007,Ceramic,1886,High,No,Air,2.263,Bio Bubble Wrap
P0008,Paper,1371,High,No,Sea,1.234,Paper Wrap
P0009,Ceramic,970,Medium,Yes,Land,1.164,Bio Bubble Wrap
P0010,Paper,314,Low,Yes,Air,0.283,Paper Wrap
P0011,Ceramic,1006,Low,No,Air,1.207,Bio Bubble Wrap
P0012,Metal,363,High,Yes,Air,0.653,Recycled Cardboard
P0013,Paper,971,High,Yes,Land,0.874,Paper Wrap
P0014,Glass,704,Medium,Yes,Sea,1.056,Bio Bubble Wrap
P0015,Ceramic,1869,High,Yes,Land,2.243,Bio Bubble Wrap
P0016,Ceramic,1820,Medium,Yes,Air,2.184,Bio Bubble Wrap
P0017,Ceramic,772,Medium,No,Air,0.926,Bio Bubble Wrap
P0018,Paper,1492,Medium,Yes,Land,1.343,Paper Wrap
P0019,Paper,580,High,Yes,Air,0.522,Paper Wrap
P0020,Glass,272,Medium,Yes,Land,0.408,Bio Bubble Wrap
P0021,Glass,1417,Low,Yes,Air,2.126,Bio Bubble Wrap
P0022,Plastic,259,Medium,No,Air,0.544,Recycled Cardboard
P0023,Paper,358,High,Yes,Air,0.322,Paper Wrap
P0024,Paper,940,Low,Yes,Land,0.846,Paper Wrap
P0025,Paper,566,Low,No,Sea,0.509,Paper Wrap
P0026,Plastic,1998,Medium,Yes,Sea,4.196,Recycled Cardboard
P0027,Metal,268,Medium,Yes,Air,0.482,Mushroom Foam
P0028,Glass,1717,Low,Yes,Air,2.575,Bio Bubble Wrap
P0029,Paper,1532,Low,No,Land,1.379,Paper Wrap
P0030,Glass,583,Low,Yes,Sea,0.875,Bio Bubble Wrap
P0031,Ceramic,610,Low,Yes,Air,0.732,Bio Bubble Wrap
P0032,Plastic,1790,Low,No,Sea,3.759,Recycled Cardboard
P0033,Bioplastic,1074,Medium,Yes,Sea,0.752,Paper Wrap
P0034,Metal,730,Medium,No,Air,1.314,Mushroom Foam
P0035,Paper,921,Medium,Yes,Sea,0.829,Paper Wrap
P0036,Ceramic,765,Medium,Yes,Sea,0.918,Bio Bubble Wrap
P0037,Plastic,370,Medium,Yes,Land,0.777,Recycled Cardboard
P0038,Paper,297,Low,Yes,Air,0.267,Paper Wrap
P0039,Bioplastic,1940,High,Yes,Sea,1.358,Paper Wrap
P0040,Plastic,1948,Medium,Yes,Land,4.091,Recycled Cardboard
P0041,Plastic,1705,Medium,Yes,Air,3.58,Recycled Cardboard
P0042,Glass,1811,Low,Yes,Air,2.716,Bio Bubble Wrap
P0043,Metal,1201,High,Yes,Air,2.162,Cornstarch Wrap
P0044,Metal,296,Low,Yes,Land,0.533,Recycled Cardboard
P0045,Bioplastic,1349,Low,Yes,Air,0.944,Paper Wrap
P0046,Ceramic,554,Low,Yes,Air,0.665,Bio Bubble Wrap
P0047,Plastic,691,Medium,Yes,Air,1.451,Recycled Cardboard
P0048,Ceramic,1106,High,Yes,Sea,1.327,Bio Bubble Wrap
P0049,Glass,871,Medium,Yes,Air,1.306,Bio Bubble Wrap
P0050,Glass,586,Low,Yes,Land,0.879,Bio Bubble Wrap
P0051,Paper,1566,High,Yes,Air,1.409,Paper Wrap
P0052,Bioplastic,1477,Medium,Yes,Sea,1.034,Paper Wrap
P0053,Paper,295,Medium,Yes,Air,0.266,Paper Wrap
P0054,Bioplastic,855,Medium,Yes,Land,0.599,Paper Wrap
P0055,Ceramic,1198,Low,Yes,Land,1.438,Bio Bubble Wrap
P0056,Bioplastic,1356,Medium,Yes,Land,0.949,Paper Wrap
P0057,Paper,1761,Low,Yes,Air,1.585,Paper Wrap
P0058,Plastic,639,High,Yes,Sea,1.342,Recycled Cardboard
P0059,Glass,1053,Low,Yes,Land,1.579,Bio Bubble Wrap
P0060,Metal,257,High,Yes,Land,0.463,Paper Wrap
P0061,Ceramic,1191,Low,Yes,Sea,1.429,Bio Bubble Wrap
P0062,Plastic,1490,Medium,Yes,Sea,3.129,Recycled Cardboard
P0063,Ceramic,609,Medium,Yes,Land,0.731,Bio Bubble Wrap
P0064,Metal,1245,High,No,Land,2.241,Recycled Cardboard
P0065,Bioplastic,1481,Medium,No,Air,1.037,Paper Wrap
P0066,Plastic,1450,Low,Yes,Air,3.045,Recycled Cardboard
P0067,Ceramic,787,Low,Yes,Sea,0.944,Bio Bubble Wrap
P0068,Ceramic,1405,Low,Yes,Land,1.686,Bio Bubble Wrap
P0069,Plastic,737,Medium,Yes,Land,1.548,Recycled Cardboard
P0070,Ceramic,709,Low,Yes,Air,0.851,Bio Bubble Wrap
P0071,Metal,526,Medium,Yes,Sea,0.947,Mushroom Foam
P0072,Glass,1614,High,No,Air,2.421,Bio Bubble Wrap
P0073,Glass,479,Medium,Yes,Sea,0.719,Bio Bubble Wrap
P0074,Plastic,735,Medium,Yes,Land,1.544,Recycled Cardboard
P0075,Bioplastic,1310,Low,Yes,Air,0.917,Paper Wrap
P0076,Paper,950,Low,Yes,Land,0.855,Paper Wrap
P0077,Ceramic,1157,High,No,Sea,1.388,Bio Bubble Wrap
P0078,Bioplastic,1781,Low,Yes,Sea,1.247,Paper Wrap
P0079,Glass,723,Low,Yes,Air,1.085,Bio Bubble Wrap
P0080,Plastic,450,Medium,Yes,Air,0.945,Recycled Cardboard
P0081,Ceramic,268,Low,Yes,Sea,0.322,Bio Bubble Wrap
P0082,Metal,379,Low,Yes,Land,0.682,Minimalist Pouch
P0083,Glass,1547,High,No,Land,2.321,Bio Bubble Wrap
P0084,Ceramic,1509,Low,Yes,Sea,1.811,Bio Bubble Wrap
P0085,Glass,1285,Low,Yes,Sea,1.927,Bio Bubble Wrap
P0086,Paper,955,Low,Yes,Air,0.86,Paper Wrap
P0087,Glass,1622,Medium,Yes,Sea,2.433,Bio Bubble Wrap
P0088,Paper,394,Low,Yes,Sea,0.355,Paper Wrap
P0089,Paper,380,Medium,No,Air,0.342,Paper Wrap
P0090,Glass,1135,Medium,Yes,Land,1.702,Bio Bubble Wrap
P0091,Plastic,1407,Medium,Yes,Air,2.955,Recycled Cardboard
P0092,Plastic,803,Low,Yes,Land,1.686,Recycled Cardboard
P0093,Ceramic,471,Low,No,Sea,0.565,Bio Bubble Wrap
P0094,Ceramic,876,High,No,Air,1.051,Bio Bubble Wrap
P0095,Metal,198,Low,Yes,Air,0.356,Mushroom Foam
P0096,Metal,1903,Low,No,Land,3.425,Paper Wrap
P0097,Metal,1471,High,No,Sea,2.648,Recycled Cardboard
P0098,Ceramic,1414,Low,Yes,Air,1.697,Bio Bubble Wrap
P0099,Metal,1346,Low,No,Air,2.423,Mushroom Foam
P0100,Metal,1183,Low,Yes,Sea,2.129,Paper Wrap
P0101,Metal,1185,Medium,Yes,Land,2.133,Recycled Cardboard
P0102,Plastic,1166,Medium,Yes,Air,2.449,Recycled Cardboard
P0103,Plastic,1778,Low,No,Sea,3.734,Recycled Cardboard
P0104,Glass,1426,Medium,Yes,Air,2.139,Bio Bubble Wrap
P0105,Ceramic,456,Medium,Yes,Sea,0.547,Bio Bubble Wrap
P0106,Metal,1818,Medium,Yes,Air,3.272,Bio Bubble Wrap
P0107,Ceramic,214,Medium,No,Air,0.257,Bio Bubble Wrap
P0108,Bioplastic,336,Low,Yes,Sea,0.235,Paper Wrap
P0109,Paper,272,High,Yes,Air,0.245,Paper Wrap
P0110,Bioplastic,505,High,Yes,Sea,0.353,Paper Wrap
P0111,Metal,524,Low,Yes,Sea,0.943,Cornstarch Wrap
P0112,Ceramic,1763,High,Yes,Sea,2.116,Bio Bubble Wrap
P0113,Glass,536,Medium,Yes,Land,0.804,Bio Bubble Wrap
P0114,Glass,1661,Medium,Yes,Sea,2.491,Bio Bubble Wrap
P0115,Plastic,1726,Medium,Yes,Air,3.625,Recycled Cardboard
P0116,Glass,1618,Low,Yes,Sea,2.427,Bio Bubble Wrap
P0117,Bioplastic,1671,Low,Yes,Sea,1.17,Paper Wrap
P0118,Bioplastic,866,Low,Yes,Air,0.606,Paper Wrap
P0119,Glass,1513,Low,Yes,Sea,2.269,Bio Bubble Wrap
P0120,Plastic,675,Low,Yes,Land,1.417,Recycled Cardboard
P0121,Ceramic,226,High,Yes,Land,0.271,Bio Bubble Wrap
P0122,Plastic,116,Medium,Yes,Air,0.244,Recycled Cardboard
P0123,Bioplastic,867,Medium,Yes,Land,0.607,Paper Wrap
P0124,Paper,1829,High,No,Land,1.646,Paper Wrap
P0125,Ceramic,1841,Medium,Yes,Land,2.209,Bio Bubble Wrap
P0126,Glass,559,Medium,Yes,Air,0.839,Bio Bubble Wrap
P0127,Bioplastic,191,Low,Yes,Sea,0.134,Paper Wrap
P0128,Ceramic,1542,High,Yes,Air,1.85,Bio Bubble Wrap
P0129,Paper,1447,Medium,Yes,Sea,1.302,Paper Wrap
P0130,Bioplastic,1779,Low,Yes,Air,1.245,Paper Wrap
P0131,Paper,1866,Low,Yes,Land,1.679,Paper Wrap
P0132,Bioplastic,1072,Medium,Yes,Land,0.75,Paper Wrap
P0133,Plastic,277,Low,Yes,Sea,0.582,Recycled Cardboard
P0134,Glass,1352,Low,Yes,Air,2.028,Bio Bubble Wrap
P0135,Plastic,1369,Low,No,Land,2.875,Recycled Cardboard
P0136,Ceramic,1372,High,Yes,Land,1.646,Bio Bubble Wrap
P0137,Plastic,1898,High,Yes,Land,3.986,Recycled Cardboard
P0138,Bioplastic,549,Low,Yes,Land,0.384,Paper Wrap
P0139,Paper,1294,Low,Yes,Sea,1.165,Paper Wrap
P0140,Ceramic,894,Low,No,Land,1.073,Bio Bubble Wrap
P0141,Paper,303,Low,Yes,Sea,0.273,Paper Wrap
P0142,Bioplastic,314,Medium,Yes,Air,0.22,Paper Wrap
P0143,Paper,507,Low,Yes,Air,0.456,Paper Wrap
P0144,Ceramic,1932,High,Yes,Sea,2.318,Bio Bubble Wrap
P0145,Ceramic,819,Low,Yes,Sea,0.983,Bio Bubble Wrap
P0146,Ceramic,848,Low,Yes,Land,1.018,Bio Bubble Wrap
P0147,Bioplastic,310,Medium,Yes,Air,0.217,Paper Wrap
P0148,Plastic,502,Low,Yes,Sea,1.054,Recycled Cardboard
P0149,Bioplastic,1059,High,Yes,Air,0.741,Paper Wrap
P0150,Ceramic,1876,Medium,Yes,Air,2.251,Bio Bubble Wrap
P0151,Plastic,794,Low,Yes,Sea,1.667,Recycled Cardboard
P0152,Metal,139,Low,No,Sea,0.25,Bio Bubble Wrap
P0153,Glass,1942,Medium,Yes,Air,2.913,Bio Bubble Wrap
P0154,Glass,726,Low,Yes,Land,1.089,Bio Bubble Wrap
P0155,Glass,1678,Low,Yes,Air,2.517,Bio Bubble Wrap
P0156,Glass,648,High,Yes,Air,0.972,Bio Bubble Wrap
P0157,Plastic,1244,Medium,Yes,Air,2.612,Recycled Cardboard
P0158,Bioplastic,580,High,No,Air,0.406,Paper Wrap
P0159,Glass,188,High,Yes,Land,0.282,Bio Bubble Wrap
P0160,Metal,1365,Low,Yes,Air,2.457,Bio Bubble Wrap
P0161,Glass,1583,Medium,No,Air,2.374,Bio Bubble Wrap
P0162,Bioplastic,870,High,Yes,Air,0.609,Paper Wrap
P0163,Plastic,399,Medium,No,Sea,0.838,Recycled Cardboard
P0164,Ceramic,1935,High,Yes,Land,2.322,Bio Bubble Wrap
P0165,Ceramic,1552,High,Yes,Land,1.862,Bio Bubble Wrap
P0166,Glass,119,Low,Yes,Land,0.178,Bio Bubble Wrap
P0167,Glass,471,Medium,Yes,Land,0.707,Bio Bubble Wrap
P0168,Plastic,1733,Low,Yes,Air,3.639,Recycled Cardboard
P0169,Ceramic,168,High,Yes,Land,0.202,Bio Bubble Wrap
P0170,Bioplastic,1619,Medium,Yes,Sea,1.133,Paper Wrap
P0171,Metal,542,High,Yes,Land,0.976,Minimalist Pouch
P0172,Paper,848,High,Yes,Land,0.763,Paper Wrap
P0173,Paper,671,Low,Yes,Sea,0.604,Paper Wrap
P0174,Paper,1339,High,Yes,Land,1.205,Paper Wrap
P0175,Plastic,428,Medium,Yes,Sea,0.899,Recycled Cardboard
P0176,Plastic,1779,Medium,Yes,Land,3.736,Recycled Cardboard
P0177,Bioplastic,745,High,Yes,Sea,0.521,Paper Wrap
P0178,Metal,244,Medium,Yes,Land,0.439,Minimalist Pouch
P0179,Ceramic,1389,Medium,Yes,Air,1.667,Bio Bubble Wrap
P0180,Bioplastic,1001,Low,Yes,Air,0.701,Paper Wrap
P0181,Ceramic,942,Low,Yes,Sea,1.13,Bio Bubble Wrap
P0182,Plastic,295,Medium,Yes,Air,0.62,Recycled Cardboard
P0183,Ceramic,1860,Low,Yes,Sea,2.232,Bio Bubble Wrap
P0184,Ceramic,889,Low,Yes,Sea,1.067,Bio Bubble Wrap
P0185,Bioplastic,838,Medium,Yes,Air,0.587,Paper Wrap
P0186,Metal,1930,High,Yes,Air,3.474,Paper Wrap
P0187,Bioplastic,1279,Low,Yes,Air,0.895,Paper Wrap
P0188,Bioplastic,1576,Low,No,Air,1.103,Paper Wrap
P0189,Metal,154,High,Yes,Land,0.277,Bio Bubble Wrap
P0190,Metal,1800,Medium,Yes,Sea,3.24,Cornstarch Wrap
P0191,Glass,446,High,Yes,Air,0.669,Bio Bubble Wrap
P0192,Paper,737,Medium,Yes,Sea,0.663,Paper Wrap
P0193,Metal,1573,Low,Yes,Air,2.831,Recycled Cardboard
P0194,Bioplastic,1070,Low,No,Land,0.749,Paper Wrap
P0195,Plastic,1303,Low,No,Land,2.736,Recycled Cardboard
P0196,Glass,1157,Medium,Yes,Air,1.736,Bio Bubble Wrap
P0197,Glass,952,Medium,Yes,Land,1.428,Bio Bubble Wrap
P0198,Bioplastic,480,Low,Yes,Land,0.336,Paper Wrap
P0199,Plastic,278,Medium,Yes,Sea,0.584,Recycled Cardboard
P0200,Paper,270,Low,Yes,Land,0.243,Paper Wrap
P0201,Paper,1814,High,No,Air,1.633,Paper Wrap
P0202,Bioplastic,1954,Low,Yes,Air,1.368,Paper Wrap
P0203,Metal,1185,Low,Yes,Air,2.133,Mushroom Foam
P0204,Bioplastic,852,Low,Yes,Land,0.596,Paper Wrap
P0205,Paper,1732,Medium,No,Land,1.559,Paper Wrap
P0206,Metal,1231,Medium,No,Land,2.216,Cornstarch Wrap
P0207,Ceramic,931,Low,Yes,Land,1.117,Bio Bubble Wrap
P0208,Glass,1071,Medium,Yes,Air,1.607,Bio Bubble Wrap
P0209,Ceramic,1825,Low,Yes,Air,2.19,Bio Bubble Wrap
P0210,Ceramic,909,Medium,Yes,Air,1.091,Bio Bubble Wrap
P0211,Plastic,583,Low,Yes,Land,1.224,Recycled Cardboard
P0212,Ceramic,601,Medium,Yes,Air,0.721,Bio Bubble Wrap
P0213,Ceramic,409,High,Yes,Air,0.491,Bio Bubble Wrap
P0214,Plastic,547,Low,No,Land,1.149,Recycled Cardboard
P0215,Glass,629,High,Yes,Air,0.944,Bio Bubble Wrap
P0216,Metal,1087,High,Yes,Sea,1.957,Cornstarch Wrap
P0217,Plastic,1112,High,Yes,Land,2.335,Recycled Cardboard
P0218,Bioplastic,908,Low,Yes,Air,0.636,Paper Wrap
P0219,Glass,1206,Medium,No,Sea,1.809,Bio Bubble Wrap
P0220,Plastic,1259,Low,Yes,Land,2.644,Recycled Cardboard
P0221,Metal,138,Medium,No,Air,0.248,Bio Bubble Wrap
P0222,Plastic,986,Low,Yes,Land,2.071,Recycled Cardboard
P0223,Glass,1227,Low,Yes,Land,1.841,Bio Bubble Wrap
P0224,Metal,519,High,No,Land,0.934,Recycled Cardboard
P0225,Ceramic,1814,Low,Yes,Land,2.177,Bio Bubble Wrap
P0226,Metal,1255,Medium,Yes,Air,2.259,Minimalist Pouch
P0227,Paper,658,Medium,Yes,Land,0.592,Paper Wrap
P0228,Plastic,158,Medium,Yes,Air,0.332,Recycled Cardboard
P0229,Paper,1021,Low,No,Air,0.919,Paper Wrap
P0230,Bioplastic,1306,Medium,Yes,Air,0.914,Paper Wrap
P0231,Bioplastic,1565,Medium,Yes,Air,1.095,Paper Wrap
P0232,Bioplastic,1234,Medium,Yes,Air,0.864,Paper Wrap
P0233,Plastic,1012,Medium,Yes,Sea,2.125,Recycled Cardboard
P0234,Metal,426,Medium,No,Sea,0.767,Mushroom Foam
P0235,Bioplastic,477,Low,Yes,Land,0.334,Paper Wrap
P0236,Paper,540,High,No,Air,0.486,Paper Wrap
P0237,Plastic,772,Medium,Yes,Land,1.621,Recycled Cardboard
P0238,Bioplastic,579,High,Yes,Sea,0.405,Paper Wrap
P0239,Metal,255,Low,Yes,Sea,0.459,Minimalist Pouch
P0240,Metal,696,High,Yes,Land,1.253,Bio Bubble Wrap
P0241,Plastic,338,Low,Yes,Air,0.71,Recycled Cardboard
P0242,Glass,162,Low,Yes,Air,0.243,Bio Bubble Wrap
P0243,Glass,1256,Medium,No,Land,1.884,Bio Bubble Wrap
P0244,Bioplastic,251,Low,Yes,Air,0.176,Paper Wrap
P0245,Paper,586,High,Yes,Sea,0.527,Paper Wrap
P0246,Paper,1655,High,Yes,Sea,1.49,Paper Wrap
P0247,Metal,1734,Medium,Yes,Air,3.121,Recycled Cardboard
P0248,Paper,903,Medium,Yes,Sea,0.813,Paper Wrap
P0249,Bioplastic,1177,High,Yes,Sea,0.824,Paper Wrap
P0250,Glass,404,Low,Yes,Land,0.606,Bio Bubble Wrap
P0251,Bioplastic,468,Low,Yes,Sea,0.328,Paper Wrap
P0252,Bioplastic,257,Low,Yes,Air,0.18,Paper Wrap
P0253,Paper,1589,Medium,No,Land,1.43,Paper Wrap
P0254,Paper,1951,High,Yes,Land,1.756,Paper Wrap
P0255,Ceramic,502,Medium,No,Sea,0.602,Bio Bubble Wrap
P0256,Bioplastic,1810,High,Yes,Land,1.267,Paper Wrap
P0257,Bioplastic,1832,Low,Yes,Air,1.282,Paper Wrap
P0258,Metal,333,Low,Yes,Land,0.599,Bio Bubble Wrap
P0259,Paper,1454,Low,No,Sea,1.309,Paper Wrap
P0260,Bioplastic,800,Low,No,Air,0.56,Paper Wrap
P0261,Metal,359,Low,Yes,Sea,0.646,Mushroom Foam
P0262,Plastic,1921,Low,Yes,Air,4.034,Recycled Cardboard
P0263,Glass,1441,Medium,No,Sea,2.162,Bio Bubble Wrap
P0264,Ceramic,1491,Low,Yes,Sea,1.789,Bio Bubble Wrap
P0265,Glass,1875,High,Yes,Land,2.812,Bio Bubble Wrap
P0266,Plastic,180,Low,Yes,Land,0.378,Recycled Cardboard
P0267,Plastic,1105,Low,Yes,Land,2.321,Recycled Cardboard
P0268,Paper,445,Low,Yes,Sea,0.401,Paper Wrap
P0269,Glass,1555,Low,Yes,Land,2.333,Bio Bubble Wrap
P0270,Glass,294,Medium,Yes,Sea,0.441,Bio Bubble Wrap
P0271,Bioplastic,1752,Medium,No,Land,1.226,Paper Wrap
P0272,Paper,1279,Medium,Yes,Air,1.151,Paper Wrap
P0273,Ceramic,290,High,Yes,Land,0.348,Bio Bubble Wrap
P0274,Glass,684,Low,Yes,Sea,1.026,Bio Bubble Wrap
P0275,Bioplastic,578,Low,Yes,Sea,0.405,Paper Wrap
P0276,Ceramic,977,High,No,Land,1.172,Bio Bubble Wrap
P0277,Plastic,170,Low,No,Land,0.357,Recycled Cardboard
P0278,Metal,624,Medium,Yes,Land,1.123,Recycled Cardboard
P0279,Plastic,280,Low,No,Air,0.588,Recycled Cardboard
P0280,Bioplastic,858,Medium,Yes,Air,0.601,Paper Wrap
P0281,Paper,1327,Low,No,Air,1.194,Paper Wrap
P0282,Metal,419,Medium,Yes,Sea,0.754,Cornstarch Wrap
P0283,Ceramic,1901,Medium,No,Land,2.281,Bio Bubble Wrap
P0284,Ceramic,1038,Medium,Yes,Sea,1.246,Bio Bubble Wrap
P0285,Glass,1413,Medium,Yes,Air,2.119,Bio Bubble Wrap
P0286,Paper,154,Medium,No,Land,0.139,Paper Wrap
P0287,Plastic,645,High,Yes,Sea,1.355,Recycled Cardboard
P0288,Paper,666,Medium,Yes,Sea,0.599,Paper Wrap
P0289,Ceramic,1148,Low,Yes,Sea,1.378,Bio Bubble Wrap
P0290,Glass,813,Medium,Yes,Air,1.22,Bio Bubble Wrap
P0291,Bioplastic,208,Low,Yes,Land,0.146,Paper Wrap
P0292,Glass,1403,Medium,Yes,Sea,2.104,Bio Bubble Wrap
P0293,Plastic,1730,High,Yes,Sea,3.633,Recycled Cardboard
P0294,Ceramic,1224,Medium,Yes,Land,1.469,Bio Bubble Wrap
P0295,Bioplastic,1625,Medium,Yes,Land,1.137,Paper Wrap
P0296,Bioplastic,1409,Low,Yes,Land,0.986,Paper Wrap
P0297,Plastic,1149,Medium,No,Air,2.413,Recycled Cardboard
P0298,Ceramic,1120,Low,No,Sea,1.344,Bio Bubble Wrap
P0299,Glass,239,High,Yes,Sea,0.358,Bio Bubble Wrap
P0300,Ceramic,1503,Low,Yes,Air,1.804,Bio Bubble Wrap
P0301,Metal,312,Medium,Yes,Air,0.562,Recycled Cardboard
P0302,Glass,217,Low,Yes,Air,0.326,Bio Bubble Wrap
P0303,Plastic,923,Medium,Yes,Sea,1.938,Recycled Cardboard
P0304,Plastic,1973,Low,No,Air,4.143,Recycled Cardboard
P0305,Metal,274,Low,Yes,Land,0.493,Mushroom Foam
P0306,Glass,292,High,Yes,Land,0.438,Bio Bubble Wrap
P0307,Ceramic,473,Medium,Yes,Air,0.568,Bio Bubble Wrap
P0308,Bioplastic,1278,High,Yes,Air,0.895,Paper Wrap
P0309,Ceramic,1801,High,No,Air,2.161,Bio Bubble Wrap
P0310,Ceramic,1138,Low,No,Land,1.366,Bio Bubble Wrap
P0311,Glass,1811,Medium,Yes,Air,2.716,Bio Bubble Wrap
P0312,Metal,1282,Medium,Yes,Sea,2.308,Minimalist Pouch
P0313,Metal,1256,Medium,Yes,Land,2.261,Mushroom Foam
P0314,Plastic,830,Low,No,Air,1.743,Recycled Cardboard
P0315,Ceramic,1087,Medium,Yes,Sea,1.304,Bio Bubble Wrap
P0316,Plastic,1056,Low,Yes,Land,2.218,Recycled Cardboard
P0317,Ceramic,997,Medium,Yes,Land,1.196,Bio Bubble Wrap
P0318,Glass,1983,High,Yes,Sea,2.974,Bio Bubble Wrap
P0319,Plastic,1538,Medium,Yes,Air,3.23,Recycled Cardboard
P0320,Bioplastic,1791,Medium,Yes,Sea,1.254,Paper Wrap
P0321,Bioplastic,516,Low,Yes,Sea,0.361,Paper Wrap
P0322,Ceramic,327,Medium,Yes,Air,0.392,Bio Bubble Wrap
P0323,Metal,386,Medium,Yes,Land,0.695,Cornstarch Wrap
P0324,Metal,1546,Low,Yes,Land,2.783,Paper Wrap
P0325,Plastic,1611,Low,Yes,Sea,3.383,Recycled Cardboard
P0326,Glass,723,High,Yes,Land,1.085,Bio Bubble Wrap
P0327,Ceramic,184,Medium,No,Air,0.221,Bio Bubble Wrap
P0328,Metal,1140,High,No,Land,2.052,Recycled Cardboard
P0329,Bioplastic,171,High,Yes,Sea,0.12,Paper Wrap
P0330,Ceramic,902,High,Yes,Air,1.082,Bio Bubble Wrap
P0331,Bioplastic,879,Low,Yes,Sea,0.615,Paper Wrap
P0332,Bioplastic,1229,Low,Yes,Land,0.86,Paper Wrap
P0333,Glass,554,Medium,Yes,Air,0.831,Bio Bubble Wrap
P0334,Glass,538,High,Yes,Sea,0.807,Bio Bubble Wrap
P0335,Glass,1112,Medium,Yes,Sea,1.668,Bio Bubble Wrap
P0336,Bioplastic,351,Low,Yes,Sea,0.246,Paper Wrap
P0337,Bioplastic,1685,Medium,Yes,Air,1.179,Paper Wrap
P0338,Paper,689,Medium,Yes,Air,0.62,Paper Wrap
P0339,Metal,413,Low,Yes,Air,0.743,Minimalist Pouch
P0340,Ceramic,819,Medium,Yes,Land,0.983,Bio Bubble Wrap
P0341,Glass,1993,Medium,Yes,Land,2.99,Bio Bubble Wrap
P0342,Glass,1660,Medium,Yes,Sea,2.49,Bio Bubble Wrap
P0343,Bioplastic,1377,Medium,Yes,Sea,0.964,Paper Wrap
P0344,Metal,1503,Low,Yes,Air,2.705,Minimalist Pouch
P0345,Metal,1442,Medium,Yes,Land,2.596,Recycled Cardboard
P0346,Paper,1378,Low,No,Air,1.24,Paper Wrap
P0347,Bioplastic,1814,Low,Yes,Sea,1.27,Paper Wrap
P0348,Metal,684,Low,Yes,Air,1.231,Bio Bubble Wrap
P0349,Bioplastic,1159,Medium,Yes,Sea,0.811,Paper Wrap
P0350,Ceramic,537,High,Yes,Sea,0.644,Bio Bubble Wrap
P0351,Paper,1307,Low,Yes,Air,1.176,Paper Wrap
P0352,Metal,1177,High,Yes,Sea,2.119,Paper Wrap
P0353,Glass,1369,Medium,Yes,Air,2.054,Bio Bubble Wrap
P0354,Ceramic,1455,Medium,Yes,Sea,1.746,Bio Bubble Wrap
P0355,Paper,1117,Low,Yes,Air,1.005,Paper Wrap
P0356,Bioplastic,1308,High,No,Land,0.916,Paper Wrap
P0357,Paper,1191,High,Yes,Air,1.072,Paper Wrap
P0358,Glass,502,Low,Yes,Land,0.753,Bio Bubble Wrap
P0359,Paper,1336,Medium,Yes,Land,1.202,Paper Wrap
P0360,Glass,591,High,No,Sea,0.886,Bio Bubble Wrap
P0361,Plastic,1437,Medium,Yes,Land,3.018,Recycled Cardboard
P0362,Plastic,603,Medium,No,Sea,1.266,Recycled Cardboard
P0363,Paper,1069,Low,Yes,Land,0.962,Paper Wrap
P0364,Glass,1365,High,Yes,Air,2.047,Bio Bubble Wrap
P0365,Paper,487,Low,Yes,Land,0.438,Paper Wrap
P0366,Bioplastic,700,Low,Yes,Land,0.49,Paper Wrap
P0367,Plastic,378,Medium,Yes,Sea,0.794,Recycled Cardboard
P0368,Ceramic,711,Medium,Yes,Sea,0.853,Bio Bubble Wrap
P0369,Metal,952,Medium,No,Air,1.714,Recycled Cardboard
P0370,Paper,646,Low,Yes,Sea,0.581,Paper Wrap
P0371,Ceramic,413,Low,No,Air,0.496,Bio Bubble Wrap
P0372,Plastic,1946,High,Yes,Land,4.087,Recycled Cardboard
P0373,Paper,1810,Low,Yes,Air,1.629,Paper Wrap
P0374,Bioplastic,1940,High,No,Land,1.358,Paper Wrap
P0375,Ceramic,932,Low,No,Land,1.118,Bio Bubble Wrap
P0376,Plastic,1790,Low,Yes,Sea,3.759,Recycled Cardboard
P0377,Glass,1081,Low,Yes,Sea,1.621,Bio Bubble Wrap
P0378,Ceramic,1253,Medium,No,Sea,1.504,Bio Bubble Wrap
P0379,Ceramic,1690,Medium,Yes,Sea,2.028,Bio Bubble Wrap
P0380,Ceramic,1389,High,Yes,Sea,1.667,Bio Bubble Wrap
P0381,Paper,866,Low,No,Sea,0.779,Paper Wrap
P0382,Ceramic,1629,High,No,Air,1.955,Bio Bubble Wrap
P0383,Bioplastic,580,Low,No,Air,0.406,Paper Wrap
P0384,Plastic,1658,Low,Yes,Air,3.482,Recycled Cardboard
P0385,Paper,878,Low,Yes,Sea,0.79,Paper Wrap
P0386,Glass,1651,Medium,Yes,Land,2.477,Bio Bubble Wrap
P0387,Plastic,651,Medium,Yes,Air,1.367,Recycled Cardboard
P0388,Ceramic,692,Medium,No,Land,0.83,Bio Bubble Wrap
P0389,Bioplastic,527,High,Yes,Air,0.369,Paper Wrap
P0390,Paper,1083,Low,Yes,Air,0.975,Paper Wrap
P0391,Paper,161,High,Yes,Air,0.145,Paper Wrap
P0392,Bioplastic,1516,Low,Yes,Air,1.061,Paper Wrap
P0393,Paper,910,Low,Yes,Land,0.819,Paper Wrap
P0394,Metal,963,High,No,Sea,1.733,Mushroom Foam
P0395,Paper,362,Medium,No,Land,0.326,Paper Wrap
P0396,Glass,1254,Low,Yes,Sea,1.881,Bio Bubble Wrap
P0397,Metal,1565,Low,No,Sea,2.817,Paper Wrap
P0398,Metal,1036,Low,No,Air,1.865,Minimalist Pouch
P0399,Plastic,1317,Low,Yes,Land,2.766,Recycled Cardboard
P0400,Bioplastic,673,Low,No,Sea,0.471,Paper Wrap
P0401,Metal,889,Low,Yes,Sea,1.6,Cornstarch Wrap
P0402,Ceramic,1392,Low,Yes,Sea,1.67,Bio Bubble Wrap
P0403,Paper,778,Low,Yes,Sea,0.7,Paper Wrap
P0404,Plastic,1110,Low,Yes,Sea,2.331,Recycled Cardboard
P0405,Metal,981,Low,Yes,Land,1.766,Bio Bubble Wrap
P0406,Glass,1144,Medium,Yes,Sea,1.716,Bio Bubble Wrap
P0407,Metal,1030,Low,No,Sea,1.854,Paper Wrap
P0408,Bioplastic,1784,High,Yes,Sea,1.249,Paper Wrap
P0409,Glass,1567,High,Yes,Land,2.35,Bio Bubble Wrap
P0410,Plastic,1486,Medium,No,Land,3.121,Recycled Cardboard
P0411,Ceramic,1429,Low,Yes,Land,1.715,Bio Bubble Wrap
P0412,Plastic,561,Low,Yes,Land,1.178,Recycled Cardboard
P0413,Bioplastic,1141,Low,No,Air,0.799,Paper Wrap
P0414,Paper,793,Low,No,Sea,0.714,Paper Wrap
P0415,Metal,1817,Medium,Yes,Sea,3.271,Cornstarch Wrap
P0416,Bioplastic,1982,Medium,Yes,Sea,1.387,Paper Wrap
P0417,Bioplastic,760,High,Yes,Land,0.532,Paper Wrap
P0418,Plastic,1369,Medium,No,Sea,2.875,Recycled Cardboard
P0419,Paper,1754,Medium,Yes,Sea,1.579,Paper Wrap
P0420,Glass,1414,Low,Yes,Sea,2.121,Bio Bubble Wrap
P0421,Glass,172,Medium,Yes,Air,0.258,Bio Bubble Wrap
P0422,Metal,1974,Medium,Yes,Land,3.553,Recycled Cardboard
P0423,Metal,913,High,No,Air,1.643,Cornstarch Wrap
P0424,Paper,279,Low,Yes,Land,0.251,Paper Wrap
P0425,Ceramic,1858,Medium,Yes,Sea,2.23,Bio Bubble Wrap
P0426,Paper,1252,Low,Yes,Land,1.127,Paper Wrap
P0427,Glass,1654,Low,No,Sea,2.481,Bio Bubble Wrap
P0428,Glass,1395,Low,Yes,Sea,2.092,Bio Bubble Wrap
P0429,Bioplastic,1589,Medium,Yes,Air,1.112,Paper Wrap
P0430,Ceramic,1502,Medium,No,Land,1.802,Bio Bubble Wrap
P0431,Glass,1629,Low,Yes,Sea,2.443,Bio Bubble Wrap
P0432,Paper,1017,Low,No,Land,0.915,Paper Wrap
P0433,Glass,690,High,Yes,Air,1.035,Bio Bubble Wrap
P0434,Glass,794,Low,Yes,Sea,1.191,Bio Bubble Wrap
P0435,Metal,356,High,No,Sea,0.641,Mushroom Foam
P0436,Bioplastic,1283,Low,Yes,Land,0.898,Paper Wrap
P0437,Bioplastic,698,Medium,Yes,Air,0.489,Paper Wrap
P0438,Glass,765,Low,Yes,Sea,1.147,Bio Bubble Wrap
P0439,Metal,953,Low,Yes,Sea,1.715,Recycled Cardboard
P0440,Bioplastic,1756,Medium,Yes,Land,1.229,Paper Wrap
P0441,Metal,1516,High,Yes,Sea,2.729,Paper Wrap
P0442,Metal,1698,Medium,No,Air,3.056,Bio Bubble Wrap
P0443,Metal,1589,Medium,Yes,Land,2.86,Bio Bubble Wrap
P0444,Ceramic,864,Medium,Yes,Land,1.037,Bio Bubble Wrap
P0445,Metal,1868,Medium,Yes,Land,3.362,Mushroom Foam
P0446,Paper,1960,Medium,No,Sea,1.764,Paper Wrap
P0447,Ceramic,1780,Low,Yes,Sea,2.136,Bio Bubble Wrap
P0448,Plastic,1077,Low,Yes,Land,2.262,Recycled Cardboard
P0449,Metal,497,Low,Yes,Sea,0.895,Bio Bubble Wrap
P0450,Ceramic,1284,Medium,Yes,Air,1.541,Bio Bubble Wrap
P0451,Metal,1738,Low,Yes,Sea,3.128,Cornstarch Wrap
P0452,Bioplastic,290,Medium,Yes,Air,0.203,Paper Wrap
P0453,Bioplastic,1389,High,Yes,Air,0.972,Paper Wrap
P0454,Glass,963,Low,Yes,Land,1.444,Bio Bubble Wrap
P0455,Ceramic,1166,Low,Yes,Land,1.399,Bio Bubble Wrap
P0456,Glass,1619,Low,Yes,Sea,2.429,Bio Bubble Wrap
P0457,Paper,939,Low,Yes,Air,0.845,Paper Wrap
P0458,Paper,135,Low,Yes,Sea,0.121,Paper Wrap
P0459,Metal,1878,Low,No,Land,3.38,Minimalist Pouch
P0460,Bioplastic,394,Low,Yes,Air,0.276,Paper Wrap
P0461,Paper,1385,Low,Yes,Land,1.246,Paper Wrap
P0462,Glass,379,Low,Yes,Air,0.569,Bio Bubble Wrap
P0463,Paper,1036,Low,Yes,Land,0.932,Paper Wrap
P0464,Bioplastic,424,High,Yes,Sea,0.297,Paper Wrap
P0465,Plastic,1261,Low,Yes,Air,2.648,Recycled Cardboard
P0466,Ceramic,1870,Medium,Yes,Air,2.244,Bio Bubble Wrap
P0467,Paper,100,Medium,Yes,Air,0.09,Paper Wrap
P0468,Glass,1996,High,Yes,Land,2.994,Bio Bubble Wrap
P0469,Plastic,1975,Medium,Yes,Sea,4.147,Recycled Cardboard
P0470,Glass,1396,Medium,Yes,Air,2.094,Bio Bubble Wrap
P0471,Ceramic,1057,Low,Yes,Land,1.268,Bio Bubble Wrap
P0472,Paper,503,Medium,No,Air,0.453,Paper Wrap
P0473,Metal,1353,Low,Yes,Air,2.435,Minimalist Pouch
P0474,Paper,1648,Low,Yes,Sea,1.483,Paper Wrap
P0475,Paper,956,Low,Yes,Air,0.86,Paper Wrap
P0476,Plastic,1333,Low,No,Sea,2.799,Recycled Cardboard
P0477,Metal,450,Low,Yes,Air,0.81,Bio Bubble Wrap
P0478,Ceramic,518,Low,No,Land,0.622,Bio Bubble Wrap
P0479,Plastic,1799,Low,No,Air,3.778,Recycled Cardboard
P0480,Plastic,1962,High,Yes,Sea,4.12,Recycled Cardboard
P0481,Plastic,1543,High,Yes,Air,3.24,Recycled Cardboard
P0482,Bioplastic,117,Medium,Yes,Land,0.082,Paper Wrap
P0483,Plastic,657,Low,Yes,Land,1.38,Recycled Cardboard
P0484,Ceramic,1035,Low,Yes,Land,1.242,Bio Bubble Wrap
P0485,Plastic,583,High,Yes,Land,1.224,Recycled Cardboard
P0486,Paper,1480,Low,Yes,Sea,1.332,Paper Wrap
P0487,Ceramic,435,Low,No,Air,0.522,Bio Bubble Wrap
P0488,Ceramic,1289,Medium,Yes,Land,1.547,Bio Bubble Wrap
P0489,Plastic,331,High,Yes,Sea,0.695,Recycled Cardboard
P0490,Paper,138,High,No,Sea,0.124,Paper Wrap
P0491,Plastic,1993,Medium,Yes,Land,4.185,Recycled Cardboard
P0492,Paper,892,Low,Yes,Air,0.803,Paper Wrap
P0493,Metal,1637,Medium,No,Sea,2.947,Bio Bubble Wrap
P0494,Glass,524,Low,Yes,Sea,0.786,Bio Bubble Wrap
P0495,Glass,1166,Low,No,Sea,1.749,Bio Bubble Wrap
P0496,Bioplastic,473,Medium,Yes,Land,0.331,Paper Wrap
P0497,Plastic,1022,Medium,Yes,Air,2.146,Recycled Cardboard
P0498,Glass,1561,Medium,Yes,Land,2.341,Bio Bubble Wrap
P0499,Paper,1887,High,Yes,Sea,1.698,Paper Wrap
P0500,Glass,763,Low,No,Air,1.145,Bio Bubble Wrap
P0501,Paper,580,High,Yes,Air,0.522,Paper Wrap
P0502,Paper,942,Medium,Yes,Air,0.848,Paper Wrap
P0503,Ceramic,1329,Low,Yes,Land,1.595,Bio Bubble Wrap
P0504,Metal,1792,Low,No,Land,3.226,Bio Bubble Wrap
P0505,Plastic,1265,Medium,Yes,Sea,2.656,Recycled Cardboard
P0506,Bioplastic,394,Low,Yes,Land,0.276,Paper Wrap
P0507,Bioplastic,877,Medium,No,Sea,0.614,Paper Wrap
P0508,Bioplastic,1303,High,Yes,Air,0.912,Paper Wrap
P0509,Paper,994,High,No,Land,0.895,Paper Wrap
P0510,Paper,1003,Low,No,Sea,0.903,Paper Wrap
P0511,Ceramic,1464,Medium,No,Air,1.757,Bio Bubble Wrap
P0512,Bioplastic,1031,Medium,No,Air,0.722,Paper Wrap
P0513,Metal,1800,Medium,No,Land,3.24,Cornstarch Wrap
P0514,Metal,1537,Medium,Yes,Sea,2.767,Paper Wrap
P0515,Metal,495,High,Yes,Air,0.891,Recycled Cardboard
P0516,Paper,1038,Medium,Yes,Sea,0.934,Paper Wrap
P0517,Ceramic,535,Medium,Yes,Land,0.642,Bio Bubble Wrap
P0518,Glass,552,Low,Yes,Air,0.828,Bio Bubble Wrap
P0519,Bioplastic,605,High,Yes,Sea,0.423,Paper Wrap
P0520,Bioplastic,268,Medium,Yes,Air,0.188,Paper Wrap
P0521,Glass,382,High,Yes,Land,0.573,Bio Bubble Wrap
P0522,Glass,594,Low,Yes,Air,0.891,Bio Bubble Wrap
P0523,Glass,1748,High,Yes,Air,2.622,Bio Bubble Wrap
P0524,Ceramic,761,High,Yes,Land,0.913,Bio Bubble Wrap
P0525,Plastic,1992,Medium,No,Air,4.183,Recycled Cardboard
P0526,Metal,1550,High,Yes,Air,2.79,Bio Bubble Wrap
P0527,Ceramic,590,Medium,Yes,Air,0.708,Bio Bubble Wrap
P0528,Paper,1560,High,Yes,Air,1.404,Paper Wrap
P0529,Glass,1290,Medium,Yes,Air,1.935,Bio Bubble Wrap
P0530,Glass,528,Low,Yes,Land,0.792,Bio Bubble Wrap
P0531,Plastic,1628,Low,Yes,Sea,3.419,Recycled Cardboard
P0532,Metal,792,Medium,Yes,Sea,1.426,Minimalist Pouch
P0533,Ceramic,390,Low,No,Sea,0.468,Bio Bubble Wrap
P0534,Bioplastic,1603,Medium,Yes,Air,1.122,Paper Wrap
P0535,Ceramic,1866,Medium,Yes,Air,2.239,Bio Bubble Wrap
P0536,Bioplastic,1858,Low,Yes,Air,1.301,Paper Wrap
P0537,Paper,1071,Low,Yes,Land,0.964,Paper Wrap
P0538,Paper,899,Medium,Yes,Air,0.809,Paper Wrap
P0539,Plastic,701,Medium,No,Sea,1.472,Recycled Cardboard
P0540,Metal,362,Medium,Yes,Air,0.652,Recycled Cardboard
P0541,Paper,267,Medium,Yes,Sea,0.24,Paper Wrap
P0542,Paper,754,Low,Yes,Sea,0.679,Paper Wrap
P0543,Glass,1826,Low,Yes,Land,2.739,Bio Bubble Wrap
P0544,Ceramic,1635,Medium,Yes,Sea,1.962,Bio Bubble Wrap
P0545,Paper,1759,Medium,Yes,Air,1.583,Paper Wrap
P0546,Metal,1464,Medium,Yes,Sea,2.635,Recycled Cardboard
P0547,Ceramic,137,Medium,No,Sea,0.164,Bio Bubble Wrap
P0548,Bioplastic,714,Low,Yes,Sea,0.5,Paper Wrap
P0549,Glass,590,Medium,Yes,Land,0.885,Bio Bubble Wrap
P0550,Ceramic,615,Low,No,Sea,0.738,Bio Bubble Wrap
P0551,Ceramic,1475,Medium,No,Sea,1.77,Bio Bubble Wrap
P0552,Metal,925,Low,No,Land,1.665,Recycled Cardboard
P0553,Metal,594,Medium,Yes,Air,1.069,Minimalist Pouch
P0554,Glass,849,Medium,Yes,Sea,1.274,Bio Bubble Wrap
P0555,Plastic,1985,Low,No,Land,4.168,Recycled Cardboard
P0556,Paper,489,Medium,No,Land,0.44,Paper Wrap
P0557,Glass,932,High,Yes,Air,1.398,Bio Bubble Wrap
P0558,Plastic,598,High,Yes,Air,1.256,Recycled Cardboard
P0559,Paper,1443,Low,Yes,Air,1.299,Paper Wrap
P0560,Ceramic,618,Low,No,Land,0.742,Bio Bubble Wrap
P0561,Bioplastic,1158,High,No,Sea,0.811,Paper Wrap
P0562,Metal,1843,Low,Yes,Sea,3.317,Paper Wrap
P0563,Ceramic,1474,High,Yes,Land,1.769,Bio Bubble Wrap
P0564,Glass,1454,High,No,Land,2.181,Bio Bubble Wrap
P0565,Metal,508,Medium,Yes,Sea,0.914,Recycled Cardboard
P0566,Glass,1818,Low,Yes,Air,2.727,Bio Bubble Wrap
P0567,Ceramic,1718,Medium,Yes,Air,2.062,Bio Bubble Wrap
P0568,Plastic,822,High,Yes,Land,1.726,Recycled Cardboard
P0569,Ceramic,1101,Low,Yes,Air,1.321,Bio Bubble Wrap
P0570,Plastic,487,Low,Yes,Sea,1.023,Recycled Cardboard
P0571,Plastic,237,Medium,Yes,Air,0.498,Recycled Cardboard
P0572,Glass,1894,High,No,Sea,2.841,Bio Bubble Wrap
P0573,Paper,1835,High,Yes,Land,1.651,Paper Wrap
P0574,Glass,450,High,No,Land,0.675,Bio Bubble Wrap
P0575,Glass,1412,Medium,Yes,Air,2.118,Bio Bubble Wrap
P0576,Bioplastic,1201,Low,Yes,Land,0.841,Paper Wrap
P0577,Plastic,435,Low,No,Sea,0.913,Recycled Cardboard
P0578,Metal,1998,Low,Yes,Sea,3.596,Minimalist Pouch
P0579,Ceramic,616,Low,Yes,Air,0.739,Bio Bubble Wrap
P0580,Glass,1674,Low,Yes,Land,2.511,Bio Bubble Wrap
P0581,Ceramic,725,High,Yes,Sea,0.87,Bio Bubble Wrap
P0582,Paper,1036,High,Yes,Air,0.932,Paper Wrap
P0583,Glass,186,Medium,Yes,Air,0.279,Bio Bubble Wrap
P0584,Paper,1074,Medium,No,Sea,0.967,Paper Wrap
P0585,Plastic,612,Medium,Yes,Land,1.285,Recycled Cardboard
P0586,Glass,1111,Medium,Yes,Sea,1.667,Bio Bubble Wrap
P0587,Bioplastic,1581,Low,Yes,Air,1.107,Paper Wrap
P0588,Glass,130,Low,No,Sea,0.195,Bio Bubble Wrap
P0589,Paper,396,Low,Yes,Land,0.356,Paper Wrap
P0590,Metal,260,Medium,Yes,Sea,0.468,Bio Bubble Wrap
P0591,Metal,847,Low,No,Sea,1.525,Paper Wrap
P0592,Paper,1518,High,Yes,Sea,1.366,Paper Wrap
P0593,Ceramic,218,Low,Yes,Land,0.262,Bio Bubble Wrap
P0594,Paper,1605,High,Yes,Sea,1.444,Paper Wrap
P0595,Paper,783,High,Yes,Sea,0.705,Paper Wrap
P0596,Ceramic,1700,Low,Yes,Land,2.04,Bio Bubble Wrap
P0597,Plastic,884,Medium,Yes,Sea,1.856,Recycled Cardboard
P0598,Metal,1620,Medium,Yes,Air,2.916,Cornstarch Wrap
P0599,Metal,965,Low,No,Air,1.737,Mushroom Foam
P0600,Ceramic,1803,Low,Yes,Sea,2.164,Bio Bubble Wrap
P0601,Plastic,1227,Medium,Yes,Air,2.577,Recycled Cardboard
P0602,Metal,1885,High,Yes,Sea,3.393,Recycled Cardboard
P0603,Paper,1150,Low,Yes,Land,1.035,Paper Wrap
P0604,Glass,700,High,Yes,Land,1.05,Bio Bubble Wrap
P0605,Bioplastic,1717,Low,Yes,Land,1.202,Paper Wrap
P0606,Ceramic,1980,High,Yes,Air,2.376,Bio Bubble Wrap
P0607,Bioplastic,1263,Medium,No,Sea,0.884,Paper Wrap
P0608,Ceramic,1488,Medium,No,Sea,1.786,Bio Bubble Wrap
P0609,Paper,324,Medium,No,Air,0.292,Paper Wrap
P0610,Glass,580,Medium,Yes,Sea,0.87,Bio Bubble Wrap
P0611,Glass,1528,Low,Yes,Land,2.292,Bio Bubble Wrap
P0612,Plastic,1370,Low,Yes,Land,2.877,Recycled Cardboard
P0613,Bioplastic,1871,Low,No,Land,1.31,Paper Wrap
P0614,Bioplastic,238,Medium,Yes,Land,0.167,Paper Wrap
P0615,Metal,1483,High,Yes,Sea,2.669,Bio Bubble Wrap
P0616,Ceramic,1008,Low,No,Air,1.21,Bio Bubble Wrap
P0617,Metal,887,Medium,No,Air,1.597,Bio Bubble Wrap
P0618,Paper,1111,High,No,Air,1.0,Paper Wrap
P0619,Paper,1964,Medium,Yes,Land,1.768,Paper Wrap
P0620,Metal,1243,Low,Yes,Sea,2.237,Cornstarch Wrap
P0621,Metal,1020,Medium,Yes,Sea,1.836,Minimalist Pouch
P0622,Bioplastic,1066,High,Yes,Land,0.746,Paper Wrap
P0623,Ceramic,1171,Medium,Yes,Air,1.405,Bio Bubble Wrap
P0624,Ceramic,1815,Low,Yes,Sea,2.178,Bio Bubble Wrap
P0625,Bioplastic,1451,Low,Yes,Land,1.016,Paper Wrap
P0626,Glass,592,Low,Yes,Air,0.888,Bio Bubble Wrap
P0627,Paper,538,Medium,Yes,Sea,0.484,Paper Wrap
P0628,Metal,1196,Low,Yes,Air,2.153,Bio Bubble Wrap
P0629,Paper,392,Medium,Yes,Air,0.353,Paper Wrap
P0630,Glass,174,Low,No,Air,0.261,Bio Bubble Wrap
P0631,Glass,503,Low,Yes,Air,0.754,Bio Bubble Wrap
P0632,Paper,1789,Low,Yes,Land,1.61,Paper Wrap
P0633,Metal,1540,Low,Yes,Air,2.772,Minimalist Pouch
P0634,Paper,1050,Low,No,Land,0.945,Paper Wrap
P0635,Ceramic,811,Low,Yes,Land,0.973,Bio Bubble Wrap
P0636,Plastic,994,High,Yes,Land,2.087,Recycled Cardboard
P0637,Paper,1780,Medium,Yes,Sea,1.602,Paper Wrap
P0638,Plastic,1710,Medium,Yes,Air,3.591,Recycled Cardboard
P0639,Glass,1437,Medium,Yes,Sea,2.155,Bio Bubble Wrap
P0640,Paper,1018,Low,No,Sea,0.916,Paper Wrap
P0641,Glass,1878,Low,Yes,Land,2.817,Bio Bubble Wrap
P0642,Metal,698,High,Yes,Air,1.256,Bio Bubble Wrap
P0643,Bioplastic,181,Low,Yes,Air,0.127,Paper Wrap
P0644,Plastic,298,Medium,Yes,Sea,0.626,Recycled Cardboard
P0645,Ceramic,1250,Low,Yes,Sea,1.5,Bio Bubble Wrap
P0646,Paper,222,Medium,Yes,Sea,0.2,Paper Wrap
P0647,Ceramic,1064,Low,Yes,Sea,1.277,Bio Bubble Wrap
P0648,Ceramic,116,Low,Yes,Sea,0.139,Bio Bubble Wrap
P0649,Plastic,916,Medium,Yes,Air,1.924,Recycled Cardboard
P0650,Bioplastic,1670,Medium,Yes,Sea,1.169,Paper Wrap
P0651,Plastic,813,Low,Yes,Sea,1.707,Recycled Cardboard
P0652,Bioplastic,178,Medium,Yes,Sea,0.125,Paper Wrap
P0653,Glass,753,Low,Yes,Air,1.129,Bio Bubble Wrap
P0654,Paper,1473,Medium,Yes,Air,1.326,Paper Wrap
P0655,Plastic,1023,Low,Yes,Air,2.148,Recycled Cardboard
P0656,Ceramic,1063,Low,Yes,Air,1.276,Bio Bubble Wrap
P0657,Paper,387,High,Yes,Air,0.348,Paper Wrap
P0658,Glass,1442,Medium,Yes,Sea,2.163,Bio Bubble Wrap
P0659,Metal,1811,Low,Yes,Land,3.26,Cornstarch Wrap
P0660,Glass,1458,Low,Yes,Sea,2.187,Bio Bubble Wrap
P0661,Bioplastic,1384,Low,No,Land,0.969,Paper Wrap
P0662,Ceramic,1609,Medium,Yes,Land,1.931,Bio Bubble Wrap
P0663,Bioplastic,440,Low,No,Land,0.308,Paper Wrap
P0664,Ceramic,932,High,Yes,Land,1.118,Bio Bubble Wrap
P0665,Ceramic,640,High,No,Sea,0.768,Bio Bubble Wrap
P0666,Paper,1668,Medium,Yes,Air,1.501,Paper Wrap
P0667,Bioplastic,635,High,No,Land,0.445,Paper Wrap
P0668,Paper,1351,Low,Yes,Land,1.216,Paper Wrap
P0669,Bioplastic,1652,Low,No,Sea,1.156,Paper Wrap
P0670,Plastic,823,Medium,No,Land,1.728,Recycled Cardboard
P0671,Plastic,877,Medium,Yes,Sea,1.842,Recycled Cardboard
P0672,Paper,949,Low,No,Air,0.854,Paper Wrap
P0673,Glass,999,Low,Yes,Air,1.498,Bio Bubble Wrap
P0674,Plastic,616,Low,Yes,Sea,1.294,Recycled Cardboard
P0675,Bioplastic,454,Medium,Yes,Air,0.318,Paper Wrap
P0676,Bioplastic,911,High,Yes,Land,0.638,Paper Wrap
P0677,Metal,1023,High,No,Air,1.841,Recycled Cardboard
P0678,Metal,1112,Low,No,Air,2.002,Recycled Cardboard
P0679,Glass,860,Low,Yes,Air,1.29,Bio Bubble Wrap
P0680,Metal,974,Medium,Yes,Sea,1.753,Paper Wrap
P0681,Glass,1670,High,Yes,Land,2.505,Bio Bubble Wrap
P0682,Bioplastic,1601,Low,No,Air,1.121,Paper Wrap
P0683,Bioplastic,1271,Medium,Yes,Air,0.89,Paper Wrap
P0684,Metal,1565,High,Yes,Sea,2.817,Bio Bubble Wrap
P0685,Metal,1293,Medium,Yes,Air,2.327,Paper Wrap
P0686,Metal,1038,Low,No,Land,1.868,Bio Bubble Wrap
P0687,Paper,1279,Low,Yes,Land,1.151,Paper Wrap
P0688,Paper,1609,Medium,Yes,Air,1.448,Paper Wrap
P0689,Glass,1932,Low,No,Land,2.898,Bio Bubble Wrap
P0690,Ceramic,131,Low,Yes,Land,0.157,Bio Bubble Wrap
P0691,Ceramic,1408,Low,Yes,Land,1.69,Bio Bubble Wrap
P0692,Glass,769,Medium,No,Sea,1.153,Bio Bubble Wrap
P0693,Paper,1955,Medium,Yes,Land,1.76,Paper Wrap
P0694,Ceramic,736,Medium,Yes,Air,0.883,Bio Bubble Wrap
P0695,Plastic,349,Medium,Yes,Sea,0.733,Recycled Cardboard
P0696,Paper,1700,Low,Yes,Sea,1.53,Paper Wrap
P0697,Ceramic,1984,Medium,Yes,Land,2.381,Bio Bubble Wrap
P0698,Plastic,539,Medium,Yes,Air,1.132,Recycled Cardboard
P0699,Ceramic,404,High,Yes,Land,0.485,Bio Bubble Wrap
P0700,Plastic,875,Low,Yes,Land,1.837,Recycled Cardboard
P0701,Ceramic,1638,Medium,Yes,Air,1.966,Bio Bubble Wrap
P0702,Glass,386,Medium,Yes,Air,0.579,Bio Bubble Wrap
P0703,Plastic,595,High,No,Air,1.25,Recycled Cardboard
P0704,Ceramic,931,Medium,Yes,Sea,1.117,Bio Bubble Wrap
P0705,Plastic,421,High,Yes,Sea,0.884,Recycled Cardboard
P0706,Plastic,1703,Medium,Yes,Land,3.576,Recycled Cardboard
P0707,Plastic,406,Medium,Yes,Land,0.853,Recycled Cardboard
P0708,Plastic,1103,Low,Yes,Air,2.316,Recycled Cardboard
P0709,Paper,1418,High,Yes,Land,1.276,Paper Wrap
P0710,Plastic,204,Low,Yes,Sea,0.428,Recycled Cardboard
P0711,Plastic,443,Medium,Yes,Sea,0.93,Recycled Cardboard
P0712,Metal,743,High,No,Land,1.337,Paper Wrap
P0713,Bioplastic,1607,Low,Yes,Air,1.125,Paper Wrap
P0714,Plastic,1272,Low,Yes,Air,2.671,Recycled Cardboard
P0715,Ceramic,166,High,No,Land,0.199,Bio Bubble Wrap
P0716,Bioplastic,615,Low,Yes,Sea,0.43,Paper Wrap
P0717,Plastic,267,Low,Yes,Sea,0.561,Recycled Cardboard
P0718,Glass,869,Low,No,Air,1.304,Bio Bubble Wrap
P0719,Plastic,563,Medium,Yes,Air,1.182,Recycled Cardboard
P0720,Metal,1281,Medium,No,Land,2.306,Paper Wrap
P0721,Bioplastic,2000,Medium,Yes,Land,1.4,Paper Wrap
P0722,Paper,495,Medium,No,Sea,0.446,Paper Wrap
P0723,Glass,893,Low,Yes,Land,1.339,Bio Bubble Wrap
P0724,Glass,1272,Medium,Yes,Land,1.908,Bio Bubble Wrap
P0725,Metal,343,Low,Yes,Air,0.617,Recycled Cardboard
P0726,Bioplastic,957,Low,Yes,Land,0.67,Paper Wrap
P0727,Ceramic,398,Medium,Yes,Sea,0.478,Bio Bubble Wrap
P0728,Metal,676,Medium,Yes,Air,1.217,Cornstarch Wrap
P0729,Ceramic,1622,Medium,Yes,Land,1.946,Bio Bubble Wrap
P0730,Glass,1398,Low,Yes,Land,2.097,Bio Bubble Wrap
P0731,Ceramic,1805,High,Yes,Air,2.166,Bio Bubble Wrap
P0732,Glass,345,Low,No,Sea,0.517,Bio Bubble Wrap
P0733,Bioplastic,1073,Low,Yes,Land,0.751,Paper Wrap
P0734,Plastic,564,Medium,Yes,Air,1.184,Recycled Cardboard
P0735,Metal,1887,High,No,Air,3.397,Paper Wrap
P0736,Ceramic,160,High,No,Air,0.192,Bio Bubble Wrap
P0737,Plastic,682,Low,Yes,Air,1.432,Recycled Cardboard
P0738,Ceramic,1929,High,No,Air,2.315,Bio Bubble Wrap
P0739,Bioplastic,322,Low,Yes,Air,0.225,Paper Wrap
P0740,Bioplastic,532,Medium,Yes,Sea,0.372,Paper Wrap
P0741,Ceramic,1196,Medium,No,Sea,1.435,Bio Bubble Wrap
P0742,Bioplastic,1975,Medium,Yes,Sea,1.383,Paper Wrap
P0743,Bioplastic,434,High,Yes,Sea,0.304,Paper Wrap
P0744,Bioplastic,1106,Low,Yes,Air,0.774,Paper Wrap
P0745,Bioplastic,1048,Low,No,Land,0.734,Paper Wrap
P0746,Paper,1694,Medium,Yes,Sea,1.525,Paper Wrap
P0747,Metal,471,High,Yes,Air,0.848,Minimalist Pouch
P0748,Glass,1248,Medium,Yes,Sea,1.872,Bio Bubble Wrap
P0749,Plastic,834,Medium,Yes,Land,1.751,Recycled Cardboard
P0750,Paper,338,Medium,No,Air,0.304,Paper Wrap
P0751,Metal,1341,High,Yes,Sea,2.414,Recycled Cardboard
P0752,Glass,488,Medium,Yes,Land,0.732,Bio Bubble Wrap
P0753,Metal,1002,High,No,Sea,1.804,Paper Wrap
P0754,Glass,1678,Low,No,Air,2.517,Bio Bubble Wrap
P0755,Bioplastic,143,Medium,No,Land,0.1,Paper Wrap
P0756,Paper,774,Low,Yes,Land,0.697,Paper Wrap
P0757,Metal,519,Low,Yes,Land,0.934,Mushroom Foam
P0758,Bioplastic,1444,High,Yes,Land,1.011,Paper Wrap
P0759,Bioplastic,795,Medium,Yes,Air,0.556,Paper Wrap
P0760,Paper,135,Low,Yes,Sea,0.121,Paper Wrap
P0761,Ceramic,1557,Medium,Yes,Sea,1.868,Bio Bubble Wrap
P0762,Plastic,1984,Low,Yes,Sea,4.166,Recycled Cardboard
P0763,Metal,1845,Medium,Yes,Land,3.321,Cornstarch Wrap
P0764,Ceramic,331,Low,Yes,Land,0.397,Bio Bubble Wrap
P0765,Metal,1101,Medium,Yes,Land,1.982,Recycled Cardboard
P0766,Ceramic,808,Low,Yes,Land,0.97,Bio Bubble Wrap
P0767,Glass,713,Medium,Yes,Land,1.069,Bio Bubble Wrap
P0768,Ceramic,1104,Medium,No,Sea,1.325,Bio Bubble Wrap
P0769,Bioplastic,144,Low,Yes,Sea,0.101,Paper Wrap
P0770,Glass,1247,Medium,Yes,Land,1.871,Bio Bubble Wrap
P0771,Paper,762,Low,Yes,Sea,0.686,Paper Wrap
P0772,Plastic,582,High,Yes,Land,1.222,Recycled Cardboard
P0773,Plastic,1380,Low,Yes,Sea,2.898,Recycled Cardboard
P0774,Ceramic,1700,Medium,Yes,Air,2.04,Bio Bubble Wrap
P0775,Glass,1906,Medium,No,Sea,2.859,Bio Bubble Wrap
P0776,Paper,1475,Low,Yes,Air,1.327,Paper Wrap
P0777,Bioplastic,924,Low,Yes,Sea,0.647,Paper Wrap
P0778,Metal,1926,High,Yes,Land,3.467,Cornstarch Wrap
P0779,Metal,1820,Medium,Yes,Air,3.276,Recycled Cardboard
P0780,Metal,333,High,No,Sea,0.599,Cornstarch Wrap
P0781,Bioplastic,1115,Low,No,Sea,0.78,Paper Wrap
P0782,Ceramic,1635,Medium,No,Air,1.962,Bio Bubble Wrap
P0783,Plastic,1161,Medium,Yes,Land,2.438,Recycled Cardboard
P0784,Glass,666,Medium,Yes,Land,0.999,Bio Bubble Wrap
P0785,Metal,1307,Low,Yes,Air,2.353,Recycled Cardboard
P0786,Paper,584,High,Yes,Air,0.526,Paper Wrap
P0787,Glass,455,Low,Yes,Air,0.682,Bio Bubble Wrap
P0788,Glass,1542,Medium,Yes,Air,2.313,Bio Bubble Wrap
P0789,Bioplastic,303,Medium,Yes,Sea,0.212,Paper Wrap
P0790,Plastic,1934,Medium,Yes,Air,4.061,Recycled Cardboard
P0791,Bioplastic,636,High,Yes,Air,0.445,Paper Wrap
P0792,Paper,574,Medium,Yes,Land,0.517,Paper Wrap
P0793,Plastic,1156,Low,Yes,Sea,2.428,Recycled Cardboard
P0794,Bioplastic,1120,High,Yes,Land,0.784,Paper Wrap
P0795,Paper,1181,Low,Yes,Sea,1.063,Paper Wrap
P0796,Paper,417,Low,Yes,Air,0.375,Paper Wrap
P0797,Plastic,1277,Medium,Yes,Air,2.682,Recycled Cardboard
P0798,Ceramic,975,Low,Yes,Sea,1.17,Bio Bubble Wrap
P0799,Paper,1842,Medium,Yes,Land,1.658,Paper Wrap
P0800,Glass,798,Medium,No,Sea,1.197,Bio Bubble Wrap
P0801,Paper,1476,Medium,Yes,Land,1.328,Paper Wrap
P0802,Bioplastic,537,High,No,Sea,0.376,Paper Wrap
P0803,Paper,359,Medium,Yes,Air,0.323,Paper Wrap
P0804,Plastic,1753,Medium,Yes,Land,3.681,Recycled Cardboard
P0805,Plastic,936,Low,Yes,Land,1.966,Recycled Cardboard
P0806,Glass,1260,Low,Yes,Land,1.89,Bio Bubble Wrap
P0807,Paper,1739,High,No,Air,1.565,Paper Wrap
P0808,Bioplastic,1732,High,Yes,Sea,1.212,Paper Wrap
P0809,Bioplastic,265,High,Yes,Land,0.185,Paper Wrap
P0810,Metal,1738,Medium,Yes,Sea,3.128,Minimalist Pouch
P0811,Paper,1716,Medium,Yes,Sea,1.544,Paper Wrap
P0812,Bioplastic,1946,Medium,Yes,Land,1.362,Paper Wrap
P0813,Paper,1892,Medium,Yes,Air,1.703,Paper Wrap
P0814,Paper,1410,Medium,Yes,Air,1.269,Paper Wrap
P0815,Glass,1926,Medium,Yes,Land,2.889,Bio Bubble Wrap
P0816,Metal,1390,Medium,Yes,Air,2.502,Mushroom Foam
P0817,Metal,1689,High,Yes,Air,3.04,Paper Wrap
P0818,Metal,1045,High,Yes,Air,1.881,Cornstarch Wrap
P0819,Plastic,917,Medium,No,Land,1.926,Recycled Cardboard
P0820,Glass,1266,Low,Yes,Sea,1.899,Bio Bubble Wrap
P0821,Metal,555,Low,No,Sea,0.999,Minimalist Pouch
P0822,Plastic,1206,Low,Yes,Land,2.533,Recycled Cardboard
P0823,Plastic,987,Low,Yes,Air,2.073,Recycled Cardboard
P0824,Metal,1310,Medium,Yes,Air,2.358,Bio Bubble Wrap
P0825,Metal,1419,High,Yes,Sea,2.554,Recycled Cardboard
P0826,Metal,1890,High,Yes,Land,3.402,Paper Wrap
P0827,Paper,1158,Low,Yes,Land,1.042,Paper Wrap
P0828,Bioplastic,293,High,No,Air,0.205,Paper Wrap
P0829,Ceramic,363,Low,Yes,Air,0.436,Bio Bubble Wrap
P0830,Paper,1557,Low,Yes,Sea,1.401,Paper Wrap
P0831,Paper,1335,Low,Yes,Land,1.202,Paper Wrap
P0832,Ceramic,1344,Low,Yes,Land,1.613,Bio Bubble Wrap
P0833,Glass,965,High,Yes,Air,1.448,Bio Bubble Wrap
P0834,Ceramic,1862,Medium,Yes,Land,2.234,Bio Bubble Wrap
P0835,Metal,483,Medium,Yes,Air,0.869,Recycled Cardboard
P0836,Bioplastic,1564,High,Yes,Land,1.095,Paper Wrap
P0837,Bioplastic,1779,High,Yes,Sea,1.245,Paper Wrap
P0838,Glass,1286,Low,Yes,Air,1.929,Bio Bubble Wrap
P0839,Paper,1228,Low,No,Land,1.105,Paper Wrap
P0840,Bioplastic,453,Low,Yes,Air,0.317,Paper Wrap
P0841,Metal,822,Low,No,Sea,1.48,Bio Bubble Wrap
P0842,Metal,1706,Low,Yes,Sea,3.071,Cornstarch Wrap
P0843,Paper,1366,Low,Yes,Air,1.229,Paper Wrap
P0844,Glass,1649,Medium,Yes,Air,2.474,Bio Bubble Wrap
P0845,Ceramic,1597,Medium,Yes,Land,1.916,Bio Bubble Wrap
P0846,Paper,1862,High,Yes,Sea,1.676,Paper Wrap
P0847,Paper,149,Low,Yes,Air,0.134,Paper Wrap
P0848,Ceramic,566,Medium,Yes,Sea,0.679,Bio Bubble Wrap
P0849,Plastic,251,Medium,Yes,Sea,0.527,Recycled Cardboard
P0850,Paper,855,Low,Yes,Air,0.769,Paper Wrap
P0851,Ceramic,1007,Medium,Yes,Land,1.208,Bio Bubble Wrap
P0852,Glass,1026,Low,No,Sea,1.539,Bio Bubble Wrap
P0853,Metal,1993,Medium,Yes,Sea,3.587,Recycled Cardboard
P0854,Glass,1844,Medium,Yes,Sea,2.766,Bio Bubble Wrap
P0855,Ceramic,1496,Medium,Yes,Sea,1.795,Bio Bubble Wrap
P0856,Metal,1844,Medium,No,Air,3.319,Paper Wrap
P0857,Plastic,768,Medium,Yes,Sea,1.613,Recycled Cardboard
P0858,Bioplastic,1901,Low,Yes,Land,1.331,Paper Wrap
P0859,Bioplastic,1983,Medium,Yes,Land,1.388,Paper Wrap
P0860,Glass,144,Low,No,Sea,0.216,Bio Bubble Wrap
P0861,Ceramic,1636,Medium,No,Land,1.963,Bio Bubble Wrap
P0862,Paper,1163,Low,Yes,Land,1.047,Paper Wrap
P0863,Ceramic,1344,Low,Yes,Air,1.613,Bio Bubble Wrap
P0864,Ceramic,238,Low,Yes,Air,0.286,Bio Bubble Wrap
P0865,Plastic,1547,High,Yes,Sea,3.249,Recycled Cardboard
P0866,Paper,384,High,Yes,Air,0.346,Paper Wrap
P0867,Metal,868,Medium,Yes,Air,1.562,Paper Wrap
P0868,Paper,1875,Low,Yes,Sea,1.688,Paper Wrap
P0869,Bioplastic,1869,Low,Yes,Land,1.308,Paper Wrap
P0870,Glass,1426,Medium,No,Air,2.139,Bio Bubble Wrap
P0871,Bioplastic,1418,Low,Yes,Air,0.993,Paper Wrap
P0872,Plastic,884,Low,No,Sea,1.856,Recycled Cardboard
P0873,Paper,1944,Low,No,Sea,1.75,Paper Wrap
P0874,Ceramic,1280,Medium,No,Land,1.536,Bio Bubble Wrap
P0875,Glass,601,Low,No,Sea,0.901,Bio Bubble Wrap
P0876,Glass,1237,Medium,Yes,Sea,1.855,Bio Bubble Wrap
P0877,Paper,1434,High,Yes,Land,1.291,Paper Wrap
P0878,Bioplastic,1258,Low,Yes,Sea,0.881,Paper Wrap
P0879,Plastic,259,Low,No,Land,0.544,Recycled Cardboard
P0880,Glass,802,High,Yes,Land,1.203,Bio Bubble Wrap
P0881,Plastic,1885,Medium,Yes,Land,3.958,Recycled Cardboard
P0882,Paper,777,Medium,Yes,Sea,0.699,Paper Wrap
P0883,Bioplastic,592,High,Yes,Land,0.414,Paper Wrap
P0884,Ceramic,174,Low,Yes,Sea,0.209,Bio Bubble Wrap
P0885,Plastic,538,Low,Yes,Sea,1.13,Recycled Cardboard
P0886,Bioplastic,667,Low,Yes,Land,0.467,Paper Wrap
P0887,Glass,612,Medium,Yes,Land,0.918,Bio Bubble Wrap
P0888,Metal,1072,Low,Yes,Air,1.93,Minimalist Pouch
P0889,Bioplastic,233,Low,No,Air,0.163,Paper Wrap
P0890,Plastic,1634,Medium,Yes,Air,3.431,Recycled Cardboard
P0891,Bioplastic,1982,Low,Yes,Sea,1.387,Paper Wrap
P0892,Paper,423,Low,No,Land,0.381,Paper Wrap
P0893,Paper,470,Low,Yes,Air,0.423,Paper Wrap
P0894,Metal,1936,Medium,No,Land,3.485,Bio Bubble Wrap
P0895,Plastic,1640,Medium,No,Sea,3.444,Recycled Cardboard
P0896,Paper,1584,Low,Yes,Sea,1.426,Paper Wrap
P0897,Metal,742,Low,Yes,Land,1.336,Mushroom Foam
P0898,Ceramic,1992,Medium,Yes,Air,2.39,Bio Bubble Wrap
P0899,Metal,1434,Medium,Yes,Land,2.581,Cornstarch Wrap
P0900,Paper,1005,Medium,Yes,Land,0.904,Paper Wrap
P0901,Bioplastic,391,Medium,No,Sea,0.274,Paper Wrap
P0902,Metal,711,Low,Yes,Air,1.28,Paper Wrap
P0903,Metal,1172,Medium,Yes,Land,2.11,Mushroom Foam
P0904,Ceramic,1295,Medium,Yes,Land,1.554,Bio Bubble Wrap
P0905,Glass,1307,Medium,Yes,Land,1.96,Bio Bubble Wrap
P0906,Bioplastic,508,High,Yes,Air,0.356,Paper Wrap
P0907,Paper,788,Medium,Yes,Air,0.709,Paper Wrap
P0908,Plastic,1603,Medium,No,Sea,3.366,Recycled Cardboard
P0909,Glass,1522,High,No,Sea,2.283,Bio Bubble Wrap
P0910,Plastic,1877,Medium,Yes,Sea,3.942,Recycled Cardboard
P0911,Plastic,1116,Low,Yes,Sea,2.344,Recycled Cardboard
P0912,Ceramic,1572,Low,Yes,Sea,1.886,Bio Bubble Wrap
P0913,Paper,1154,Medium,Yes,Sea,1.039,Paper Wrap
P0914,Ceramic,541,Medium,Yes,Air,0.649,Bio Bubble Wrap
P0915,Glass,1273,Medium,Yes,Land,1.909,Bio Bubble Wrap
P0916,Glass,450,Medium,No,Land,0.675,Bio Bubble Wrap
P0917,Ceramic,465,Low,No,Land,0.558,Bio Bubble Wrap
P0918,Plastic,1067,Low,Yes,Sea,2.241,Recycled Cardboard
P0919,Plastic,1407,Low,Yes,Sea,2.955,Recycled Cardboard
P0920,Ceramic,1687,Low,Yes,Sea,2.024,Bio Bubble Wrap
P0921,Glass,935,Low,No,Sea,1.403,Bio Bubble Wrap
P0922,Bioplastic,1277,Medium,Yes,Air,0.894,Paper Wrap
P0923,Plastic,1388,Low,Yes,Sea,2.915,Recycled Cardboard
P0924,Paper,580,Medium,Yes,Sea,0.522,Paper Wrap
P0925,Bioplastic,1070,Medium,Yes,Sea,0.749,Paper Wrap
P0926,Bioplastic,598,Medium,Yes,Land,0.419,Paper Wrap
P0927,Glass,771,Medium,Yes,Sea,1.157,Bio Bubble Wrap
P0928,Paper,1984,Low,No,Land,1.786,Paper Wrap
P0929,Metal,830,Low,Yes,Sea,1.494,Paper Wrap
P0930,Glass,1100,Medium,No,Land,1.65,Bio Bubble Wrap
P0931,Metal,564,High,Yes,Sea,1.015,Bio Bubble Wrap
P0932,Paper,1229,High,Yes,Air,1.106,Paper Wrap
P0933,Ceramic,336,Low,Yes,Land,0.403,Bio Bubble Wrap
P0934,Glass,1008,Medium,Yes,Sea,1.512,Bio Bubble Wrap
P0935,Bioplastic,1180,Medium,Yes,Sea,0.826,Paper Wrap
P0936,Metal,1900,Medium,Yes,Sea,3.42,Bio Bubble Wrap
P0937,Plastic,420,Low,Yes,Land,0.882,Recycled Cardboard
P0938,Ceramic,782,High,Yes,Air,0.938,Bio Bubble Wrap
P0939,Plastic,1677,Low,Yes,Sea,3.522,Recycled Cardboard
P0940,Glass,1616,Medium,Yes,Sea,2.424,Bio Bubble Wrap
P0941,Bioplastic,417,High,Yes,Land,0.292,Paper Wrap
P0942,Bioplastic,417,Medium,Yes,Sea,0.292,Paper Wrap
P0943,Bioplastic,550,Low,Yes,Sea,0.385,Paper Wrap
P0944,Plastic,1023,Medium,No,Air,2.148,Recycled Cardboard
P0945,Plastic,1875,Low,No,Sea,3.938,Recycled Cardboard
P0946,Bioplastic,559,Medium,Yes,Sea,0.391,Paper Wrap
P0947,Ceramic,442,Medium,Yes,Air,0.53,Bio Bubble Wrap
P0948,Ceramic,1774,Medium,Yes,Land,2.129,Bio Bubble Wrap
P0949,Paper,1201,High,Yes,Air,1.081,Paper Wrap
P0950,Glass,352,Medium,Yes,Air,0.528,Bio Bubble Wrap
P0951,Paper,127,Low,Yes,Sea,0.114,Paper Wrap
P0952,Ceramic,1595,Low,Yes,Air,1.914,Bio Bubble Wrap
P0953,Glass,950,Medium,Yes,Land,1.425,Bio Bubble Wrap
P0954,Plastic,1099,Low,Yes,Land,2.308,Recycled Cardboard
P0955,Paper,165,Low,Yes,Land,0.148,Paper Wrap
P0956,Ceramic,862,Low,Yes,Sea,1.034,Bio Bubble Wrap
P0957,Ceramic,1741,Medium,No,Land,2.089,Bio Bubble Wrap
P0958,Ceramic,1823,Medium,Yes,Sea,2.188,Bio Bubble Wrap
P0959,Ceramic,1965,Low,Yes,Air,2.358,Bio Bubble Wrap
P0960,Paper,434,High,Yes,Land,0.391,Paper Wrap
P0961,Bioplastic,792,Low,Yes,Air,0.554,Paper Wrap
P0962,Plastic,1468,High,Yes,Air,3.083,Recycled Cardboard
P0963,Ceramic,148,Medium,Yes,Land,0.178,Bio Bubble Wrap
P0964,Metal,605,Medium,No,Land,1.089,Recycled Cardboard
P0965,Glass,253,Low,Yes,Air,0.38,Bio Bubble Wrap
P0966,Bioplastic,412,Low,No,Air,0.288,Paper Wrap
P0967,Paper,1153,Medium,Yes,Sea,1.038,Paper Wrap
P0968,Paper,129,Medium,Yes,Air,0.116,Paper Wrap
P0969,Bioplastic,888,Low,Yes,Sea,0.622,Paper Wrap
P0970,Paper,1673,Low,Yes,Land,1.506,Paper Wrap
P0971,Glass,444,Medium,Yes,Sea,0.666,Bio Bubble Wrap
P0972,Paper,1559,Low,Yes,Air,1.403,Paper Wrap
P0973,Glass,816,Low,No,Sea,1.224,Bio Bubble Wrap
P0974,Ceramic,265,Medium,Yes,Land,0.318,Bio Bubble Wrap
P0975,Paper,903,High,Yes,Sea,0.813,Paper Wrap
P0976,Plastic,1914,High,No,Air,4.019,Recycled Cardboard
P0977,Ceramic,1115,Medium,Yes,Air,1.338,Bio Bubble Wrap
P0978,Ceramic,787,High,Yes,Land,0.944,Bio Bubble Wrap
P0979,Paper,1724,High,No,Land,1.552,Paper Wrap
P0980,Ceramic,747,Low,No,Sea,0.896,Bio Bubble Wrap
P0981,Paper,969,Medium,Yes,Land,0.872,Paper Wrap
P0982,Glass,929,Low,No,Air,1.393,Bio Bubble Wrap
P0983,Bioplastic,846,High,Yes,Land,0.592,Paper Wrap
P0984,Ceramic,1358,High,No,Air,1.63,Bio Bubble Wrap
P0985,Metal,440,Medium,Yes,Air,0.792,Recycled Cardboard
P0986,Ceramic,1818,Medium,No,Air,2.182,Bio Bubble Wrap
P0987,Metal,531,High,Yes,Land,0.956,Recycled Cardboard
P0988,Paper,988,Medium,Yes,Air,0.889,Paper Wrap
P0989,Ceramic,109,Low,Yes,Sea,0.131,Bio Bubble Wrap
P0990,Bioplastic,1369,Medium,No,Sea,0.958,Paper Wrap
P0991,Plastic,664,Medium,Yes,Land,1.394,Recycled Cardboard
P0992,Bioplastic,1996,Medium,Yes,Land,1.397,Paper Wrap
P0993,Paper,1232,Low,Yes,Land,1.109,Paper Wrap
P0994,Paper,736,High,Yes,Air,0.662,Paper Wrap
P0995,Ceramic,464,Low,Yes,Sea,0.557,Bio Bubble Wrap
P0996,Ceramic,407,Low,Yes,Sea,0.488,Bio Bubble Wrap
P0997,Glass,320,Low,Yes,Air,0.48,Bio Bubble Wrap
P0998,Glass,1379,Medium,Yes,Sea,2.068,Bio Bubble Wrap
P0999,Metal,413,Medium,Yes,Land,0.743,Minimalist Pouch
P1000,Plastic,1929,Low,Yes,Sea,4.051,Recycled Cardboard
P1001,Glass,577,Medium,No,Air,0.866,Bio Bubble Wrap
P1002,Ceramic,191,Medium,Yes,Sea,0.229,Bio Bubble Wrap
P1003,Bioplastic,189,Low,No,Sea,0.132,Paper Wrap
P1004,Ceramic,1513,Medium,Yes,Land,1.816,Bio Bubble Wrap
P1005,Ceramic,682,Low,No,Sea,0.818,Bio Bubble Wrap
P1006,Glass,186,Medium,Yes,Sea,0.279,Bio Bubble Wrap
P1007,Glass,1639,Medium,Yes,Land,2.458,Bio Bubble Wrap
P1008,Glass,1109,Medium,Yes,Land,1.663,Bio Bubble Wrap
P1009,Metal,967,Low,Yes,Sea,1.741,Paper Wrap
P1010,Metal,1967,Low,Yes,Land,3.541,Recycled Cardboard
P1011,Glass,913,Medium,Yes,Land,1.369,Bio Bubble Wrap
P1012,Paper,918,Low,Yes,Sea,0.826,Paper Wrap
P1013,Bioplastic,1600,Low,Yes,Land,1.12,Paper Wrap
P1014,Ceramic,1209,Medium,No,Air,1.451,Bio Bubble Wrap
P1015,Plastic,1698,Low,Yes,Air,3.566,Recycled Cardboard
P1016,Metal,1841,Low,Yes,Air,3.314,Minimalist Pouch
P1017,Plastic,399,Low,No,Land,0.838,Recycled Cardboard
P1018,Paper,1297,Low,Yes,Air,1.167,Paper Wrap
P1019,Plastic,1410,Low,Yes,Sea,2.961,Recycled Cardboard
P1020,Metal,1369,Medium,Yes,Land,2.464,Recycled Cardboard
P1021,Plastic,863,Low,Yes,Air,1.812,Recycled Cardboard
P1022,Bioplastic,205,Medium,No,Land,0.143,Paper Wrap
P1023,Glass,342,High,Yes,Air,0.513,Bio Bubble Wrap
P1024,Paper,1764,Medium,Yes,Air,1.588,Paper Wrap
P1025,Paper,1487,Medium,Yes,Sea,1.338,Paper Wrap
P1026,Paper,966,Medium,No,Air,0.869,Paper Wrap
P1027,Ceramic,1567,Low,Yes,Land,1.88,Bio Bubble Wrap
P1028,Paper,1868,Low,Yes,Sea,1.681,Paper Wrap
P1029,Plastic,822,Medium,No,Air,1.726,Recycled Cardboard
P1030,Paper,1969,Medium,No,Land,1.772,Paper Wrap
P1031,Metal,1329,High,Yes,Sea,2.392,Minimalist Pouch
P1032,Bioplastic,165,High,Yes,Sea,0.115,Paper Wrap
P1033,Glass,1227,Low,No,Air,1.841,Bio Bubble Wrap
P1034,Paper,661,Medium,Yes,Land,0.595,Paper Wrap
P1035,Metal,234,Medium,Yes,Sea,0.421,Bio Bubble Wrap
P1036,Paper,589,Medium,Yes,Air,0.53,Paper Wrap
P1037,Ceramic,1572,Low,Yes,Land,1.886,Bio Bubble Wrap
P1038,Plastic,1503,Medium,Yes,Land,3.156,Recycled Cardboard
P1039,Paper,330,Low,Yes,Air,0.297,Paper Wrap
P1040,Metal,422,Low,Yes,Sea,0.76,Minimalist Pouch
P1041,Glass,437,Medium,Yes,Air,0.655,Bio Bubble Wrap
P1042,Paper,698,Low,Yes,Sea,0.628,Paper Wrap
P1043,Bioplastic,447,Low,No,Sea,0.313,Paper Wrap
P1044,Glass,269,Medium,Yes,Air,0.404,Bio Bubble Wrap
P1045,Plastic,434,Low,Yes,Land,0.911,Recycled Cardboard
P1046,Plastic,1871,High,Yes,Land,3.929,Recycled Cardboard
P1047,Paper,1020,Low,Yes,Land,0.918,Paper Wrap
P1048,Metal,1823,Medium,Yes,Air,3.281,Bio Bubble Wrap
P1049,Plastic,1790,High,No,Land,3.759,Recycled Cardboard
P1050,Metal,835,Medium,Yes,Sea,1.503,Recycled Cardboard
P1051,Ceramic,1632,Low,Yes,Air,1.958,Bio Bubble Wrap
P1052,Glass,1245,Medium,No,Land,1.867,Bio Bubble Wrap
P1053,Paper,1789,High,Yes,Sea,1.61,Paper Wrap
P1054,Paper,423,Medium,No,Sea,0.381,Paper Wrap
P1055,Paper,1003,Medium,Yes,Air,0.903,Paper Wrap
P1056,Plastic,1755,Low,Yes,Sea,3.686,Recycled Cardboard
P1057,Glass,1071,Low,No,Sea,1.607,Bio Bubble Wrap
P1058,Bioplastic,1138,Medium,Yes,Air,0.797,Paper Wrap
P1059,Glass,1770,Low,No,Sea,2.655,Bio Bubble Wrap
P1060,Glass,993,High,Yes,Air,1.49,Bio Bubble Wrap
P1061,Bioplastic,1943,Low,Yes,Land,1.36,Paper Wrap
P1062,Glass,1726,Low,No,Land,2.589,Bio Bubble Wrap
P1063,Paper,528,Low,Yes,Sea,0.475,Paper Wrap
P1064,Glass,661,Low,Yes,Sea,0.992,Bio Bubble Wrap
P1065,Ceramic,821,Low,Yes,Sea,0.985,Bio Bubble Wrap
P1066,Plastic,1474,Low,Yes,Sea,3.095,Recycled Cardboard
P1067,Ceramic,487,High,No,Air,0.584,Bio Bubble Wrap
P1068,Plastic,463,Medium,No,Land,0.972,Recycled Cardboard
P1069,Ceramic,605,High,Yes,Air,0.726,Bio Bubble Wrap
P1070,Metal,1684,Medium,Yes,Air,3.031,Paper Wrap
P1071,Plastic,866,Low,No,Air,1.819,Recycled Cardboard
P1072,Plastic,1734,Medium,Yes,Sea,3.641,Recycled Cardboard
P1073,Glass,569,Low,Yes,Sea,0.854,Bio Bubble Wrap
P1074,Ceramic,1545,Medium,No,Air,1.854,Bio Bubble Wrap
P1075,Bioplastic,1786,Low,Yes,Sea,1.25,Paper Wrap
P1076,Plastic,1513,High,Yes,Air,3.177,Recycled Cardboard
P1077,Ceramic,498,Medium,Yes,Air,0.598,Bio Bubble Wrap
P1078,Bioplastic,1431,Medium,Yes,Air,1.002,Paper Wrap
P1079,Paper,170,Medium,Yes,Land,0.153,Paper Wrap
P1080,Paper,477,High,Yes,Land,0.429,Paper Wrap
P1081,Metal,545,Low,No,Air,0.981,Mushroom Foam
P1082,Paper,463,High,Yes,Land,0.417,Paper Wrap
P1083,Ceramic,1818,Medium,Yes,Land,2.182,Bio Bubble Wrap
P1084,Paper,1304,High,Yes,Sea,1.174,Paper Wrap
P1085,Paper,1835,Low,Yes,Sea,1.651,Paper Wrap
P1086,Plastic,743,Medium,No,Sea,1.56,Recycled Cardboard
P1087,Paper,164,Low,No,Land,0.148,Paper Wrap
P1088,Glass,1008,High,Yes,Land,1.512,Bio Bubble Wrap
P1089,Metal,178,Low,Yes,Land,0.32,Recycled Cardboard
P1090,Bioplastic,505,High,Yes,Air,0.353,Paper Wrap
P1091,Plastic,983,Medium,Yes,Air,2.064,Recycled Cardboard
P1092,Glass,1383,Low,Yes,Sea,2.075,Bio Bubble Wrap
P1093,Paper,811,Low,Yes,Sea,0.73,Paper Wrap
P1094,Paper,1348,Low,Yes,Sea,1.213,Paper Wrap
P1095,Ceramic,1883,Low,Yes,Sea,2.26,Bio Bubble Wrap
P1096,Paper,1281,Low,No,Air,1.153,Paper Wrap
P1097,Paper,1523,Low,Yes,Sea,1.371,Paper Wrap
P1098,Metal,1294,Low,Yes,Air,2.329,Minimalist Pouch
P1099,Glass,1253,Low,Yes,Land,1.879,Bio Bubble Wrap
P1100,Paper,927,Medium,Yes,Air,0.834,Paper Wrap
P1101,Ceramic,1580,High,Yes,Land,1.896,Bio Bubble Wrap
P1102,Glass,1463,Medium,Yes,Land,2.195,Bio Bubble Wrap
P1103,Plastic,1781,High,Yes,Land,3.74,Recycled Cardboard
P1104,Plastic,1092,Low,Yes,Land,2.293,Recycled Cardboard
P1105,Bioplastic,607,Low,Yes,Land,0.425,Paper Wrap
P1106,Metal,585,Medium,Yes,Land,1.053,Mushroom Foam
P1107,Plastic,907,Low,No,Air,1.905,Recycled Cardboard
P1108,Paper,276,Medium,Yes,Sea,0.248,Paper Wrap
P1109,Plastic,1799,Low,Yes,Air,3.778,Recycled Cardboard
P1110,Glass,865,Medium,Yes,Land,1.298,Bio Bubble Wrap
P1111,Plastic,645,Low,Yes,Air,1.355,Recycled Cardboard
P1112,Plastic,1409,Medium,Yes,Land,2.959,Recycled Cardboard
P1113,Glass,1026,Medium,No,Air,1.539,Bio Bubble Wrap
P1114,Plastic,117,Medium,Yes,Land,0.246,Recycled Cardboard
P1115,Bioplastic,559,Low,Yes,Sea,0.391,Paper Wrap
P1116,Plastic,665,Medium,No,Land,1.397,Recycled Cardboard
P1117,Glass,248,Medium,Yes,Air,0.372,Bio Bubble Wrap
P1118,Glass,1725,Low,Yes,Sea,2.587,Bio Bubble Wrap
P1119,Paper,1953,Medium,Yes,Air,1.758,Paper Wrap
P1120,Paper,1677,Medium,Yes,Air,1.509,Paper Wrap
P1121,Plastic,1621,Medium,Yes,Air,3.404,Recycled Cardboard
P1122,Glass,1635,Medium,Yes,Land,2.453,Bio Bubble Wrap
P1123,Paper,1254,Medium,Yes,Land,1.129,Paper Wrap
P1124,Glass,676,Low,Yes,Sea,1.014,Bio Bubble Wrap
P1125,Glass,812,Medium,Yes,Sea,1.218,Bio Bubble Wrap
P1126,Bioplastic,1989,Low,Yes,Air,1.392,Paper Wrap
P1127,Paper,1325,Medium,Yes,Air,1.192,Paper Wrap
P1128,Plastic,750,Medium,No,Air,1.575,Recycled Cardboard
P1129,Ceramic,1102,High,Yes,Land,1.322,Bio Bubble Wrap
P1130,Ceramic,283,Low,No,Sea,0.34,Bio Bubble Wrap
P1131,Ceramic,1828,Medium,Yes,Air,2.194,Bio Bubble Wrap
P1132,Glass,1131,Low,Yes,Air,1.696,Bio Bubble Wrap
P1133,Glass,1925,Medium,Yes,Sea,2.888,Bio Bubble Wrap
P1134,Glass,1319,Low,Yes,Sea,1.978,Bio Bubble Wrap
P1135,Bioplastic,1146,Medium,Yes,Land,0.802,Paper Wrap
P1136,Paper,1939,Low,Yes,Land,1.745,Paper Wrap
P1137,Metal,596,High,Yes,Land,1.073,Paper Wrap
P1138,Ceramic,639,Medium,No,Sea,0.767,Bio Bubble Wrap
P1139,Ceramic,914,Medium,No,Air,1.097,Bio Bubble Wrap
P1140,Paper,1011,Medium,Yes,Air,0.91,Paper Wrap
P1141,Metal,1382,Medium,Yes,Sea,2.488,Recycled Cardboard
P1142,Metal,250,Low,Yes,Sea,0.45,Recycled Cardboard
P1143,Plastic,1995,Medium,Yes,Sea,4.189,Recycled Cardboard
P1144,Plastic,1365,Medium,Yes,Air,2.866,Recycled Cardboard
P1145,Paper,1196,High,Yes,Air,1.076,Paper Wrap
P1146,Plastic,205,High,Yes,Sea,0.43,Recycled Cardboard
P1147,Metal,1866,Low,Yes,Land,3.359,Mushroom Foam
P1148,Bioplastic,1520,Medium,No,Air,1.064,Paper Wrap
P1149,Paper,240,Low,Yes,Sea,0.216,Paper Wrap
P1150,Bioplastic,444,Medium,Yes,Land,0.311,Paper Wrap
P1151,Glass,646,High,Yes,Air,0.969,Bio Bubble Wrap
P1152,Plastic,1623,Low,Yes,Air,3.408,Recycled Cardboard
P1153,Paper,1840,High,No,Air,1.656,Paper Wrap
P1154,Metal,549,Low,No,Sea,0.988,Cornstarch Wrap
P1155,Ceramic,1998,High,Yes,Sea,2.398,Bio Bubble Wrap
P1156,Plastic,566,Low,No,Land,1.189,Recycled Cardboard
P1157,Ceramic,1172,High,Yes,Land,1.406,Bio Bubble Wrap
P1158,Metal,410,Medium,Yes,Air,0.738,Bio Bubble Wrap
P1159,Plastic,791,Medium,Yes,Land,1.661,Recycled Cardboard
P1160,Glass,725,Low,No,Air,1.087,Bio Bubble Wrap
P1161,Metal,284,Low,Yes,Land,0.511,Recycled Cardboard
P1162,Metal,1492,Low,No,Sea,2.686,Minimalist Pouch
P1163,Plastic,1922,High,Yes,Sea,4.036,Recycled Cardboard
P1164,Ceramic,1728,Low,Yes,Sea,2.074,Bio Bubble Wrap
P1165,Plastic,1775,Medium,Yes,Sea,3.728,Recycled Cardboard
P1166,Ceramic,742,Medium,Yes,Land,0.89,Bio Bubble Wrap
P1167,Plastic,465,High,Yes,Sea,0.977,Recycled Cardboard
P1168,Glass,1668,Low,Yes,Land,2.502,Bio Bubble Wrap
P1169,Metal,875,Low,No,Sea,1.575,Cornstarch Wrap
P1170,Glass,633,High,Yes,Land,0.95,Bio Bubble Wrap
P1171,Paper,532,Medium,No,Sea,0.479,Paper Wrap
P1172,Bioplastic,1826,High,Yes,Land,1.278,Paper Wrap
P1173,Metal,1621,Low,No,Sea,2.918,Mushroom Foam
P1174,Plastic,1858,Medium,Yes,Land,3.902,Recycled Cardboard
P1175,Ceramic,1841,High,Yes,Land,2.209,Bio Bubble Wrap
P1176,Ceramic,211,High,No,Sea,0.253,Bio Bubble Wrap
P1177,Paper,1221,Medium,Yes,Sea,1.099,Paper Wrap
P1178,Bioplastic,1264,High,No,Land,0.885,Paper Wrap
P1179,Paper,1405,Low,Yes,Air,1.264,Paper Wrap
P1180,Ceramic,548,High,Yes,Land,0.658,Bio Bubble Wrap
P1181,Glass,1401,Low,No,Air,2.102,Bio Bubble Wrap
P1182,Plastic,251,Medium,Yes,Sea,0.527,Recycled Cardboard
P1183,Glass,426,Medium,Yes,Land,0.639,Bio Bubble Wrap
P1184,Plastic,1840,Medium,Yes,Land,3.864,Recycled Cardboard
P1185,Bioplastic,1596,Medium,Yes,Sea,1.117,Paper Wrap
P1186,Paper,1675,Low,Yes,Land,1.508,Paper Wrap
P1187,Plastic,1948,Low,Yes,Air,4.091,Recycled Cardboard
P1188,Bioplastic,1917,Low,No,Sea,1.342,Paper Wrap
P1189,Bioplastic,878,Low,No,Land,0.615,Paper Wrap
P1190,Metal,803,High,Yes,Air,1.445,Bio Bubble Wrap
P1191,Plastic,351,High,No,Air,0.737,Recycled Cardboard
P1192,Ceramic,893,Low,Yes,Land,1.072,Bio Bubble Wrap
P1193,Ceramic,513,High,Yes,Land,0.616,Bio Bubble Wrap
P1194,Ceramic,1904,Medium,No,Air,2.285,Bio Bubble Wrap
P1195,Plastic,490,Medium,No,Land,1.029,Recycled Cardboard
P1196,Paper,1594,Medium,Yes,Sea,1.435,Paper Wrap
P1197,Bioplastic,350,Low,Yes,Land,0.245,Paper Wrap
P1198,Ceramic,1017,Low,Yes,Land,1.22,Bio Bubble Wrap
P1199,Ceramic,327,Low,Yes,Air,0.392,Bio Bubble Wrap
P1200,Glass,566,Medium,No,Air,0.849,Bio Bubble Wrap
P1201,Paper,444,Medium,Yes,Sea,0.4,Paper Wrap
P1202,Ceramic,1744,Medium,Yes,Sea,2.093,Bio Bubble Wrap
P1203,Metal,448,Low,No,Land,0.806,Cornstarch Wrap
P1204,Metal,1273,Medium,Yes,Land,2.291,Minimalist Pouch
P1205,Metal,1417,Low,No,Sea,2.551,Mushroom Foam
P1206,Paper,1372,Medium,Yes,Sea,1.235,Paper Wrap
P1207,Paper,1708,High,Yes,Land,1.537,Paper Wrap
P1208,Bioplastic,1970,Low,Yes,Land,1.379,Paper Wrap
P1209,Glass,1945,Medium,Yes,Land,2.917,Bio Bubble Wrap
P1210,Ceramic,1264,Medium,Yes,Sea,1.517,Bio Bubble Wrap
P1211,Plastic,431,Medium,Yes,Sea,0.905,Recycled Cardboard
P1212,Plastic,1090,Medium,Yes,Sea,2.289,Recycled Cardboard
P1213,Bioplastic,382,Medium,Yes,Sea,0.267,Paper Wrap
P1214,Bioplastic,287,Medium,Yes,Air,0.201,Paper Wrap
P1215,Paper,1387,High,Yes,Air,1.248,Paper Wrap
P1216,Glass,396,Medium,No,Sea,0.594,Bio Bubble Wrap
P1217,Paper,856,High,Yes,Air,0.77,Paper Wrap
P1218,Glass,657,High,No,Sea,0.986,Bio Bubble Wrap
P1219,Paper,1724,Medium,No,Land,1.552,Paper Wrap
P1220,Metal,1470,High,Yes,Sea,2.646,Mushroom Foam
P1221,Paper,1185,Low,Yes,Sea,1.067,Paper Wrap
P1222,Bioplastic,757,Low,Yes,Land,0.53,Paper Wrap
P1223,Ceramic,837,Medium,Yes,Air,1.004,Bio Bubble Wrap
P1224,Metal,1046,Medium,Yes,Air,1.883,Minimalist Pouch
P1225,Metal,263,High,No,Sea,0.473,Cornstarch Wrap
P1226,Plastic,167,Low,Yes,Air,0.351,Recycled Cardboard
P1227,Paper,1065,Medium,Yes,Land,0.959,Paper Wrap
P1228,Paper,199,Low,Yes,Land,0.179,Paper Wrap
P1229,Metal,1696,Medium,Yes,Air,3.053,Recycled Cardboard
P1230,Plastic,1308,Medium,Yes,Sea,2.747,Recycled Cardboard
P1231,Plastic,452,Medium,Yes,Land,0.949,Recycled Cardboard
P1232,Bioplastic,1104,Medium,Yes,Air,0.773,Paper Wrap
P1233,Glass,294,Medium,No,Air,0.441,Bio Bubble Wrap
P1234,Paper,653,High,Yes,Land,0.588,Paper Wrap
P1235,Metal,834,Low,Yes,Sea,1.501,Cornstarch Wrap
P1236,Plastic,1425,High,Yes,Air,2.993,Recycled Cardboard
P1237,Plastic,629,Low,No,Air,1.321,Recycled Cardboard
P1238,Ceramic,685,Medium,No,Air,0.822,Bio Bubble Wrap
P1239,Ceramic,1553,High,Yes,Land,1.864,Bio Bubble Wrap
P1240,Plastic,988,Low,Yes,Sea,2.075,Recycled Cardboard
P1241,Plastic,562,Low,No,Sea,1.18,Recycled Cardboard
P1242,Plastic,633,Low,Yes,Land,1.329,Recycled Cardboard
P1243,Metal,1120,Medium,Yes,Sea,2.016,Minimalist Pouch
P1244,Metal,820,High,Yes,Sea,1.476,Mushroom Foam
P1245,Metal,1817,Low,Yes,Air,3.271,Cornstarch Wrap
P1246,Ceramic,602,Low,Yes,Land,0.722,Bio Bubble Wrap
P1247,Metal,1770,Low,Yes,Air,3.186,Bio Bubble Wrap
P1248,Plastic,1065,Low,Yes,Land,2.236,Recycled Cardboard
P1249,Glass,1124,Low,Yes,Land,1.686,Bio Bubble Wrap
P1250,Bioplastic,1906,Low,Yes,Sea,1.334,Paper Wrap
P1251,Metal,1251,Medium,No,Sea,2.252,Recycled Cardboard
P1252,Paper,1995,Medium,Yes,Land,1.796,Paper Wrap
P1253,Glass,1293,Medium,Yes,Air,1.94,Bio Bubble Wrap
P1254,Paper,625,Medium,Yes,Air,0.562,Paper Wrap
P1255,Glass,518,Low,Yes,Sea,0.777,Bio Bubble Wrap
P1256,Paper,702,Low,Yes,Air,0.632,Paper Wrap
P1257,Ceramic,279,Low,No,Land,0.335,Bio Bubble Wrap
P1258,Glass,1091,Low,Yes,Sea,1.637,Bio Bubble Wrap
P1259,Paper,1628,Low,Yes,Sea,1.465,Paper Wrap
P1260,Bioplastic,1883,Low,No,Sea,1.318,Paper Wrap
P1261,Paper,657,Medium,No,Air,0.591,Paper Wrap
P1262,Paper,951,Low,Yes,Land,0.856,Paper Wrap
P1263,Glass,1857,Low,No,Sea,2.785,Bio Bubble Wrap
P1264,Glass,338,Medium,Yes,Air,0.507,Bio Bubble Wrap
P1265,Paper,1308,Low,Yes,Land,1.177,Paper Wrap
P1266,Metal,1979,High,Yes,Air,3.562,Recycled Cardboard
P1267,Paper,314,Low,Yes,Sea,0.283,Paper Wrap
P1268,Metal,1161,Medium,Yes,Air,2.09,Cornstarch Wrap
P1269,Paper,1181,Low,Yes,Air,1.063,Paper Wrap
P1270,Glass,1106,High,Yes,Air,1.659,Bio Bubble Wrap
P1271,Plastic,807,Low,Yes,Air,1.695,Recycled Cardboard
P1272,Metal,599,Medium,Yes,Sea,1.078,Bio Bubble Wrap
P1273,Ceramic,670,High,Yes,Air,0.804,Bio Bubble Wrap
P1274,Glass,1634,Low,Yes,Air,2.451,Bio Bubble Wrap
P1275,Ceramic,1776,Low,Yes,Sea,2.131,Bio Bubble Wrap
P1276,Ceramic,1586,Low,Yes,Land,1.903,Bio Bubble Wrap
P1277,Plastic,362,High,Yes,Land,0.76,Recycled Cardboard
P1278,Plastic,226,Low,No,Land,0.475,Recycled Cardboard
P1279,Glass,618,Medium,Yes,Sea,0.927,Bio Bubble Wrap
P1280,Plastic,1017,Low,No,Land,2.136,Recycled Cardboard
P1281,Glass,297,Medium,No,Air,0.446,Bio Bubble Wrap
P1282,Plastic,1629,Low,Yes,Air,3.421,Recycled Cardboard
P1283,Paper,375,Medium,Yes,Sea,0.338,Paper Wrap
P1284,Bioplastic,1440,High,No,Sea,1.008,Paper Wrap
P1285,Metal,341,High,Yes,Sea,0.614,Mushroom Foam
P1286,Paper,771,High,Yes,Air,0.694,Paper Wrap
P1287,Glass,607,Low,Yes,Sea,0.91,Bio Bubble Wrap
P1288,Glass,850,Medium,Yes,Air,1.275,Bio Bubble Wrap
P1289,Ceramic,991,Low,No,Land,1.189,Bio Bubble Wrap
P1290,Glass,1318,Low,Yes,Sea,1.977,Bio Bubble Wrap
P1291,Glass,212,Medium,No,Sea,0.318,Bio Bubble Wrap
P1292,Metal,130,Medium,Yes,Air,0.234,Cornstarch Wrap
P1293,Metal,1944,Low,Yes,Air,3.499,Paper Wrap
P1294,Ceramic,1647,Low,Yes,Air,1.976,Bio Bubble Wrap
P1295,Paper,711,High,Yes,Sea,0.64,Paper Wrap
P1296,Ceramic,724,Low,Yes,Land,0.869,Bio Bubble Wrap
P1297,Bioplastic,1413,High,Yes,Sea,0.989,Paper Wrap
P1298,Ceramic,1053,Medium,Yes,Sea,1.264,Bio Bubble Wrap
P1299,Glass,1474,Low,No,Sea,2.211,Bio Bubble Wrap
P1300,Glass,1536,High,No,Air,2.304,Bio Bubble Wrap
P1301,Ceramic,1088,Low,Yes,Air,1.306,Bio Bubble Wrap
P1302,Bioplastic,996,Low,Yes,Sea,0.697,Paper Wrap
P1303,Paper,1775,Medium,Yes,Air,1.597,Paper Wrap
P1304,Ceramic,1862,Medium,Yes,Land,2.234,Bio Bubble Wrap
P1305,Paper,752,High,Yes,Air,0.677,Paper Wrap
P1306,Ceramic,726,Medium,Yes,Air,0.871,Bio Bubble Wrap
P1307,Paper,1791,Low,Yes,Air,1.612,Paper Wrap
P1308,Glass,145,Medium,Yes,Sea,0.217,Bio Bubble Wrap
P1309,Glass,1881,Medium,Yes,Air,2.821,Bio Bubble Wrap
P1310,Bioplastic,1665,Medium,Yes,Sea,1.165,Paper Wrap
P1311,Metal,152,High,Yes,Land,0.274,Cornstarch Wrap
P1312,Glass,1677,Low,No,Sea,2.515,Bio Bubble Wrap
P1313,Glass,769,High,Yes,Air,1.153,Bio Bubble Wrap
P1314,Paper,1579,Low,Yes,Land,1.421,Paper Wrap
P1315,Paper,1894,Medium,Yes,Land,1.705,Paper Wrap
P1316,Metal,939,Low,Yes,Land,1.69,Cornstarch Wrap
P1317,Ceramic,1888,Medium,Yes,Sea,2.266,Bio Bubble Wrap
P1318,Metal,1271,Medium,Yes,Air,2.288,Bio Bubble Wrap
P1319,Bioplastic,393,Low,Yes,Air,0.275,Paper Wrap
P1320,Paper,1752,Low,Yes,Air,1.577,Paper Wrap
P1321,Paper,1643,Low,Yes,Air,1.479,Paper Wrap
P1322,Metal,1556,High,Yes,Sea,2.801,Minimalist Pouch
P1323,Paper,519,High,No,Land,0.467,Paper Wrap
P1324,Bioplastic,463,Low,Yes,Sea,0.324,Paper Wrap
P1325,Ceramic,733,Medium,Yes,Land,0.88,Bio Bubble Wrap
P1326,Glass,1632,High,Yes,Land,2.448,Bio Bubble Wrap
P1327,Plastic,1668,High,No,Air,3.503,Recycled Cardboard
P1328,Ceramic,232,High,No,Land,0.278,Bio Bubble Wrap
P1329,Metal,1322,High,Yes,Air,2.38,Minimalist Pouch
P1330,Metal,1856,Medium,Yes,Land,3.341,Mushroom Foam
P1331,Ceramic,420,Low,Yes,Sea,0.504,Bio Bubble Wrap
P1332,Glass,1056,Medium,Yes,Air,1.584,Bio Bubble Wrap
P1333,Glass,750,Low,No,Air,1.125,Bio Bubble Wrap
P1334,Glass,217,Medium,Yes,Land,0.326,Bio Bubble Wrap
P1335,Ceramic,1984,Low,Yes,Land,2.381,Bio Bubble Wrap
P1336,Ceramic,1078,High,Yes,Air,1.294,Bio Bubble Wrap
P1337,Ceramic,1712,Low,Yes,Land,2.054,Bio Bubble Wrap
P1338,Paper,1040,Low,Yes,Sea,0.936,Paper Wrap
P1339,Glass,668,Low,Yes,Air,1.002,Bio Bubble Wrap
P1340,Ceramic,287,Low,Yes,Sea,0.344,Bio Bubble Wrap
P1341,Paper,646,Medium,Yes,Sea,0.581,Paper Wrap
P1342,Bioplastic,1980,Medium,No,Sea,1.386,Paper Wrap
P1343,Paper,1736,Medium,No,Air,1.562,Paper Wrap
P1344,Plastic,1165,Medium,Yes,Sea,2.446,Recycled Cardboard
P1345,Paper,685,Low,Yes,Sea,0.617,Paper Wrap
P1346,Glass,719,Medium,Yes,Air,1.079,Bio Bubble Wrap
P1347,Ceramic,454,Low,No,Sea,0.545,Bio Bubble Wrap
P1348,Plastic,502,Medium,No,Land,1.054,Recycled Cardboard
P1349,Plastic,549,Low,Yes,Air,1.153,Recycled Cardboard
P1350,Glass,535,Medium,Yes,Air,0.802,Bio Bubble Wrap
P1351,Ceramic,258,Low,Yes,Air,0.31,Bio Bubble Wrap
P1352,Paper,527,Low,Yes,Sea,0.474,Paper Wrap
P1353,Plastic,918,Low,No,Sea,1.928,Recycled Cardboard
P1354,Plastic,394,Low,Yes,Sea,0.827,Recycled Cardboard
P1355,Plastic,1912,Medium,No,Sea,4.015,Recycled Cardboard
P1356,Paper,1378,High,Yes,Land,1.24,Paper Wrap
P1357,Bioplastic,892,High,Yes,Air,0.624,Paper Wrap
P1358,Paper,1873,Low,Yes,Land,1.686,Paper Wrap
P1359,Bioplastic,1745,Low,Yes,Sea,1.222,Paper Wrap
P1360,Plastic,754,Low,Yes,Sea,1.583,Recycled Cardboard
P1361,Glass,527,Medium,No,Land,0.79,Bio Bubble Wrap
P1362,Glass,432,Medium,Yes,Land,0.648,Bio Bubble Wrap
P1363,Ceramic,1785,Medium,Yes,Sea,2.142,Bio Bubble Wrap
P1364,Plastic,1625,Medium,No,Land,3.413,Recycled Cardboard
P1365,Metal,620,High,Yes,Air,1.116,Paper Wrap
P1366,Glass,1094,Medium,Yes,Sea,1.641,Bio Bubble Wrap
P1367,Plastic,1260,Medium,No,Sea,2.646,Recycled Cardboard
P1368,Metal,1770,High,Yes,Sea,3.186,Minimalist Pouch
P1369,Plastic,467,High,No,Land,0.981,Recycled Cardboard
P1370,Bioplastic,154,Low,No,Sea,0.108,Paper Wrap
P1371,Paper,1123,High,Yes,Land,1.011,Paper Wrap
P1372,Ceramic,1912,Low,Yes,Sea,2.294,Bio Bubble Wrap
P1373,Paper,1858,High,Yes,Air,1.672,Paper Wrap
P1374,Metal,1803,Medium,Yes,Land,3.245,Recycled Cardboard
P1375,Paper,1153,High,No,Land,1.038,Paper Wrap
P1376,Plastic,1284,Medium,Yes,Sea,2.696,Recycled Cardboard
P1377,Ceramic,1091,High,Yes,Land,1.309,Bio Bubble Wrap
P1378,Paper,718,Medium,Yes,Land,0.646,Paper Wrap
P1379,Ceramic,1729,Low,Yes,Land,2.075,Bio Bubble Wrap
P1380,Ceramic,1321,Medium,No,Land,1.585,Bio Bubble Wrap
P1381,Metal,1348,High,Yes,Land,2.426,Paper Wrap
P1382,Glass,588,High,No,Air,0.882,Bio Bubble Wrap
P1383,Glass,886,Low,Yes,Land,1.329,Bio Bubble Wrap
P1384,Paper,615,Low,Yes,Air,0.553,Paper Wrap
P1385,Plastic,1480,Low,Yes,Sea,3.108,Recycled Cardboard
P1386,Bioplastic,530,Low,Yes,Sea,0.371,Paper Wrap
P1387,Metal,1045,High,Yes,Air,1.881,Recycled Cardboard
P1388,Plastic,1729,Low,Yes,Air,3.631,Recycled Cardboard
P1389,Ceramic,1635,High,Yes,Air,1.962,Bio Bubble Wrap
P1390,Bioplastic,419,Medium,Yes,Sea,0.293,Paper Wrap
P1391,Glass,802,High,Yes,Air,1.203,Bio Bubble Wrap
P1392,Paper,1095,High,Yes,Sea,0.986,Paper Wrap
P1393,Paper,1193,Medium,Yes,Land,1.074,Paper Wrap
P1394,Paper,1850,Medium,Yes,Air,1.665,Paper Wrap
P1395,Ceramic,893,Low,No,Sea,1.072,Bio Bubble Wrap
P1396,Bioplastic,502,Low,Yes,Sea,0.351,Paper Wrap
P1397,Bioplastic,990,Medium,Yes,Air,0.693,Paper Wrap
P1398,Paper,521,High,Yes,Land,0.469,Paper Wrap
P1399,Ceramic,871,High,No,Sea,1.045,Bio Bubble Wrap
P1400,Ceramic,1253,Low,No,Sea,1.504,Bio Bubble Wrap
P1401,Glass,1755,High,Yes,Sea,2.632,Bio Bubble Wrap
P1402,Glass,1080,Low,Yes,Air,1.62,Bio Bubble Wrap
P1403,Ceramic,399,Medium,Yes,Sea,0.479,Bio Bubble Wrap
P1404,Bioplastic,393,Medium,Yes,Sea,0.275,Paper Wrap
P1405,Plastic,461,Low,Yes,Air,0.968,Recycled Cardboard
P1406,Glass,1583,Low,Yes,Sea,2.374,Bio Bubble Wrap
P1407,Paper,1997,Low,Yes,Air,1.797,Paper Wrap
P1408,Metal,1933,Medium,Yes,Land,3.479,Minimalist Pouch
P1409,Plastic,684,High,No,Sea,1.436,Recycled Cardboard
P1410,Paper,1388,Medium,Yes,Air,1.249,Paper Wrap
P1411,Paper,1620,Medium,Yes,Land,1.458,Paper Wrap
P1412,Bioplastic,888,High,No,Air,0.622,Paper Wrap
P1413,Plastic,1475,Low,Yes,Air,3.098,Recycled Cardboard
P1414,Ceramic,330,Low,Yes,Sea,0.396,Bio Bubble Wrap
P1415,Ceramic,929,Low,Yes,Sea,1.115,Bio Bubble Wrap
P1416,Metal,1993,Low,Yes,Air,3.587,Cornstarch Wrap
P1417,Metal,888,Medium,Yes,Air,1.598,Cornstarch Wrap
P1418,Bioplastic,1567,Low,Yes,Land,1.097,Paper Wrap
P1419,Bioplastic,1191,High,Yes,Sea,0.834,Paper Wrap
P1420,Paper,229,Low,No,Land,0.206,Paper Wrap
P1421,Bioplastic,967,Low,No,Air,0.677,Paper Wrap
P1422,Ceramic,497,Low,Yes,Land,0.596,Bio Bubble Wrap
P1423,Metal,136,High,No,Land,0.245,Mushroom Foam
P1424,Plastic,1207,High,Yes,Sea,2.535,Recycled Cardboard
P1425,Glass,1428,Low,Yes,Sea,2.142,Bio Bubble Wrap
P1426,Plastic,1687,Low,Yes,Air,3.543,Recycled Cardboard
P1427,Glass,865,High,Yes,Land,1.298,Bio Bubble Wrap
P1428,Bioplastic,1813,Low,No,Land,1.269,Paper Wrap
P1429,Ceramic,1636,Medium,No,Air,1.963,Bio Bubble Wrap
P1430,Plastic,426,Medium,No,Sea,0.895,Recycled Cardboard
P1431,Bioplastic,1112,High,Yes,Land,0.778,Paper Wrap
P1432,Bioplastic,371,Medium,Yes,Sea,0.26,Paper Wrap
P1433,Plastic,567,Low,Yes,Land,1.191,Recycled Cardboard
P1434,Paper,979,Medium,Yes,Air,0.881,Paper Wrap
P1435,Plastic,620,Low,No,Sea,1.302,Recycled Cardboard
P1436,Metal,1872,High,No,Sea,3.37,Recycled Cardboard
P1437,Metal,633,Low,Yes,Sea,1.139,Recycled Cardboard
P1438,Metal,1413,Low,Yes,Sea,2.543,Mushroom Foam
P1439,Ceramic,634,Low,Yes,Sea,0.761,Bio Bubble Wrap
P1440,Paper,544,Low,No,Land,0.49,Paper Wrap
P1441,Paper,1491,Low,No,Air,1.342,Paper Wrap
P1442,Bioplastic,1790,Medium,Yes,Sea,1.253,Paper Wrap
P1443,Bioplastic,1727,Medium,Yes,Air,1.209,Paper Wrap
P1444,Ceramic,710,Medium,Yes,Air,0.852,Bio Bubble Wrap
P1445,Metal,1049,High,Yes,Sea,1.888,Mushroom Foam
P1446,Paper,1976,High,Yes,Sea,1.778,Paper Wrap
P1447,Bioplastic,808,High,Yes,Land,0.566,Paper Wrap
P1448,Glass,1588,Medium,Yes,Air,2.382,Bio Bubble Wrap
P1449,Ceramic,1519,Low,Yes,Sea,1.823,Bio Bubble Wrap
P1450,Plastic,315,Medium,Yes,Air,0.661,Recycled Cardboard
P1451,Metal,692,Low,Yes,Air,1.246,Mushroom Foam
P1452,Ceramic,895,Low,No,Sea,1.074,Bio Bubble Wrap
P1453,Plastic,1239,Medium,Yes,Land,2.602,Recycled Cardboard
P1454,Metal,781,Low,Yes,Sea,1.406,Bio Bubble Wrap
P1455,Paper,760,Medium,Yes,Sea,0.684,Paper Wrap
P1456,Ceramic,1039,High,No,Sea,1.247,Bio Bubble Wrap
P1457,Metal,1540,Medium,No,Sea,2.772,Bio Bubble Wrap
P1458,Plastic,1063,Medium,Yes,Sea,2.232,Recycled Cardboard
P1459,Ceramic,1277,Low,Yes,Sea,1.532,Bio Bubble Wrap
P1460,Paper,967,Medium,No,Air,0.87,Paper Wrap
P1461,Bioplastic,1366,High,Yes,Air,0.956,Paper Wrap
P1462,Bioplastic,1879,High,Yes,Air,1.315,Paper Wrap
P1463,Paper,853,High,Yes,Land,0.768,Paper Wrap
P1464,Plastic,1024,Low,Yes,Land,2.15,Recycled Cardboard
P1465,Glass,887,Medium,Yes,Land,1.331,Bio Bubble Wrap
P1466,Glass,1674,High,Yes,Sea,2.511,Bio Bubble Wrap
P1467,Paper,139,Medium,Yes,Land,0.125,Paper Wrap
P1468,Metal,1108,Medium,Yes,Air,1.994,Recycled Cardboard
P1469,Glass,1057,Low,Yes,Sea,1.585,Bio Bubble Wrap
P1470,Plastic,992,High,Yes,Sea,2.083,Recycled Cardboard
P1471,Ceramic,319,Low,Yes,Sea,0.383,Bio Bubble Wrap
P1472,Paper,852,High,Yes,Sea,0.767,Paper Wrap
P1473,Metal,1017,Medium,Yes,Land,1.831,Cornstarch Wrap
P1474,Metal,1351,Low,Yes,Air,2.432,Recycled Cardboard
P1475,Metal,1158,High,Yes,Air,2.084,Mushroom Foam
P1476,Plastic,324,Low,No,Land,0.68,Recycled Cardboard
P1477,Bioplastic,259,Medium,No,Sea,0.181,Paper Wrap
P1478,Ceramic,1349,Medium,Yes,Air,1.619,Bio Bubble Wrap
P1479,Glass,898,Medium,Yes,Sea,1.347,Bio Bubble Wrap
P1480,Glass,1277,Medium,Yes,Land,1.915,Bio Bubble Wrap
P1481,Bioplastic,227,Medium,Yes,Air,0.159,Paper Wrap
P1482,Paper,990,Low,Yes,Air,0.891,Paper Wrap
P1483,Ceramic,1775,Low,Yes,Sea,2.13,Bio Bubble Wrap
P1484,Ceramic,154,Medium,Yes,Air,0.185,Bio Bubble Wrap
P1485,Metal,1960,Low,Yes,Sea,3.528,Recycled Cardboard
P1486,Paper,1087,Medium,Yes,Sea,0.978,Paper Wrap
P1487,Plastic,554,Low,No,Land,1.163,Recycled Cardboard
P1488,Metal,1555,Medium,Yes,Land,2.799,Cornstarch Wrap
P1489,Ceramic,933,High,Yes,Land,1.12,Bio Bubble Wrap
P1490,Ceramic,1023,Medium,Yes,Sea,1.228,Bio Bubble Wrap
P1491,Ceramic,819,Low,Yes,Sea,0.983,Bio Bubble Wrap
P1492,Metal,1057,Low,Yes,Land,1.903,Recycled Cardboard
P1493,Paper,1009,Low,Yes,Air,0.908,Paper Wrap
P1494,Metal,497,Medium,Yes,Sea,0.895,Bio Bubble Wrap
P1495,Glass,1590,Low,Yes,Air,2.385,Bio Bubble Wrap
P1496,Metal,1405,Low,Yes,Land,2.529,Cornstarch Wrap
P1497,Ceramic,741,Medium,Yes,Sea,0.889,Bio Bubble Wrap
P1498,Glass,125,Low,Yes,Sea,0.188,Bio Bubble Wrap
P1499,Bioplastic,690,High,Yes,Land,0.483,Paper Wrap
P1500,Bioplastic,1395,Medium,No,Air,0.976,Paper Wrap
P1501,Glass,1949,Medium,Yes,Sea,2.924,Bio Bubble Wrap
P1502,Glass,1576,Medium,Yes,Sea,2.364,Bio Bubble Wrap
P1503,Metal,171,Low,Yes,Sea,0.308,Paper Wrap
P1504,Bioplastic,1772,High,Yes,Land,1.24,Paper Wrap
P1505,Paper,1452,High,Yes,Land,1.307,Paper Wrap
P1506,Plastic,1961,Medium,Yes,Sea,4.118,Recycled Cardboard
P1507,Glass,1688,Low,Yes,Air,2.532,Bio Bubble Wrap
P1508,Plastic,1258,Low,Yes,Air,2.642,Recycled Cardboard
P1509,Bioplastic,534,Low,Yes,Air,0.374,Paper Wrap
P1510,Metal,452,Low,No,Air,0.814,Bio Bubble Wrap
P1511,Ceramic,327,Low,Yes,Sea,0.392,Bio Bubble Wrap
P1512,Metal,1603,Medium,Yes,Land,2.885,Cornstarch Wrap
P1513,Paper,427,Low,Yes,Air,0.384,Paper Wrap
P1514,Glass,1536,Low,Yes,Air,2.304,Bio Bubble Wrap
P1515,Plastic,171,Low,Yes,Air,0.359,Recycled Cardboard
P1516,Bioplastic,1516,High,Yes,Air,1.061,Paper Wrap
P1517,Plastic,596,Medium,Yes,Air,1.252,Recycled Cardboard
P1518,Glass,339,Medium,Yes,Air,0.508,Bio Bubble Wrap
P1519,Bioplastic,1761,Medium,Yes,Sea,1.233,Paper Wrap
P1520,Ceramic,241,Medium,Yes,Sea,0.289,Bio Bubble Wrap
P1521,Metal,340,Medium,Yes,Sea,0.612,Cornstarch Wrap
P1522,Paper,1250,Medium,Yes,Land,1.125,Paper Wrap
P1523,Plastic,720,Low,Yes,Air,1.512,Recycled Cardboard
P1524,Plastic,1179,High,Yes,Land,2.476,Recycled Cardboard
P1525,Metal,1653,Medium,No,Sea,2.975,Mushroom Foam
P1526,Plastic,567,Low,Yes,Air,1.191,Recycled Cardboard
P1527,Bioplastic,624,Medium,Yes,Land,0.437,Paper Wrap
P1528,Bioplastic,841,Medium,Yes,Land,0.589,Paper Wrap
P1529,Metal,1871,Medium,No,Sea,3.368,Paper Wrap
P1530,Paper,1368,Low,Yes,Air,1.231,Paper Wrap
P1531,Paper,1596,Medium,Yes,Land,1.436,Paper Wrap
P1532,Paper,1893,Medium,Yes,Sea,1.704,Paper Wrap
P1533,Plastic,1487,Medium,Yes,Sea,3.123,Recycled Cardboard
P1534,Glass,1544,Medium,Yes,Sea,2.316,Bio Bubble Wrap
P1535,Metal,1196,Low,Yes,Land,2.153,Recycled Cardboard
P1536,Paper,914,Low,No,Land,0.823,Paper Wrap
P1537,Plastic,1543,Low,Yes,Sea,3.24,Recycled Cardboard
P1538,Bioplastic,1024,High,Yes,Air,0.717,Paper Wrap
P1539,Metal,1500,Medium,Yes,Air,2.7,Paper Wrap
P1540,Ceramic,748,Medium,Yes,Air,0.898,Bio Bubble Wrap
P1541,Plastic,699,Medium,Yes,Air,1.468,Recycled Cardboard
P1542,Paper,781,Low,Yes,Land,0.703,Paper Wrap
P1543,Glass,1442,High,Yes,Air,2.163,Bio Bubble Wrap
P1544,Metal,248,Low,Yes,Sea,0.446,Paper Wrap
P1545,Paper,500,Low,Yes,Air,0.45,Paper Wrap
P1546,Glass,1305,Medium,Yes,Land,1.958,Bio Bubble Wrap
P1547,Plastic,956,High,No,Air,2.008,Recycled Cardboard
P1548,Ceramic,1095,Low,Yes,Land,1.314,Bio Bubble Wrap
P1549,Plastic,523,High,Yes,Sea,1.098,Recycled Cardboard
P1550,Plastic,925,Medium,No,Air,1.942,Recycled Cardboard
P1551,Bioplastic,1137,Medium,Yes,Land,0.796,Paper Wrap
P1552,Ceramic,903,High,Yes,Land,1.084,Bio Bubble Wrap
P1553,Ceramic,1870,High,No,Sea,2.244,Bio Bubble Wrap
P1554,Metal,1687,Low,No,Air,3.037,Mushroom Foam
P1555,Glass,842,Medium,No,Air,1.263,Bio Bubble Wrap
P1556,Glass,1215,Low,Yes,Air,1.823,Bio Bubble Wrap
P1557,Metal,784,High,Yes,Air,1.411,Minimalist Pouch
P1558,Bioplastic,324,High,Yes,Sea,0.227,Paper Wrap
P1559,Paper,890,High,No,Sea,0.801,Paper Wrap
P1560,Paper,905,Low,Yes,Land,0.815,Paper Wrap
P1561,Plastic,612,Medium,Yes,Sea,1.285,Recycled Cardboard
P1562,Paper,724,Low,Yes,Air,0.652,Paper Wrap
P1563,Plastic,626,High,Yes,Land,1.315,Recycled Cardboard
P1564,Paper,172,Low,Yes,Air,0.155,Paper Wrap
P1565,Plastic,479,Low,Yes,Sea,1.006,Recycled Cardboard
P1566,Metal,632,Low,Yes,Air,1.138,Bio Bubble Wrap
P1567,Metal,361,Medium,Yes,Air,0.65,Mushroom Foam
P1568,Bioplastic,994,Medium,Yes,Land,0.696,Paper Wrap
P1569,Glass,607,Medium,Yes,Air,0.91,Bio Bubble Wrap
P1570,Ceramic,1369,High,Yes,Land,1.643,Bio Bubble Wrap
P1571,Paper,1233,High,No,Air,1.11,Paper Wrap
P1572,Plastic,1370,Low,Yes,Sea,2.877,Recycled Cardboard
P1573,Glass,1635,Low,No,Land,2.453,Bio Bubble Wrap
P1574,Glass,1344,Low,Yes,Land,2.016,Bio Bubble Wrap
P1575,Paper,1720,High,No,Air,1.548,Paper Wrap
P1576,Paper,642,Low,Yes,Land,0.578,Paper Wrap
P1577,Glass,1760,Low,Yes,Air,2.64,Bio Bubble Wrap
P1578,Paper,371,High,Yes,Sea,0.334,Paper Wrap
P1579,Paper,595,Medium,Yes,Sea,0.535,Paper Wrap
P1580,Metal,642,High,Yes,Air,1.156,Recycled Cardboard
P1581,Ceramic,744,Medium,Yes,Land,0.893,Bio Bubble Wrap
P1582,Metal,535,Medium,No,Land,0.963,Paper Wrap
P1583,Paper,220,Medium,Yes,Sea,0.198,Paper Wrap
P1584,Metal,1985,High,Yes,Land,3.573,Paper Wrap
P1585,Ceramic,502,Low,No,Sea,0.602,Bio Bubble Wrap
P1586,Ceramic,1962,Medium,Yes,Sea,2.354,Bio Bubble Wrap
P1587,Glass,755,Low,Yes,Land,1.133,Bio Bubble Wrap
P1588,Paper,329,Medium,Yes,Land,0.296,Paper Wrap
P1589,Glass,750,Low,Yes,Sea,1.125,Bio Bubble Wrap
P1590,Glass,1296,Low,Yes,Land,1.944,Bio Bubble Wrap
P1591,Metal,857,Medium,Yes,Air,1.543,Minimalist Pouch
P1592,Glass,1856,High,No,Sea,2.784,Bio Bubble Wrap
P1593,Glass,791,Low,Yes,Land,1.187,Bio Bubble Wrap
P1594,Paper,1136,Medium,Yes,Land,1.022,Paper Wrap
P1595,Plastic,234,High,Yes,Land,0.491,Recycled Cardboard
P1596,Metal,1029,Medium,No,Land,1.852,Bio Bubble Wrap
P1597,Glass,409,Medium,Yes,Land,0.614,Bio Bubble Wrap
P1598,Paper,824,High,Yes,Sea,0.742,Paper Wrap
P1599,Metal,1704,Medium,Yes,Air,3.067,Recycled Cardboard
P1600,Glass,476,Low,Yes,Air,0.714,Bio Bubble Wrap
P1601,Plastic,534,Medium,Yes,Land,1.121,Recycled Cardboard
P1602,Ceramic,427,Medium,Yes,Land,0.512,Bio Bubble Wrap
P1603,Plastic,343,High,No,Sea,0.72,Recycled Cardboard
P1604,Glass,416,Medium,Yes,Sea,0.624,Bio Bubble Wrap
P1605,Glass,405,Low,No,Land,0.608,Bio Bubble Wrap
P1606,Ceramic,1780,Medium,Yes,Land,2.136,Bio Bubble Wrap
P1607,Metal,623,Medium,Yes,Sea,1.121,Recycled Cardboard
P1608,Glass,1546,High,Yes,Air,2.319,Bio Bubble Wrap
P1609,Plastic,1280,High,Yes,Air,2.688,Recycled Cardboard
P1610,Paper,1451,Low,Yes,Sea,1.306,Paper Wrap
P1611,Glass,1444,Medium,Yes,Land,2.166,Bio Bubble Wrap
P1612,Glass,1498,Medium,No,Sea,2.247,Bio Bubble Wrap
P1613,Metal,1135,Low,Yes,Sea,2.043,Paper Wrap
P1614,Metal,416,Medium,No,Air,0.749,Minimalist Pouch
P1615,Metal,848,High,Yes,Land,1.526,Paper Wrap
P1616,Plastic,1002,Low,Yes,Land,2.104,Recycled Cardboard
P1617,Bioplastic,1876,Medium,Yes,Sea,1.313,Paper Wrap
P1618,Paper,1898,Medium,No,Sea,1.708,Paper Wrap
P1619,Bioplastic,1310,Medium,Yes,Land,0.917,Paper Wrap
P1620,Plastic,575,Low,Yes,Air,1.208,Recycled Cardboard
P1621,Metal,1903,Low,Yes,Sea,3.425,Minimalist Pouch
P1622,Metal,1344,Medium,Yes,Air,2.419,Bio Bubble Wrap
P1623,Glass,314,Low,No,Sea,0.471,Bio Bubble Wrap
P1624,Plastic,1733,Medium,Yes,Air,3.639,Recycled Cardboard
P1625,Glass,820,Low,No,Land,1.23,Bio Bubble Wrap
P1626,Glass,593,Medium,Yes,Land,0.889,Bio Bubble Wrap
P1627,Ceramic,1779,Medium,Yes,Sea,2.135,Bio Bubble Wrap
P1628,Metal,1785,Medium,Yes,Sea,3.213,Paper Wrap
P1629,Glass,1496,High,Yes,Land,2.244,Bio Bubble Wrap
P1630,Ceramic,1075,Low,No,Air,1.29,Bio Bubble Wrap
P1631,Paper,1265,Low,Yes,Air,1.139,Paper Wrap
P1632,Plastic,697,Medium,Yes,Air,1.464,Recycled Cardboard
P1633,Metal,1434,Medium,Yes,Air,2.581,Cornstarch Wrap
P1634,Bioplastic,1087,Low,Yes,Land,0.761,Paper Wrap
P1635,Plastic,1331,High,Yes,Sea,2.795,Recycled Cardboard
P1636,Metal,1494,High,Yes,Sea,2.689,Minimalist Pouch
P1637,Ceramic,178,Low,Yes,Air,0.214,Bio Bubble Wrap
P1638,Ceramic,1539,Medium,Yes,Air,1.847,Bio Bubble Wrap
P1639,Plastic,1501,High,Yes,Air,3.152,Recycled Cardboard
P1640,Bioplastic,769,Low,Yes,Air,0.538,Paper Wrap
P1641,Bioplastic,1256,Low,Yes,Sea,0.879,Paper Wrap
P1642,Glass,1177,Low,Yes,Sea,1.766,Bio Bubble Wrap
P1643,Metal,532,Low,Yes,Land,0.958,Recycled Cardboard
P1644,Metal,1802,Low,Yes,Sea,3.244,Minimalist Pouch
P1645,Glass,1607,Medium,Yes,Air,2.41,Bio Bubble Wrap
P1646,Paper,1926,Low,No,Land,1.733,Paper Wrap
P1647,Plastic,1917,Medium,Yes,Sea,4.026,Recycled Cardboard
P1648,Metal,1810,Medium,Yes,Air,3.258,Mushroom Foam
P1649,Glass,1601,Medium,Yes,Air,2.401,Bio Bubble Wrap
P1650,Paper,1266,Low,Yes,Sea,1.139,Paper Wrap
P1651,Metal,1799,Medium,No,Land,3.238,Bio Bubble Wrap
P1652,Paper,1967,Low,Yes,Air,1.77,Paper Wrap
P1653,Glass,530,Low,Yes,Land,0.795,Bio Bubble Wrap
P1654,Ceramic,599,High,Yes,Sea,0.719,Bio Bubble Wrap
P1655,Ceramic,456,High,Yes,Sea,0.547,Bio Bubble Wrap
P1656,Paper,109,Medium,Yes,Sea,0.098,Paper Wrap
P1657,Plastic,1002,Low,Yes,Sea,2.104,Recycled Cardboard
P1658,Plastic,1936,Low,Yes,Sea,4.066,Recycled Cardboard
P1659,Metal,1359,Low,No,Air,2.446,Recycled Cardboard
P1660,Bioplastic,1983,Medium,Yes,Air,1.388,Paper Wrap
P1661,Ceramic,1909,Low,Yes,Air,2.291,Bio Bubble Wrap
P1662,Metal,1975,Medium,No,Land,3.555,Paper Wrap
P1663,Ceramic,1373,Low,Yes,Sea,1.648,Bio Bubble Wrap
P1664,Metal,688,Low,No,Land,1.238,Recycled Cardboard
P1665,Ceramic,1393,Low,Yes,Sea,1.672,Bio Bubble Wrap
P1666,Paper,935,High,Yes,Land,0.842,Paper Wrap
P1667,Bioplastic,973,Medium,Yes,Air,0.681,Paper Wrap
P1668,Ceramic,1437,Medium,Yes,Land,1.724,Bio Bubble Wrap
P1669,Paper,1167,Medium,No,Air,1.05,Paper Wrap
P1670,Ceramic,561,Medium,Yes,Land,0.673,Bio Bubble Wrap
P1671,Metal,1841,High,No,Air,3.314,Mushroom Foam
P1672,Glass,537,Medium,Yes,Air,0.805,Bio Bubble Wrap
P1673,Ceramic,1330,Medium,Yes,Sea,1.596,Bio Bubble Wrap
P1674,Plastic,810,Medium,No,Land,1.701,Recycled Cardboard
P1675,Bioplastic,126,Low,Yes,Land,0.088,Paper Wrap
P1676,Bioplastic,888,High,Yes,Sea,0.622,Paper Wrap
P1677,Paper,1954,Low,Yes,Sea,1.759,Paper Wrap
P1678,Plastic,561,Low,Yes,Land,1.178,Recycled Cardboard
P1679,Bioplastic,1311,Low,Yes,Sea,0.918,Paper Wrap
P1680,Plastic,1352,Low,Yes,Sea,2.839,Recycled Cardboard
P1681,Bioplastic,937,High,Yes,Land,0.656,Paper Wrap
P1682,Metal,795,Medium,Yes,Sea,1.431,Paper Wrap
P1683,Plastic,870,Low,Yes,Sea,1.827,Recycled Cardboard
P1684,Ceramic,1997,Medium,No,Sea,2.396,Bio Bubble Wrap
P1685,Metal,1916,Medium,Yes,Sea,3.449,Bio Bubble Wrap
P1686,Ceramic,1055,Medium,Yes,Sea,1.266,Bio Bubble Wrap
P1687,Glass,709,Low,Yes,Air,1.063,Bio Bubble Wrap
P1688,Ceramic,804,High,Yes,Sea,0.965,Bio Bubble Wrap
P1689,Paper,747,Low,Yes,Sea,0.672,Paper Wrap
P1690,Bioplastic,128,Low,Yes,Land,0.09,Paper Wrap
P1691,Paper,735,Low,Yes,Air,0.661,Paper Wrap
P1692,Bioplastic,1310,Medium,Yes,Air,0.917,Paper Wrap
P1693,Metal,1971,Medium,Yes,Air,3.548,Minimalist Pouch
P1694,Ceramic,176,Medium,No,Air,0.211,Bio Bubble Wrap
P1695,Metal,1672,Medium,Yes,Sea,3.01,Cornstarch Wrap
P1696,Paper,1328,Low,No,Air,1.195,Paper Wrap
P1697,Plastic,132,Low,No,Land,0.277,Recycled Cardboard
P1698,Metal,1910,Medium,Yes,Air,3.438,Minimalist Pouch
P1699,Plastic,155,Medium,Yes,Land,0.326,Recycled Cardboard
P1700,Metal,1897,Medium,Yes,Sea,3.415,Bio Bubble Wrap
P1701,Glass,1247,High,Yes,Sea,1.871,Bio Bubble Wrap
P1702,Metal,785,High,No,Air,1.413,Cornstarch Wrap
P1703,Paper,1625,Low,Yes,Sea,1.462,Paper Wrap
P1704,Bioplastic,833,Medium,Yes,Land,0.583,Paper Wrap
P1705,Bioplastic,1978,Medium,Yes,Air,1.385,Paper Wrap
P1706,Bioplastic,1296,High,Yes,Land,0.907,Paper Wrap
P1707,Bioplastic,624,Medium,Yes,Air,0.437,Paper Wrap
P1708,Ceramic,585,Low,Yes,Air,0.702,Bio Bubble Wrap
P1709,Bioplastic,1264,Medium,Yes,Air,0.885,Paper Wrap
P1710,Ceramic,1501,Medium,Yes,Sea,1.801,Bio Bubble Wrap
P1711,Ceramic,801,Medium,No,Land,0.961,Bio Bubble Wrap
P1712,Metal,1634,Low,No,Air,2.941,Cornstarch Wrap
P1713,Ceramic,1619,Low,Yes,Land,1.943,Bio Bubble Wrap
P1714,Ceramic,1230,Medium,Yes,Air,1.476,Bio Bubble Wrap
P1715,Plastic,815,Low,Yes,Sea,1.712,Recycled Cardboard
P1716,Plastic,1692,Low,Yes,Sea,3.553,Recycled Cardboard
P1717,Bioplastic,831,Medium,Yes,Land,0.582,Paper Wrap
P1718,Bioplastic,530,High,Yes,Sea,0.371,Paper Wrap
P1719,Paper,1457,Medium,Yes,Sea,1.311,Paper Wrap
P1720,Metal,671,Low,Yes,Air,1.208,Minimalist Pouch
P1721,Ceramic,1720,Medium,No,Land,2.064,Bio Bubble Wrap
P1722,Metal,963,Low,Yes,Land,1.733,Minimalist Pouch
P1723,Ceramic,1148,Low,Yes,Air,1.378,Bio Bubble Wrap
P1724,Plastic,1002,Low,Yes,Sea,2.104,Recycled Cardboard
P1725,Plastic,1734,Low,No,Air,3.641,Recycled Cardboard
P1726,Ceramic,261,Low,Yes,Sea,0.313,Bio Bubble Wrap
P1727,Bioplastic,1885,Low,Yes,Land,1.319,Paper Wrap
P1728,Ceramic,1543,Low,Yes,Land,1.852,Bio Bubble Wrap
P1729,Ceramic,1825,Low,Yes,Sea,2.19,Bio Bubble Wrap
P1730,Bioplastic,855,Low,Yes,Land,0.599,Paper Wrap
P1731,Plastic,1603,Medium,Yes,Sea,3.366,Recycled Cardboard
P1732,Metal,1645,Low,Yes,Land,2.961,Cornstarch Wrap
P1733,Bioplastic,196,Low,No,Land,0.137,Paper Wrap
P1734,Paper,1850,Low,No,Air,1.665,Paper Wrap
P1735,Glass,689,High,Yes,Land,1.034,Bio Bubble Wrap
P1736,Glass,1951,Medium,Yes,Air,2.926,Bio Bubble Wrap
P1737,Bioplastic,705,Low,Yes,Land,0.493,Paper Wrap
P1738,Metal,1739,High,Yes,Land,3.13,Recycled Cardboard
P1739,Bioplastic,1915,Medium,Yes,Land,1.341,Paper Wrap
P1740,Glass,596,Medium,Yes,Air,0.894,Bio Bubble Wrap
P1741,Plastic,1006,High,Yes,Sea,2.113,Recycled Cardboard
P1742,Metal,1835,High,No,Sea,3.303,Mushroom Foam
P1743,Ceramic,349,Low,No,Land,0.419,Bio Bubble Wrap
P1744,Plastic,1069,Medium,Yes,Land,2.245,Recycled Cardboard
P1745,Ceramic,1110,Low,Yes,Land,1.332,Bio Bubble Wrap
P1746,Metal,903,Low,Yes,Air,1.625,Minimalist Pouch
P1747,Paper,1922,Low,No,Air,1.73,Paper Wrap
P1748,Ceramic,1997,Low,No,Land,2.396,Bio Bubble Wrap
P1749,Plastic,1847,Medium,Yes,Air,3.879,Recycled Cardboard
P1750,Bioplastic,334,Medium,Yes,Land,0.234,Paper Wrap
P1751,Bioplastic,1752,Medium,Yes,Land,1.226,Paper Wrap
P1752,Plastic,630,High,Yes,Sea,1.323,Recycled Cardboard
P1753,Paper,143,Medium,Yes,Sea,0.129,Paper Wrap
P1754,Plastic,1550,High,Yes,Land,3.255,Recycled Cardboard
P1755,Plastic,1447,Low,Yes,Air,3.039,Recycled Cardboard
P1756,Metal,549,Medium,Yes,Air,0.988,Recycled Cardboard
P1757,Metal,574,Low,No,Sea,1.033,Bio Bubble Wrap
P1758,Paper,173,Low,Yes,Air,0.156,Paper Wrap
P1759,Ceramic,903,Low,Yes,Land,1.084,Bio Bubble Wrap
P1760,Plastic,1871,High,Yes,Air,3.929,Recycled Cardboard
P1761,Bioplastic,1258,Medium,Yes,Air,0.881,Paper Wrap
P1762,Paper,507,Medium,Yes,Land,0.456,Paper Wrap
P1763,Plastic,1058,Low,No,Sea,2.222,Recycled Cardboard
P1764,Metal,828,Medium,Yes,Air,1.49,Minimalist Pouch
P1765,Metal,146,High,Yes,Sea,0.263,Recycled Cardboard
P1766,Paper,880,Medium,Yes,Land,0.792,Paper Wrap
P1767,Paper,1295,High,Yes,Land,1.165,Paper Wrap
P1768,Plastic,819,Medium,Yes,Sea,1.72,Recycled Cardboard
P1769,Plastic,450,High,Yes,Sea,0.945,Recycled Cardboard
P1770,Bioplastic,633,Medium,Yes,Sea,0.443,Paper Wrap
P1771,Bioplastic,829,Low,Yes,Air,0.58,Paper Wrap
P1772,Plastic,662,Medium,Yes,Sea,1.39,Recycled Cardboard
P1773,Glass,522,Medium,Yes,Land,0.783,Bio Bubble Wrap
P1774,Plastic,1986,Low,No,Sea,4.171,Recycled Cardboard
P1775,Plastic,1795,Medium,Yes,Land,3.769,Recycled Cardboard
P1776,Paper,1203,High,Yes,Sea,1.083,Paper Wrap
P1777,Paper,1903,Low,Yes,Land,1.713,Paper Wrap
P1778,Bioplastic,1524,Medium,Yes,Land,1.067,Paper Wrap
P1779,Bioplastic,133,Low,No,Land,0.093,Paper Wrap
P1780,Plastic,512,Medium,Yes,Land,1.075,Recycled Cardboard
P1781,Glass,741,High,Yes,Air,1.111,Bio Bubble Wrap
P1782,Glass,342,Medium,Yes,Land,0.513,Bio Bubble Wrap
P1783,Paper,1297,High,Yes,Air,1.167,Paper Wrap
P1784,Paper,1607,Medium,Yes,Air,1.446,Paper Wrap
P1785,Paper,1352,Medium,Yes,Land,1.217,Paper Wrap
P1786,Ceramic,593,High,Yes,Air,0.712,Bio Bubble Wrap
P1787,Metal,1286,Low,Yes,Sea,2.315,Mushroom Foam
P1788,Ceramic,1651,Low,Yes,Sea,1.981,Bio Bubble Wrap
P1789,Ceramic,1248,High,Yes,Air,1.498,Bio Bubble Wrap
P1790,Metal,555,High,No,Sea,0.999,Paper Wrap
P1791,Paper,1277,Low,Yes,Air,1.149,Paper Wrap
P1792,Ceramic,1008,Medium,Yes,Land,1.21,Bio Bubble Wrap
P1793,Glass,988,Low,No,Land,1.482,Bio Bubble Wrap
P1794,Plastic,1990,Low,Yes,Land,4.179,Recycled Cardboard
P1795,Ceramic,302,High,Yes,Land,0.362,Bio Bubble Wrap
P1796,Paper,467,Medium,Yes,Sea,0.42,Paper Wrap
P1797,Ceramic,1872,Low,Yes,Land,2.246,Bio Bubble Wrap
P1798,Paper,535,High,Yes,Land,0.481,Paper Wrap
P1799,Paper,1828,High,Yes,Sea,1.645,Paper Wrap
P1800,Metal,1908,Medium,Yes,Sea,3.434,Minimalist Pouch
P1801,Paper,752,Low,No,Sea,0.677,Paper Wrap
P1802,Metal,1817,High,Yes,Land,3.271,Bio Bubble Wrap
P1803,Bioplastic,921,Low,Yes,Sea,0.645,Paper Wrap
P1804,Bioplastic,1688,Medium,No,Air,1.182,Paper Wrap
P1805,Ceramic,1212,Low,No,Land,1.454,Bio Bubble Wrap
P1806,Metal,1240,Medium,Yes,Air,2.232,Minimalist Pouch
P1807,Plastic,1896,Low,Yes,Sea,3.982,Recycled Cardboard
P1808,Ceramic,1836,Low,Yes,Land,2.203,Bio Bubble Wrap
P1809,Glass,1965,Low,Yes,Air,2.947,Bio Bubble Wrap
P1810,Bioplastic,556,Low,Yes,Air,0.389,Paper Wrap
P1811,Metal,1330,Low,Yes,Sea,2.394,Mushroom Foam
P1812,Glass,1038,Low,Yes,Sea,1.557,Bio Bubble Wrap
P1813,Glass,685,High,Yes,Sea,1.028,Bio Bubble Wrap
P1814,Ceramic,854,High,Yes,Sea,1.025,Bio Bubble Wrap
P1815,Metal,1539,Low,Yes,Sea,2.77,Cornstarch Wrap
P1816,Paper,444,High,Yes,Air,0.4,Paper Wrap
P1817,Paper,121,Medium,Yes,Air,0.109,Paper Wrap
P1818,Bioplastic,1043,Medium,Yes,Sea,0.73,Paper Wrap
P1819,Bioplastic,410,High,Yes,Sea,0.287,Paper Wrap
P1820,Ceramic,1154,Low,Yes,Air,1.385,Bio Bubble Wrap
P1821,Metal,424,Medium,No,Land,0.763,Paper Wrap
P1822,Ceramic,1506,High,Yes,Sea,1.807,Bio Bubble Wrap
P1823,Plastic,1430,Medium,Yes,Air,3.003,Recycled Cardboard
P1824,Bioplastic,1201,Low,Yes,Land,0.841,Paper Wrap
P1825,Glass,751,High,No,Air,1.127,Bio Bubble Wrap
P1826,Glass,146,Medium,Yes,Air,0.219,Bio Bubble Wrap
P1827,Glass,1214,Low,Yes,Sea,1.821,Bio Bubble Wrap
P1828,Plastic,1114,Medium,Yes,Sea,2.339,Recycled Cardboard
P1829,Plastic,1938,Low,No,Air,4.07,Recycled Cardboard
P1830,Glass,264,Medium,Yes,Air,0.396,Bio Bubble Wrap
P1831,Paper,1248,Medium,Yes,Air,1.123,Paper Wrap
P1832,Bioplastic,1346,Medium,Yes,Sea,0.942,Paper Wrap
P1833,Metal,330,Medium,No,Air,0.594,Bio Bubble Wrap
P1834,Glass,1020,High,Yes,Sea,1.53,Bio Bubble Wrap
P1835,Bioplastic,1006,Low,No,Land,0.704,Paper Wrap
P1836,Paper,1860,Low,Yes,Sea,1.674,Paper Wrap
P1837,Glass,174,Medium,Yes,Air,0.261,Bio Bubble Wrap
P1838,Paper,426,High,Yes,Sea,0.383,Paper Wrap
P1839,Plastic,1010,Low,Yes,Land,2.121,Recycled Cardboard
P1840,Metal,1134,Low,Yes,Sea,2.041,Bio Bubble Wrap
P1841,Ceramic,1598,Medium,Yes,Sea,1.918,Bio Bubble Wrap
P1842,Bioplastic,295,High,Yes,Air,0.206,Paper Wrap
P1843,Plastic,154,Low,No,Air,0.323,Recycled Cardboard
P1844,Glass,534,Low,Yes,Air,0.801,Bio Bubble Wrap
P1845,Plastic,1887,Low,Yes,Land,3.963,Recycled Cardboard
P1846,Metal,137,Low,Yes,Air,0.247,Mushroom Foam
P1847,Glass,558,High,Yes,Air,0.837,Bio Bubble Wrap
P1848,Paper,1441,Medium,Yes,Air,1.297,Paper Wrap
P1849,Bioplastic,115,Low,Yes,Air,0.081,Paper Wrap
P1850,Glass,1520,Medium,Yes,Sea,2.28,Bio Bubble Wrap
P1851,Metal,1605,Medium,Yes,Sea,2.889,Minimalist Pouch
P1852,Glass,349,Low,Yes,Sea,0.523,Bio Bubble Wrap
P1853,Glass,190,Medium,Yes,Land,0.285,Bio Bubble Wrap
P1854,Paper,1221,Low,Yes,Land,1.099,Paper Wrap
P1855,Bioplastic,1526,Low,No,Sea,1.068,Paper Wrap
P1856,Ceramic,526,Medium,Yes,Land,0.631,Bio Bubble Wrap
P1857,Paper,1873,Medium,Yes,Air,1.686,Paper Wrap
P1858,Metal,1387,Medium,Yes,Land,2.497,Cornstarch Wrap
P1859,Plastic,519,High,Yes,Sea,1.09,Recycled Cardboard
P1860,Metal,1446,Low,Yes,Air,2.603,Recycled Cardboard
P1861,Ceramic,1077,Medium,No,Air,1.292,Bio Bubble Wrap
P1862,Metal,441,Medium,No,Land,0.794,Mushroom Foam
P1863,Paper,1180,Low,Yes,Land,1.062,Paper Wrap
P1864,Glass,1148,Medium,No,Sea,1.722,Bio Bubble Wrap
P1865,Plastic,778,Medium,No,Land,1.634,Recycled Cardboard
P1866,Glass,1207,Low,Yes,Sea,1.81,Bio Bubble Wrap
P1867,Ceramic,1022,Low,Yes,Land,1.226,Bio Bubble Wrap
P1868,Bioplastic,1167,Low,Yes,Sea,0.817,Paper Wrap
P1869,Metal,1341,High,Yes,Land,2.414,Minimalist Pouch
P1870,Bioplastic,208,Medium,Yes,Air,0.146,Paper Wrap
P1871,Paper,1220,Medium,Yes,Land,1.098,Paper Wrap
P1872,Plastic,235,Low,No,Sea,0.493,Recycled Cardboard
P1873,Metal,637,Medium,Yes,Sea,1.147,Minimalist Pouch
P1874,Paper,1643,Low,Yes,Land,1.479,Paper Wrap
P1875,Plastic,1608,Low,No,Air,3.377,Recycled Cardboard
P1876,Bioplastic,928,Medium,Yes,Air,0.65,Paper Wrap
P1877,Ceramic,1385,Medium,Yes,Land,1.662,Bio Bubble Wrap
P1878,Paper,1971,Low,Yes,Air,1.774,Paper Wrap
P1879,Ceramic,869,Low,No,Air,1.043,Bio Bubble Wrap
P1880,Bioplastic,303,Low,No,Sea,0.212,Paper Wrap
P1881,Glass,1581,Low,Yes,Sea,2.372,Bio Bubble Wrap
P1882,Bioplastic,1763,Low,Yes,Sea,1.234,Paper Wrap
P1883,Metal,1826,Medium,Yes,Sea,3.287,Minimalist Pouch
P1884,Paper,145,High,No,Sea,0.131,Paper Wrap
P1885,Glass,1025,Low,Yes,Air,1.538,Bio Bubble Wrap
P1886,Glass,1973,Medium,Yes,Land,2.959,Bio Bubble Wrap
P1887,Paper,745,Medium,Yes,Sea,0.67,Paper Wrap
P1888,Plastic,919,Low,Yes,Sea,1.93,Recycled Cardboard
P1889,Paper,1023,Low,Yes,Sea,0.921,Paper Wrap
P1890,Glass,1614,Medium,Yes,Sea,2.421,Bio Bubble Wrap
P1891,Ceramic,1667,Low,Yes,Air,2.0,Bio Bubble Wrap
P1892,Bioplastic,1282,Low,Yes,Air,0.897,Paper Wrap
P1893,Ceramic,984,High,Yes,Land,1.181,Bio Bubble Wrap
P1894,Ceramic,1552,Medium,Yes,Sea,1.862,Bio Bubble Wrap
P1895,Bioplastic,465,Low,Yes,Land,0.326,Paper Wrap
P1896,Bioplastic,747,Low,Yes,Land,0.523,Paper Wrap
P1897,Bioplastic,558,Low,Yes,Sea,0.391,Paper Wrap
P1898,Paper,1664,Medium,Yes,Sea,1.498,Paper Wrap
P1899,Metal,1807,Medium,No,Sea,3.253,Bio Bubble Wrap
P1900,Ceramic,1076,Medium,No,Air,1.291,Bio Bubble Wrap
P1901,Metal,1181,Low,No,Land,2.126,Bio Bubble Wrap
P1902,Glass,327,Low,No,Sea,0.49,Bio Bubble Wrap
P1903,Plastic,920,Low,Yes,Air,1.932,Recycled Cardboard
P1904,Metal,360,Low,No,Sea,0.648,Cornstarch Wrap
P1905,Ceramic,1648,Medium,Yes,Land,1.978,Bio Bubble Wrap
P1906,Glass,142,Low,Yes,Land,0.213,Bio Bubble Wrap
P1907,Glass,1063,Low,Yes,Sea,1.595,Bio Bubble Wrap
P1908,Glass,802,Low,Yes,Air,1.203,Bio Bubble Wrap
P1909,Bioplastic,1417,High,No,Air,0.992,Paper Wrap
P1910,Bioplastic,1010,High,Yes,Air,0.707,Paper Wrap
P1911,Paper,572,High,Yes,Sea,0.515,Paper Wrap
P1912,Paper,1435,High,Yes,Land,1.292,Paper Wrap
P1913,Bioplastic,1971,Medium,Yes,Air,1.38,Paper Wrap
P1914,Metal,469,Medium,Yes,Land,0.844,Minimalist Pouch
P1915,Plastic,1849,Medium,Yes,Sea,3.883,Recycled Cardboard
P1916,Metal,589,Medium,Yes,Land,1.06,Cornstarch Wrap
P1917,Bioplastic,601,High,Yes,Air,0.421,Paper Wrap
P1918,Paper,335,Medium,Yes,Air,0.301,Paper Wrap
P1919,Ceramic,161,Medium,Yes,Air,0.193,Bio Bubble Wrap
P1920,Glass,876,Medium,Yes,Sea,1.314,Bio Bubble Wrap
P1921,Glass,203,Medium,Yes,Land,0.304,Bio Bubble Wrap
P1922,Paper,1160,High,Yes,Sea,1.044,Paper Wrap
P1923,Glass,1009,Medium,No,Land,1.514,Bio Bubble Wrap
P1924,Plastic,1405,Low,No,Land,2.95,Recycled Cardboard
P1925,Glass,1963,Medium,Yes,Air,2.945,Bio Bubble Wrap
P1926,Glass,1931,High,Yes,Sea,2.897,Bio Bubble Wrap
P1927,Glass,249,Low,Yes,Sea,0.373,Bio Bubble Wrap
P1928,Bioplastic,236,Low,Yes,Air,0.165,Paper Wrap
P1929,Paper,1099,Medium,Yes,Sea,0.989,Paper Wrap
P1930,Bioplastic,1788,Medium,Yes,Air,1.252,Paper Wrap
P1931,Glass,689,High,Yes,Air,1.034,Bio Bubble Wrap
P1932,Bioplastic,1232,Low,Yes,Air,0.862,Paper Wrap
P1933,Glass,449,Medium,Yes,Land,0.673,Bio Bubble Wrap
P1934,Plastic,870,Medium,Yes,Land,1.827,Recycled Cardboard
P1935,Metal,417,Medium,Yes,Air,0.751,Paper Wrap
P1936,Plastic,1679,Medium,Yes,Land,3.526,Recycled Cardboard
P1937,Glass,951,Low,Yes,Land,1.427,Bio Bubble Wrap
P1938,Ceramic,432,Medium,Yes,Sea,0.518,Bio Bubble Wrap
P1939,Ceramic,1091,Low,Yes,Air,1.309,Bio Bubble Wrap
P1940,Paper,297,Low,No,Sea,0.267,Paper Wrap
P1941,Bioplastic,1111,High,Yes,Land,0.778,Paper Wrap
P1942,Glass,1566,Medium,Yes,Sea,2.349,Bio Bubble Wrap
P1943,Paper,1767,Low,Yes,Land,1.59,Paper Wrap
P1944,Bioplastic,1947,Medium,Yes,Air,1.363,Paper Wrap
P1945,Paper,1876,Low,Yes,Sea,1.688,Paper Wrap
P1946,Plastic,501,High,No,Air,1.052,Recycled Cardboard
P1947,Paper,1921,Medium,Yes,Air,1.729,Paper Wrap
P1948,Bioplastic,426,Medium,Yes,Air,0.298,Paper Wrap
P1949,Plastic,753,Medium,Yes,Sea,1.581,Recycled Cardboard
P1950,Bioplastic,303,Medium,Yes,Sea,0.212,Paper Wrap
P1951,Bioplastic,498,Low,Yes,Air,0.349,Paper Wrap
P1952,Ceramic,681,High,Yes,Sea,0.817,Bio Bubble Wrap
P1953,Paper,1935,Medium,Yes,Sea,1.742,Paper Wrap
P1954,Glass,1829,High,Yes,Sea,2.744,Bio Bubble Wrap
P1955,Glass,1499,High,Yes,Air,2.248,Bio Bubble Wrap
P1956,Metal,759,Medium,No,Land,1.366,Mushroom Foam
P1957,Plastic,1254,Medium,Yes,Air,2.633,Recycled Cardboard
P1958,Plastic,1605,Medium,Yes,Land,3.37,Recycled Cardboard
P1959,Ceramic,1453,Low,Yes,Land,1.744,Bio Bubble Wrap
P1960,Metal,665,High,No,Land,1.197,Bio Bubble Wrap
P1961,Plastic,700,High,Yes,Sea,1.47,Recycled Cardboard
P1962,Bioplastic,1948,Medium,Yes,Sea,1.364,Paper Wrap
P1963,Glass,452,Low,No,Sea,0.678,Bio Bubble Wrap
P1964,Bioplastic,165,Medium,Yes,Air,0.115,Paper Wrap
P1965,Glass,831,Low,Yes,Land,1.246,Bio Bubble Wrap
P1966,Metal,1566,Low,Yes,Sea,2.819,Cornstarch Wrap
P1967,Bioplastic,326,High,No,Air,0.228,Paper Wrap
P1968,Plastic,1977,Low,Yes,Air,4.152,Recycled Cardboard
P1969,Plastic,1956,Low,Yes,Air,4.108,Recycled Cardboard
P1970,Glass,332,Low,Yes,Sea,0.498,Bio Bubble Wrap
P1971,Bioplastic,1909,High,No,Air,1.336,Paper Wrap
P1972,Ceramic,1057,High,Yes,Air,1.268,Bio Bubble Wrap
P1973,Ceramic,1970,Low,Yes,Air,2.364,Bio Bubble Wrap
P1974,Bioplastic,1782,Medium,No,Air,1.247,Paper Wrap
P1975,Glass,1261,Medium,Yes,Land,1.891,Bio Bubble Wrap
P1976,Metal,572,High,Yes,Land,1.03,Recycled Cardboard
P1977,Metal,167,Medium,No,Land,0.301,Minimalist Pouch
P1978,Plastic,429,Medium,Yes,Air,0.901,Recycled Cardboard
P1979,Plastic,614,Medium,Yes,Land,1.289,Recycled Cardboard
P1980,Metal,1347,Low,Yes,Land,2.425,Recycled Cardboard
P1981,Glass,1358,Low,No,Land,2.037,Bio Bubble Wrap
P1982,Glass,1099,High,No,Land,1.649,Bio Bubble Wrap
P1983,Bioplastic,723,High,Yes,Air,0.506,Paper Wrap
P1984,Plastic,1578,Low,Yes,Land,3.314,Recycled Cardboard
P1985,Bioplastic,620,Medium,Yes,Sea,0.434,Paper Wrap
P1986,Paper,1766,High,Yes,Land,1.589,Paper Wrap
P1987,Glass,990,High,Yes,Sea,1.485,Bio Bubble Wrap
P1988,Plastic,875,Medium,Yes,Air,1.837,Recycled Cardboard
P1989,Metal,679,Low,Yes,Land,1.222,Mushroom Foam
P1990,Plastic,775,High,No,Sea,1.627,Recycled Cardboard
P1991,Bioplastic,1393,Medium,Yes,Sea,0.975,Paper Wrap
P1992,Metal,1624,High,No,Air,2.923,Paper Wrap
P1993,Bioplastic,634,Medium,Yes,Sea,0.444,Paper Wrap
P1994,Ceramic,1119,Low,Yes,Land,1.343,Bio Bubble Wrap
P1995,Glass,1965,High,Yes,Sea,2.947,Bio Bubble Wrap
P1996,Bioplastic,1650,Medium,Yes,Land,1.155,Paper Wrap
P1997,Paper,275,Low,Yes,Air,0.247,Paper Wrap
P1998,Paper,244,Low,Yes,Sea,0.22,Paper Wrap
P1999,Paper,1487,Low,Yes,Sea,1.338,Paper Wrap
P2000,Metal,1808,Medium,Yes,Sea,3.254,Bio Bubble Wrap
P2001,Metal,358,High,No,Air,0.644,Bio Bubble Wrap
P2002,Paper,1697,High,Yes,Land,1.527,Paper Wrap
P2003,Plastic,1311,Medium,Yes,Land,2.753,Recycled Cardboard
P2004,Metal,1777,Low,Yes,Land,3.199,Paper Wrap
P2005,Bioplastic,777,Low,Yes,Sea,0.544,Paper Wrap
P2006,Plastic,1928,Low,No,Air,4.049,Recycled Cardboard
P2007,Plastic,1143,Low,Yes,Land,2.4,Recycled Cardboard
P2008,Paper,832,Medium,Yes,Land,0.749,Paper Wrap
P2009,Bioplastic,1206,Medium,No,Sea,0.844,Paper Wrap
P2010,Plastic,1860,Low,Yes,Air,3.906,Recycled Cardboard
P2011,Paper,228,Medium,Yes,Air,0.205,Paper Wrap
P2012,Metal,1428,Low,Yes,Sea,2.57,Cornstarch Wrap
P2013,Paper,993,Medium,No,Air,0.894,Paper Wrap
P2014,Bioplastic,212,Medium,Yes,Sea,0.148,Paper Wrap
P2015,Plastic,1085,High,Yes,Sea,2.279,Recycled Cardboard
P2016,Plastic,363,Low,Yes,Sea,0.762,Recycled Cardboard
P2017,Paper,1940,Medium,Yes,Land,1.746,Paper Wrap
P2018,Metal,720,Low,Yes,Land,1.296,Mushroom Foam
P2019,Ceramic,545,Low,Yes,Land,0.654,Bio Bubble Wrap
P2020,Plastic,939,Medium,Yes,Land,1.972,Recycled Cardboard
P2021,Paper,379,Low,No,Air,0.341,Paper Wrap
P2022,Plastic,1973,Medium,Yes,Sea,4.143,Recycled Cardboard
P2023,Plastic,1045,Medium,Yes,Sea,2.195,Recycled Cardboard
P2024,Ceramic,333,High,Yes,Sea,0.4,Bio Bubble Wrap
P2025,Plastic,1071,Low,Yes,Land,2.249,Recycled Cardboard
P2026,Plastic,939,Low,Yes,Sea,1.972,Recycled Cardboard
P2027,Paper,793,Medium,Yes,Sea,0.714,Paper Wrap
P2028,Metal,1541,Low,Yes,Land,2.774,Recycled Cardboard
P2029,Metal,224,High,No,Air,0.403,Cornstarch Wrap
P2030,Bioplastic,354,Low,Yes,Land,0.248,Paper Wrap
P2031,Plastic,1763,Low,Yes,Sea,3.702,Recycled Cardboard
P2032,Bioplastic,1231,Low,No,Sea,0.862,Paper Wrap
P2033,Plastic,222,Low,Yes,Sea,0.466,Recycled Cardboard
P2034,Metal,1778,Medium,Yes,Land,3.2,Bio Bubble Wrap
P2035,Ceramic,1399,High,Yes,Land,1.679,Bio Bubble Wrap
P2036,Glass,1609,Medium,No,Air,2.413,Bio Bubble Wrap
P2037,Metal,1536,Low,Yes,Sea,2.765,Paper Wrap
P2038,Ceramic,465,Medium,Yes,Sea,0.558,Bio Bubble Wrap
P2039,Metal,1160,Low,Yes,Air,2.088,Bio Bubble Wrap
P2040,Ceramic,1911,Low,Yes,Air,2.293,Bio Bubble Wrap
P2041,Metal,303,High,Yes,Land,0.545,Paper Wrap
P2042,Bioplastic,1737,Low,Yes,Air,1.216,Paper Wrap
P2043,Ceramic,898,Medium,No,Air,1.078,Bio Bubble Wrap
P2044,Paper,221,Low,Yes,Sea,0.199,Paper Wrap
P2045,Ceramic,419,Low,Yes,Air,0.503,Bio Bubble Wrap
P2046,Plastic,264,Medium,Yes,Sea,0.554,Recycled Cardboard
P2047,Plastic,979,Low,Yes,Land,2.056,Recycled Cardboard
P2048,Plastic,379,Medium,Yes,Air,0.796,Recycled Cardboard
P2049,Plastic,964,High,Yes,Sea,2.024,Recycled Cardboard
P2050,Paper,1950,High,Yes,Air,1.755,Paper Wrap
P2051,Bioplastic,1299,Low,Yes,Air,0.909,Paper Wrap
P2052,Plastic,1931,Medium,Yes,Sea,4.055,Recycled Cardboard
P2053,Paper,716,Low,Yes,Land,0.644,Paper Wrap
P2054,Bioplastic,1570,High,No,Sea,1.099,Paper Wrap
P2055,Metal,903,Low,Yes,Air,1.625,Recycled Cardboard
P2056,Metal,1212,Medium,Yes,Land,2.182,Minimalist Pouch
P2057,Metal,1622,Low,Yes,Land,2.92,Minimalist Pouch
P2058,Metal,146,Medium,No,Land,0.263,Recycled Cardboard
P2059,Bioplastic,1337,Medium,No,Land,0.936,Paper Wrap
P2060,Bioplastic,1829,Low,Yes,Air,1.28,Paper Wrap
P2061,Bioplastic,628,Medium,Yes,Land,0.44,Paper Wrap
P2062,Glass,1680,Low,Yes,Sea,2.52,Bio Bubble Wrap
P2063,Metal,1493,Low,Yes,Land,2.687,Paper Wrap
P2064,Plastic,386,High,Yes,Sea,0.811,Recycled Cardboard
P2065,Ceramic,1958,Medium,No,Air,2.35,Bio Bubble Wrap
P2066,Plastic,284,Low,No,Land,0.596,Recycled Cardboard
P2067,Bioplastic,175,Low,No,Land,0.122,Paper Wrap
P2068,Metal,1172,Low,Yes,Sea,2.11,Paper Wrap
P2069,Glass,1976,Medium,Yes,Sea,2.964,Bio Bubble Wrap
P2070,Metal,1024,Medium,Yes,Land,1.843,Cornstarch Wrap
P2071,Metal,1268,Medium,Yes,Air,2.282,Paper Wrap
P2072,Glass,588,High,Yes,Land,0.882,Bio Bubble Wrap
P2073,Plastic,1111,Medium,Yes,Air,2.333,Recycled Cardboard
P2074,Glass,1339,Medium,Yes,Land,2.009,Bio Bubble Wrap
P2075,Plastic,1264,Medium,Yes,Air,2.654,Recycled Cardboard
P2076,Metal,1411,High,No,Air,2.54,Paper Wrap
P2077,Ceramic,1450,Medium,Yes,Air,1.74,Bio Bubble Wrap
P2078,Plastic,766,Medium,No,Land,1.609,Recycled Cardboard
P2079,Ceramic,1465,Medium,No,Sea,1.758,Bio Bubble Wrap
P2080,Paper,1903,Low,No,Sea,1.713,Paper Wrap
P2081,Metal,283,Medium,Yes,Sea,0.509,Recycled Cardboard
P2082,Ceramic,1559,Medium,Yes,Air,1.871,Bio Bubble Wrap
P2083,Glass,1023,Medium,No,Sea,1.534,Bio Bubble Wrap
P2084,Paper,1234,Low,Yes,Land,1.111,Paper Wrap
P2085,Metal,1187,Medium,Yes,Sea,2.137,Cornstarch Wrap
P2086,Metal,1024,Low,Yes,Land,1.843,Recycled Cardboard
P2087,Glass,181,High,Yes,Land,0.272,Bio Bubble Wrap
P2088,Bioplastic,697,Medium,Yes,Sea,0.488,Paper Wrap
P2089,Ceramic,1785,High,Yes,Air,2.142,Bio Bubble Wrap
P2090,Plastic,163,Low,Yes,Land,0.342,Recycled Cardboard
P2091,Metal,242,Medium,Yes,Land,0.436,Bio Bubble Wrap
P2092,Ceramic,1090,Low,Yes,Air,1.308,Bio Bubble Wrap
P2093,Plastic,1637,Low,Yes,Land,3.438,Recycled Cardboard
P2094,Paper,1544,Low,Yes,Sea,1.39,Paper Wrap
P2095,Ceramic,845,Low,Yes,Air,1.014,Bio Bubble Wrap
P2096,Plastic,391,Low,Yes,Land,0.821,Recycled Cardboard
P2097,Glass,194,Medium,Yes,Sea,0.291,Bio Bubble Wrap
P2098,Glass,1892,Low,Yes,Sea,2.838,Bio Bubble Wrap
P2099,Ceramic,103,Low,Yes,Sea,0.124,Bio Bubble Wrap
P2100,Glass,1194,Low,Yes,Sea,1.791,Bio Bubble Wrap
P2101,Paper,699,High,No,Land,0.629,Paper Wrap
P2102,Plastic,749,Low,No,Air,1.573,Recycled Cardboard
P2103,Plastic,1632,Low,Yes,Land,3.427,Recycled Cardboard
P2104,Glass,1277,Medium,Yes,Land,1.915,Bio Bubble Wrap
P2105,Plastic,313,High,Yes,Air,0.657,Recycled Cardboard
P2106,Metal,207,Medium,Yes,Land,0.373,Cornstarch Wrap
P2107,Paper,1150,Low,Yes,Air,1.035,Paper Wrap
P2108,Ceramic,359,High,Yes,Land,0.431,Bio Bubble Wrap
P2109,Bioplastic,1030,Low,Yes,Sea,0.721,Paper Wrap
P2110,Glass,666,Low,Yes,Sea,0.999,Bio Bubble Wrap
P2111,Glass,1329,Low,Yes,Sea,1.994,Bio Bubble Wrap
P2112,Bioplastic,979,High,Yes,Land,0.685,Paper Wrap
P2113,Plastic,1881,High,Yes,Sea,3.95,Recycled Cardboard
P2114,Bioplastic,911,Low,Yes,Sea,0.638,Paper Wrap
P2115,Glass,1803,High,No,Land,2.704,Bio Bubble Wrap
P2116,Bioplastic,1515,Low,Yes,Sea,1.06,Paper Wrap
P2117,Plastic,1850,High,Yes,Sea,3.885,Recycled Cardboard
P2118,Paper,1503,Low,Yes,Sea,1.353,Paper Wrap
P2119,Paper,1113,Low,Yes,Air,1.002,Paper Wrap
P2120,Glass,1425,Medium,Yes,Land,2.138,Bio Bubble Wrap
P2121,Metal,1881,Low,No,Sea,3.386,Cornstarch Wrap
P2122,Ceramic,1119,Medium,Yes,Sea,1.343,Bio Bubble Wrap
P2123,Glass,548,Medium,Yes,Air,0.822,Bio Bubble Wrap
P2124,Glass,1257,Low,No,Air,1.885,Bio Bubble Wrap
P2125,Metal,1626,High,Yes,Land,2.927,Paper Wrap
P2126,Paper,140,Low,Yes,Air,0.126,Paper Wrap
P2127,Metal,979,Medium,No,Air,1.762,Recycled Cardboard
P2128,Bioplastic,1442,Medium,Yes,Sea,1.009,Paper Wrap
P2129,Glass,1481,Low,Yes,Air,2.221,Bio Bubble Wrap
P2130,Paper,1527,Low,Yes,Air,1.374,Paper Wrap
P2131,Glass,139,Low,Yes,Sea,0.208,Bio Bubble Wrap
P2132,Glass,1985,Low,Yes,Sea,2.978,Bio Bubble Wrap
P2133,Glass,190,Medium,Yes,Sea,0.285,Bio Bubble Wrap
P2134,Plastic,916,Medium,Yes,Sea,1.924,Recycled Cardboard
P2135,Paper,446,High,Yes,Land,0.401,Paper Wrap
P2136,Glass,293,Medium,Yes,Sea,0.44,Bio Bubble Wrap
P2137,Bioplastic,1561,Medium,Yes,Land,1.093,Paper Wrap
P2138,Metal,769,Low,Yes,Air,1.384,Bio Bubble Wrap
P2139,Bioplastic,404,Low,No,Sea,0.283,Paper Wrap
P2140,Bioplastic,1917,Low,No,Land,1.342,Paper Wrap
P2141,Plastic,1738,Low,No,Sea,3.65,Recycled Cardboard
P2142,Ceramic,1206,Low,No,Land,1.447,Bio Bubble Wrap
P2143,Ceramic,735,Low,Yes,Sea,0.882,Bio Bubble Wrap
P2144,Glass,1416,Medium,Yes,Air,2.124,Bio Bubble Wrap
P2145,Bioplastic,1741,High,Yes,Air,1.219,Paper Wrap
P2146,Plastic,419,Low,Yes,Air,0.88,Recycled Cardboard
P2147,Ceramic,904,High,Yes,Sea,1.085,Bio Bubble Wrap
P2148,Plastic,719,Medium,Yes,Land,1.51,Recycled Cardboard
P2149,Paper,1239,Low,No,Air,1.115,Paper Wrap
P2150,Paper,1403,High,Yes,Air,1.263,Paper Wrap
P2151,Bioplastic,1072,Medium,Yes,Land,0.75,Paper Wrap
P2152,Ceramic,1813,High,Yes,Land,2.176,Bio Bubble Wrap
P2153,Plastic,1782,Medium,Yes,Air,3.742,Recycled Cardboard
P2154,Glass,1339,Medium,Yes,Land,2.009,Bio Bubble Wrap
P2155,Plastic,478,High,No,Sea,1.004,Recycled Cardboard
P2156,Glass,1979,Low,Yes,Air,2.969,Bio Bubble Wrap
P2157,Glass,505,Medium,Yes,Land,0.757,Bio Bubble Wrap
P2158,Metal,1600,Medium,Yes,Air,2.88,Mushroom Foam
P2159,Bioplastic,273,High,Yes,Land,0.191,Paper Wrap
P2160,Plastic,923,Medium,Yes,Air,1.938,Recycled Cardboard
P2161,Metal,1800,Medium,Yes,Air,3.24,Recycled Cardboard
P2162,Glass,1375,High,Yes,Land,2.062,Bio Bubble Wrap
P2163,Paper,428,Medium,Yes,Sea,0.385,Paper Wrap
P2164,Metal,299,Medium,Yes,Land,0.538,Cornstarch Wrap
P2165,Glass,852,Low,Yes,Sea,1.278,Bio Bubble Wrap
P2166,Paper,366,Low,Yes,Sea,0.329,Paper Wrap
P2167,Bioplastic,659,High,No,Air,0.461,Paper Wrap
P2168,Metal,656,Medium,Yes,Land,1.181,Paper Wrap
P2169,Plastic,111,Low,No,Sea,0.233,Recycled Cardboard
P2170,Metal,1906,Low,Yes,Sea,3.431,Paper Wrap
P2171,Plastic,1413,Medium,No,Sea,2.967,Recycled Cardboard
P2172,Ceramic,922,Low,Yes,Land,1.106,Bio Bubble Wrap
P2173,Bioplastic,1353,High,Yes,Sea,0.947,Paper Wrap
P2174,Ceramic,504,Low,Yes,Air,0.605,Bio Bubble Wrap
P2175,Metal,823,Low,Yes,Sea,1.481,Mushroom Foam
P2176,Ceramic,1647,High,Yes,Land,1.976,Bio Bubble Wrap
P2177,Ceramic,513,Medium,Yes,Air,0.616,Bio Bubble Wrap
P2178,Plastic,1028,Medium,Yes,Air,2.159,Recycled Cardboard
P2179,Bioplastic,771,Low,Yes,Land,0.54,Paper Wrap
P2180,Ceramic,1923,Low,Yes,Land,2.308,Bio Bubble Wrap
P2181,Glass,835,Low,Yes,Sea,1.252,Bio Bubble Wrap
P2182,Paper,1837,High,Yes,Air,1.653,Paper Wrap
P2183,Metal,1452,Low,Yes,Air,2.614,Paper Wrap
P2184,Metal,1803,Medium,Yes,Land,3.245,Recycled Cardboard
P2185,Glass,943,Low,Yes,Air,1.415,Bio Bubble Wrap
P2186,Paper,506,Low,No,Air,0.455,Paper Wrap
P2187,Bioplastic,321,Medium,Yes,Air,0.225,Paper Wrap
P2188,Ceramic,1698,Low,No,Sea,2.038,Bio Bubble Wrap
P2189,Metal,1945,Medium,Yes,Sea,3.501,Minimalist Pouch
P2190,Metal,454,Low,Yes,Sea,0.817,Minimalist Pouch
P2191,Metal,508,Medium,Yes,Land,0.914,Cornstarch Wrap
P2192,Plastic,1899,Medium,Yes,Land,3.988,Recycled Cardboard
P2193,Bioplastic,181,High,Yes,Air,0.127,Paper Wrap
P2194,Ceramic,161,Low,Yes,Air,0.193,Bio Bubble Wrap
P2195,Bioplastic,614,High,Yes,Land,0.43,Paper Wrap
P2196,Paper,1660,High,Yes,Air,1.494,Paper Wrap
P2197,Glass,1794,Medium,Yes,Sea,2.691,Bio Bubble Wrap
P2198,Ceramic,1890,Low,Yes,Land,2.268,Bio Bubble Wrap
P2199,Bioplastic,681,Low,Yes,Land,0.477,Paper Wrap
P2200,Ceramic,647,Medium,No,Sea,0.776,Bio Bubble Wrap
P2201,Bioplastic,1646,Low,Yes,Air,1.152,Paper Wrap
P2202,Plastic,757,Low,Yes,Sea,1.59,Recycled Cardboard
P2203,Plastic,1520,Medium,No,Land,3.192,Recycled Cardboard
P2204,Metal,1876,Low,Yes,Air,3.377,Paper Wrap
P2205,Plastic,404,Medium,Yes,Land,0.848,Recycled Cardboard
P2206,Paper,573,Medium,Yes,Land,0.516,Paper Wrap
P2207,Ceramic,888,Medium,Yes,Air,1.066,Bio Bubble Wrap
P2208,Plastic,761,Medium,Yes,Land,1.598,Recycled Cardboard
P2209,Paper,362,Medium,Yes,Sea,0.326,Paper Wrap
P2210,Metal,1557,Low,Yes,Land,2.803,Minimalist Pouch
P2211,Metal,148,Low,Yes,Air,0.266,Paper Wrap
P2212,Glass,189,Low,Yes,Land,0.283,Bio Bubble Wrap
P2213,Ceramic,1160,Low,No,Land,1.392,Bio Bubble Wrap
P2214,Paper,1453,Medium,Yes,Sea,1.308,Paper Wrap
P2215,Paper,1919,Medium,Yes,Air,1.727,Paper Wrap
P2216,Ceramic,723,Low,No,Air,0.868,Bio Bubble Wrap
P2217,Glass,537,High,Yes,Air,0.805,Bio Bubble Wrap
P2218,Glass,706,Low,Yes,Air,1.059,Bio Bubble Wrap
P2219,Ceramic,473,Medium,Yes,Air,0.568,Bio Bubble Wrap
P2220,Metal,214,Medium,No,Land,0.385,Cornstarch Wrap
P2221,Glass,991,Low,Yes,Land,1.486,Bio Bubble Wrap
P2222,Metal,806,Low,Yes,Sea,1.451,Bio Bubble Wrap
P2223,Metal,1736,Low,Yes,Air,3.125,Bio Bubble Wrap
P2224,Paper,873,Medium,Yes,Sea,0.786,Paper Wrap
P2225,Paper,968,Low,Yes,Air,0.871,Paper Wrap
P2226,Metal,561,Medium,Yes,Sea,1.01,Minimalist Pouch
P2227,Glass,1208,High,Yes,Land,1.812,Bio Bubble Wrap
P2228,Glass,1393,Medium,Yes,Air,2.09,Bio Bubble Wrap
P2229,Metal,503,Low,Yes,Sea,0.905,Mushroom Foam
P2230,Bioplastic,1404,Low,Yes,Sea,0.983,Paper Wrap
P2231,Metal,1232,Medium,Yes,Sea,2.218,Cornstarch Wrap
P2232,Glass,803,Low,Yes,Air,1.204,Bio Bubble Wrap
P2233,Ceramic,1822,Medium,Yes,Land,2.186,Bio Bubble Wrap
P2234,Bioplastic,951,Low,Yes,Air,0.666,Paper Wrap
P2235,Bioplastic,1237,High,Yes,Sea,0.866,Paper Wrap
P2236,Plastic,1312,Medium,Yes,Sea,2.755,Recycled Cardboard
P2237,Ceramic,711,Low,Yes,Land,0.853,Bio Bubble Wrap
P2238,Ceramic,1647,Medium,Yes,Air,1.976,Bio Bubble Wrap
P2239,Metal,1564,Low,No,Land,2.815,Bio Bubble Wrap
P2240,Plastic,123,Medium,Yes,Air,0.258,Recycled Cardboard
P2241,Paper,1393,Low,Yes,Sea,1.254,Paper Wrap
P2242,Plastic,348,Medium,Yes,Air,0.731,Recycled Cardboard
P2243,Paper,1731,Low,No,Land,1.558,Paper Wrap
P2244,Paper,474,Medium,Yes,Air,0.427,Paper Wrap
P2245,Ceramic,294,Low,Yes,Land,0.353,Bio Bubble Wrap
P2246,Plastic,1250,Low,Yes,Land,2.625,Recycled Cardboard
P2247,Glass,292,High,Yes,Sea,0.438,Bio Bubble Wrap
P2248,Metal,269,High,Yes,Sea,0.484,Cornstarch Wrap
P2249,Glass,300,Low,Yes,Air,0.45,Bio Bubble Wrap
P2250,Bioplastic,1119,High,Yes,Air,0.783,Paper Wrap
P2251,Metal,187,Medium,No,Land,0.337,Cornstarch Wrap
P2252,Bioplastic,509,Medium,Yes,Sea,0.356,Paper Wrap
P2253,Metal,1089,Low,Yes,Air,1.96,Minimalist Pouch
P2254,Plastic,788,High,No,Sea,1.655,Recycled Cardboard
P2255,Bioplastic,1953,Medium,Yes,Land,1.367,Paper Wrap
P2256,Metal,1784,Low,Yes,Air,3.211,Recycled Cardboard
P2257,Paper,1092,Low,Yes,Air,0.983,Paper Wrap
P2258,Glass,946,High,Yes,Land,1.419,Bio Bubble Wrap
P2259,Plastic,429,Medium,Yes,Air,0.901,Recycled Cardboard
P2260,Metal,944,Medium,Yes,Land,1.699,Mushroom Foam
P2261,Metal,258,Low,Yes,Air,0.464,Paper Wrap
P2262,Paper,1700,High,Yes,Land,1.53,Paper Wrap
P2263,Bioplastic,880,Low,Yes,Air,0.616,Paper Wrap
P2264,Bioplastic,915,Medium,Yes,Land,0.64,Paper Wrap
P2265,Metal,389,Low,Yes,Sea,0.7,Minimalist Pouch
P2266,Metal,1665,Low,No,Sea,2.997,Mushroom Foam
P2267,Bioplastic,1940,High,Yes,Sea,1.358,Paper Wrap
P2268,Glass,306,Low,No,Sea,0.459,Bio Bubble Wrap
P2269,Metal,1412,High,No,Sea,2.542,Minimalist Pouch
P2270,Bioplastic,227,Medium,Yes,Air,0.159,Paper Wrap
P2271,Ceramic,400,Low,No,Land,0.48,Bio Bubble Wrap
P2272,Plastic,1529,Low,Yes,Land,3.211,Recycled Cardboard
P2273,Bioplastic,391,Low,Yes,Land,0.274,Paper Wrap
P2274,Plastic,583,Medium,Yes,Air,1.224,Recycled Cardboard
P2275,Bioplastic,398,Low,No,Land,0.279,Paper Wrap
P2276,Glass,1449,Medium,Yes,Land,2.174,Bio Bubble Wrap
P2277,Bioplastic,284,Medium,Yes,Land,0.199,Paper Wrap
P2278,Bioplastic,974,Low,Yes,Sea,0.682,Paper Wrap
P2279,Bioplastic,1595,Medium,Yes,Land,1.117,Paper Wrap
P2280,Ceramic,845,Medium,Yes,Air,1.014,Bio Bubble Wrap
P2281,Plastic,1730,Medium,Yes,Sea,3.633,Recycled Cardboard
P2282,Ceramic,888,Medium,Yes,Air,1.066,Bio Bubble Wrap
P2283,Metal,365,Low,Yes,Sea,0.657,Paper Wrap
P2284,Plastic,643,Medium,Yes,Land,1.35,Recycled Cardboard
P2285,Metal,1121,Low,Yes,Sea,2.018,Bio Bubble Wrap
P2286,Bioplastic,321,Low,Yes,Sea,0.225,Paper Wrap
P2287,Glass,1619,Low,Yes,Land,2.429,Bio Bubble Wrap
P2288,Paper,610,High,Yes,Land,0.549,Paper Wrap
P2289,Ceramic,1099,High,Yes,Land,1.319,Bio Bubble Wrap
P2290,Ceramic,1853,Low,Yes,Sea,2.224,Bio Bubble Wrap
P2291,Paper,744,Medium,No,Sea,0.67,Paper Wrap
P2292,Paper,924,High,Yes,Land,0.832,Paper Wrap
P2293,Metal,1197,Low,Yes,Land,2.155,Cornstarch Wrap
P2294,Ceramic,1978,Low,Yes,Land,2.374,Bio Bubble Wrap
P2295,Bioplastic,578,Medium,No,Sea,0.405,Paper Wrap
P2296,Glass,917,Medium,Yes,Land,1.375,Bio Bubble Wrap
P2297,Bioplastic,1019,Low,Yes,Land,0.713,Paper Wrap
P2298,Bioplastic,1092,Low,No,Sea,0.764,Paper Wrap
P2299,Paper,854,Medium,Yes,Land,0.769,Paper Wrap
P2300,Bioplastic,1963,Medium,Yes,Air,1.374,Paper Wrap
P2301,Glass,106,Low,Yes,Sea,0.159,Bio Bubble Wrap
P2302,Plastic,559,Low,Yes,Air,1.174,Recycled Cardboard
P2303,Glass,245,High,No,Air,0.367,Bio Bubble Wrap
P2304,Glass,358,Low,No,Land,0.537,Bio Bubble Wrap
P2305,Bioplastic,1685,Medium,Yes,Air,1.179,Paper Wrap
P2306,Plastic,154,Low,Yes,Air,0.323,Recycled Cardboard
P2307,Bioplastic,1514,Medium,Yes,Air,1.06,Paper Wrap
P2308,Paper,1686,Medium,Yes,Air,1.517,Paper Wrap
P2309,Paper,940,Medium,Yes,Land,0.846,Paper Wrap
P2310,Glass,1148,High,Yes,Sea,1.722,Bio Bubble Wrap
P2311,Paper,1026,Low,Yes,Land,0.923,Paper Wrap
P2312,Glass,598,Medium,Yes,Land,0.897,Bio Bubble Wrap
P2313,Bioplastic,1916,Low,Yes,Air,1.341,Paper Wrap
P2314,Paper,1827,Low,Yes,Sea,1.644,Paper Wrap
P2315,Metal,1338,Medium,Yes,Sea,2.408,Cornstarch Wrap
P2316,Paper,270,High,No,Air,0.243,Paper Wrap
P2317,Plastic,456,Low,Yes,Sea,0.958,Recycled Cardboard
P2318,Metal,522,Medium,Yes,Sea,0.94,Mushroom Foam
P2319,Plastic,1667,Low,Yes,Air,3.501,Recycled Cardboard
P2320,Paper,445,High,Yes,Air,0.401,Paper Wrap
P2321,Ceramic,1017,Medium,No,Land,1.22,Bio Bubble Wrap
P2322,Paper,139,Low,Yes,Air,0.125,Paper Wrap
P2323,Paper,452,High,Yes,Air,0.407,Paper Wrap
P2324,Metal,390,Medium,Yes,Sea,0.702,Paper Wrap
P2325,Ceramic,415,Medium,Yes,Air,0.498,Bio Bubble Wrap
P2326,Plastic,700,High,No,Land,1.47,Recycled Cardboard
P2327,Metal,1423,Medium,Yes,Land,2.561,Mushroom Foam
P2328,Glass,1670,Low,Yes,Sea,2.505,Bio Bubble Wrap
P2329,Bioplastic,360,Low,Yes,Land,0.252,Paper Wrap
P2330,Plastic,1094,Medium,Yes,Land,2.297,Recycled Cardboard
P2331,Plastic,1841,Low,Yes,Land,3.866,Recycled Cardboard
P2332,Ceramic,1265,Low,Yes,Sea,1.518,Bio Bubble Wrap
P2333,Metal,522,Medium,Yes,Land,0.94,Minimalist Pouch
P2334,Glass,740,Medium,Yes,Air,1.11,Bio Bubble Wrap
P2335,Ceramic,1558,Medium,No,Land,1.87,Bio Bubble Wrap
P2336,Ceramic,345,Medium,Yes,Air,0.414,Bio Bubble Wrap
P2337,Paper,554,Low,Yes,Land,0.499,Paper Wrap
P2338,Glass,657,Low,Yes,Air,0.986,Bio Bubble Wrap
P2339,Bioplastic,616,Low,No,Sea,0.431,Paper Wrap
P2340,Bioplastic,1281,High,Yes,Air,0.897,Paper Wrap
P2341,Plastic,360,High,Yes,Land,0.756,Recycled Cardboard
P2342,Bioplastic,1194,Medium,Yes,Sea,0.836,Paper Wrap
P2343,Plastic,416,Medium,Yes,Sea,0.874,Recycled Cardboard
P2344,Ceramic,189,Low,Yes,Air,0.227,Bio Bubble Wrap
P2345,Plastic,1579,Low,Yes,Sea,3.316,Recycled Cardboard
P2346,Bioplastic,1095,Medium,Yes,Land,0.766,Paper Wrap
P2347,Glass,1314,Low,Yes,Air,1.971,Bio Bubble Wrap
P2348,Plastic,190,Medium,Yes,Air,0.399,Recycled Cardboard
P2349,Ceramic,1113,High,Yes,Land,1.336,Bio Bubble Wrap
P2350,Glass,1738,Low,Yes,Land,2.607,Bio Bubble Wrap
P2351,Plastic,1755,Medium,Yes,Air,3.686,Recycled Cardboard
P2352,Plastic,223,High,Yes,Sea,0.468,Recycled Cardboard
P2353,Paper,386,Low,Yes,Land,0.347,Paper Wrap
P2354,Ceramic,1203,Low,Yes,Land,1.444,Bio Bubble Wrap
P2355,Metal,482,Medium,Yes,Air,0.868,Bio Bubble Wrap
P2356,Bioplastic,1916,Medium,No,Land,1.341,Paper Wrap
P2357,Ceramic,772,Medium,Yes,Air,0.926,Bio Bubble Wrap
P2358,Plastic,198,Low,Yes,Sea,0.416,Recycled Cardboard
P2359,Plastic,455,Low,Yes,Land,0.956,Recycled Cardboard
P2360,Bioplastic,1433,Medium,Yes,Land,1.003,Paper Wrap
P2361,Glass,616,Medium,Yes,Air,0.924,Bio Bubble Wrap
P2362,Paper,1476,Medium,Yes,Land,1.328,Paper Wrap
P2363,Metal,1285,High,Yes,Land,2.313,Recycled Cardboard
P2364,Ceramic,329,Medium,Yes,Land,0.395,Bio Bubble Wrap
P2365,Bioplastic,1016,High,Yes,Sea,0.711,Paper Wrap
P2366,Ceramic,1145,Medium,Yes,Land,1.374,Bio Bubble Wrap
P2367,Glass,626,Low,Yes,Sea,0.939,Bio Bubble Wrap
P2368,Plastic,462,High,Yes,Land,0.97,Recycled Cardboard
P2369,Paper,1411,Medium,Yes,Air,1.27,Paper Wrap
P2370,Bioplastic,710,Medium,No,Air,0.497,Paper Wrap
P2371,Plastic,1572,High,Yes,Sea,3.301,Recycled Cardboard
P2372,Glass,1769,Medium,Yes,Air,2.654,Bio Bubble Wrap
P2373,Glass,1072,Medium,Yes,Sea,1.608,Bio Bubble Wrap
P2374,Metal,1062,Medium,No,Land,1.912,Mushroom Foam
P2375,Ceramic,1072,High,Yes,Sea,1.286,Bio Bubble Wrap
P2376,Plastic,1335,High,Yes,Land,2.804,Recycled Cardboard
P2377,Metal,597,Low,Yes,Air,1.075,Bio Bubble Wrap
P2378,Glass,410,Medium,No,Land,0.615,Bio Bubble Wrap
P2379,Metal,193,High,No,Land,0.347,Bio Bubble Wrap
P2380,Metal,1699,Low,Yes,Sea,3.058,Bio Bubble Wrap
P2381,Bioplastic,1541,Medium,Yes,Land,1.079,Paper Wrap
P2382,Glass,1757,Medium,Yes,Land,2.635,Bio Bubble Wrap
P2383,Plastic,790,Low,No,Land,1.659,Recycled Cardboard
P2384,Metal,1215,High,Yes,Air,2.187,Bio Bubble Wrap
P2385,Metal,198,Low,Yes,Air,0.356,Bio Bubble Wrap
P2386,Metal,1938,High,Yes,Sea,3.488,Paper Wrap
P2387,Paper,1492,Medium,Yes,Sea,1.343,Paper Wrap
P2388,Glass,382,Medium,Yes,Sea,0.573,Bio Bubble Wrap
P2389,Paper,1077,High,Yes,Air,0.969,Paper Wrap
P2390,Paper,1252,Low,Yes,Air,1.127,Paper Wrap
P2391,Plastic,943,Low,Yes,Air,1.98,Recycled Cardboard
P2392,Metal,595,High,Yes,Land,1.071,Minimalist Pouch
P2393,Glass,758,Low,Yes,Land,1.137,Bio Bubble Wrap
P2394,Paper,917,High,Yes,Air,0.825,Paper Wrap
P2395,Bioplastic,551,High,Yes,Land,0.386,Paper Wrap
P2396,Ceramic,1067,Low,No,Land,1.28,Bio Bubble Wrap
P2397,Metal,1045,Low,Yes,Sea,1.881,Recycled Cardboard
P2398,Metal,653,Low,No,Sea,1.175,Minimalist Pouch
P2399,Glass,1655,Medium,Yes,Sea,2.482,Bio Bubble Wrap
P2400,Bioplastic,1195,High,Yes,Sea,0.837,Paper Wrap
P2401,Plastic,1616,High,No,Air,3.394,Recycled Cardboard
P2402,Plastic,1356,High,No,Land,2.848,Recycled Cardboard
P2403,Ceramic,1817,High,Yes,Air,2.18,Bio Bubble Wrap
P2404,Bioplastic,1272,Low,No,Air,0.89,Paper Wrap
P2405,Metal,701,High,No,Sea,1.262,Recycled Cardboard
P2406,Metal,1176,High,Yes,Air,2.117,Cornstarch Wrap
P2407,Metal,1123,High,Yes,Sea,2.021,Mushroom Foam
P2408,Paper,559,Low,Yes,Land,0.503,Paper Wrap
P2409,Ceramic,1942,Low,Yes,Land,2.33,Bio Bubble Wrap
P2410,Bioplastic,939,Low,Yes,Sea,0.657,Paper Wrap
P2411,Bioplastic,796,Medium,Yes,Air,0.557,Paper Wrap
P2412,Ceramic,1435,Low,Yes,Air,1.722,Bio Bubble Wrap
P2413,Metal,227,Medium,Yes,Land,0.409,Bio Bubble Wrap
P2414,Metal,1620,High,Yes,Land,2.916,Paper Wrap
P2415,Metal,1456,Medium,Yes,Land,2.621,Paper Wrap
P2416,Plastic,727,Medium,Yes,Sea,1.527,Recycled Cardboard
P2417,Metal,1751,High,Yes,Air,3.152,Mushroom Foam
P2418,Plastic,1827,Medium,No,Air,3.837,Recycled Cardboard
P2419,Paper,1667,Low,No,Land,1.5,Paper Wrap
P2420,Metal,1264,Low,Yes,Land,2.275,Bio Bubble Wrap
P2421,Bioplastic,1876,Low,Yes,Air,1.313,Paper Wrap
P2422,Plastic,487,Low,Yes,Land,1.023,Recycled Cardboard
P2423,Metal,1189,High,Yes,Air,2.14,Recycled Cardboard
P2424,Ceramic,1871,Low,Yes,Air,2.245,Bio Bubble Wrap
P2425,Plastic,1619,Medium,Yes,Air,3.4,Recycled Cardboard
P2426,Ceramic,1145,Medium,Yes,Air,1.374,Bio Bubble Wrap
P2427,Bioplastic,1217,Medium,Yes,Land,0.852,Paper Wrap
P2428,Ceramic,1313,Medium,Yes,Sea,1.576,Bio Bubble Wrap
P2429,Glass,1756,Medium,No,Sea,2.634,Bio Bubble Wrap
P2430,Bioplastic,302,Medium,Yes,Land,0.211,Paper Wrap
P2431,Glass,150,Medium,Yes,Sea,0.225,Bio Bubble Wrap
P2432,Plastic,1304,Medium,Yes,Sea,2.738,Recycled Cardboard
P2433,Plastic,1014,Low,Yes,Land,2.129,Recycled Cardboard
P2434,Bioplastic,1446,Low,Yes,Air,1.012,Paper Wrap
P2435,Glass,990,Medium,Yes,Land,1.485,Bio Bubble Wrap
P2436,Bioplastic,1276,Medium,Yes,Sea,0.893,Paper Wrap
P2437,Ceramic,1061,Medium,Yes,Land,1.273,Bio Bubble Wrap
P2438,Plastic,1647,High,Yes,Land,3.459,Recycled Cardboard
P2439,Metal,166,Medium,Yes,Sea,0.299,Paper Wrap
P2440,Ceramic,1160,High,Yes,Land,1.392,Bio Bubble Wrap
P2441,Glass,1847,Low,Yes,Air,2.771,Bio Bubble Wrap
P2442,Plastic,1584,High,Yes,Land,3.326,Recycled Cardboard
P2443,Ceramic,860,Low,Yes,Sea,1.032,Bio Bubble Wrap
P2444,Paper,231,High,Yes,Air,0.208,Paper Wrap
P2445,Metal,810,Medium,Yes,Land,1.458,Bio Bubble Wrap
P2446,Bioplastic,1015,Medium,Yes,Air,0.711,Paper Wrap
P2447,Bioplastic,1091,Low,Yes,Sea,0.764,Paper Wrap
P2448,Bioplastic,248,Medium,Yes,Sea,0.174,Paper Wrap
P2449,Paper,384,Medium,Yes,Sea,0.346,Paper Wrap
P2450,Paper,1001,High,Yes,Sea,0.901,Paper Wrap
P2451,Bioplastic,136,Medium,Yes,Land,0.095,Paper Wrap
P2452,Glass,684,Medium,Yes,Air,1.026,Bio Bubble Wrap
P2453,Ceramic,1577,Low,Yes,Sea,1.892,Bio Bubble Wrap
P2454,Metal,1605,Low,Yes,Sea,2.889,Mushroom Foam
P2455,Paper,1386,High,Yes,Air,1.247,Paper Wrap
P2456,Plastic,377,High,Yes,Air,0.792,Recycled Cardboard
P2457,Bioplastic,284,Low,Yes,Sea,0.199,Paper Wrap
P2458,Plastic,207,Low,Yes,Air,0.435,Recycled Cardboard
P2459,Paper,1996,High,Yes,Land,1.796,Paper Wrap
P2460,Metal,424,Low,No,Sea,0.763,Bio Bubble Wrap
P2461,Paper,229,Medium,Yes,Land,0.206,Paper Wrap
P2462,Glass,963,High,Yes,Land,1.444,Bio Bubble Wrap
P2463,Bioplastic,1099,Low,Yes,Air,0.769,Paper Wrap
P2464,Bioplastic,631,Medium,Yes,Sea,0.442,Paper Wrap
P2465,Paper,436,Medium,Yes,Sea,0.392,Paper Wrap
P2466,Paper,1409,Low,Yes,Land,1.268,Paper Wrap
P2467,Bioplastic,1022,Medium,No,Sea,0.715,Paper Wrap
P2468,Bioplastic,800,Low,No,Land,0.56,Paper Wrap
P2469,Ceramic,1595,Low,No,Sea,1.914,Bio Bubble Wrap
P2470,Glass,219,Medium,Yes,Land,0.329,Bio Bubble Wrap
P2471,Bioplastic,443,Low,Yes,Sea,0.31,Paper Wrap
P2472,Ceramic,1036,Low,Yes,Sea,1.243,Bio Bubble Wrap
P2473,Metal,1802,Low,Yes,Sea,3.244,Cornstarch Wrap
P2474,Plastic,1914,Low,Yes,Land,4.019,Recycled Cardboard
P2475,Paper,503,Low,Yes,Sea,0.453,Paper Wrap
P2476,Paper,135,High,Yes,Land,0.121,Paper Wrap
P2477,Glass,1537,Low,Yes,Land,2.305,Bio Bubble Wrap
P2478,Metal,1281,Medium,Yes,Sea,2.306,Recycled Cardboard
P2479,Paper,1042,High,Yes,Land,0.938,Paper Wrap
P2480,Paper,1293,Medium,Yes,Land,1.164,Paper Wrap
P2481,Plastic,1658,Medium,Yes,Sea,3.482,Recycled Cardboard
P2482,Paper,1259,High,Yes,Land,1.133,Paper Wrap
P2483,Plastic,1141,Medium,No,Sea,2.396,Recycled Cardboard
P2484,Plastic,511,Medium,Yes,Air,1.073,Recycled Cardboard
P2485,Plastic,184,Low,Yes,Land,0.386,Recycled Cardboard
P2486,Plastic,1515,High,Yes,Land,3.182,Recycled Cardboard
P2487,Paper,332,Low,Yes,Land,0.299,Paper Wrap
P2488,Paper,827,Medium,Yes,Air,0.744,Paper Wrap
P2489,Glass,1232,Low,Yes,Air,1.848,Bio Bubble Wrap
P2490,Plastic,1741,Medium,Yes,Air,3.656,Recycled Cardboard
P2491,Ceramic,1188,Medium,Yes,Air,1.426,Bio Bubble Wrap
P2492,Paper,991,Medium,No,Air,0.892,Paper Wrap
P2493,Bioplastic,750,High,Yes,Air,0.525,Paper Wrap
P2494,Ceramic,1314,High,Yes,Land,1.577,Bio Bubble Wrap
P2495,Metal,1973,Low,Yes,Land,3.551,Mushroom Foam
P2496,Ceramic,625,Low,Yes,Land,0.75,Bio Bubble Wrap
P2497,Ceramic,592,Medium,Yes,Sea,0.71,Bio Bubble Wrap
P2498,Bioplastic,248,Medium,Yes,Air,0.174,Paper Wrap
P2499,Metal,1761,Low,No,Air,3.17,Recycled Cardboard
P2500,Ceramic,1359,Medium,Yes,Sea,1.631,Bio Bubble Wrap
P2501,Ceramic,1698,High,Yes,Sea,2.038,Bio Bubble Wrap
P2502,Glass,745,Low,No,Sea,1.117,Bio Bubble Wrap
P2503,Ceramic,634,Low,Yes,Land,0.761,Bio Bubble Wrap
P2504,Glass,1680,High,Yes,Sea,2.52,Bio Bubble Wrap
P2505,Ceramic,922,High,Yes,Sea,1.106,Bio Bubble Wrap
P2506,Paper,1970,Medium,Yes,Land,1.773,Paper Wrap
P2507,Plastic,1386,Low,Yes,Air,2.911,Recycled Cardboard
P2508,Ceramic,1119,Medium,Yes,Sea,1.343,Bio Bubble Wrap
P2509,Paper,1833,Low,Yes,Sea,1.65,Paper Wrap
P2510,Glass,1167,Low,Yes,Land,1.75,Bio Bubble Wrap
P2511,Plastic,782,Medium,Yes,Air,1.642,Recycled Cardboard
P2512,Ceramic,736,Low,No,Land,0.883,Bio Bubble Wrap
P2513,Plastic,1447,Medium,No,Land,3.039,Recycled Cardboard
P2514,Glass,1484,High,Yes,Sea,2.226,Bio Bubble Wrap
P2515,Metal,132,Medium,Yes,Land,0.238,Cornstarch Wrap
P2516,Ceramic,720,High,Yes,Air,0.864,Bio Bubble Wrap
P2517,Paper,159,Medium,Yes,Sea,0.143,Paper Wrap
P2518,Paper,766,Low,Yes,Land,0.689,Paper Wrap
P2519,Ceramic,1243,Low,Yes,Land,1.492,Bio Bubble Wrap
P2520,Plastic,461,Medium,No,Air,0.968,Recycled Cardboard
P2521,Metal,645,High,Yes,Land,1.161,Minimalist Pouch
P2522,Glass,1860,High,Yes,Sea,2.79,Bio Bubble Wrap
P2523,Paper,1426,Low,Yes,Sea,1.283,Paper Wrap
P2524,Metal,588,Medium,No,Land,1.058,Minimalist Pouch
P2525,Metal,1606,High,Yes,Land,2.891,Bio Bubble Wrap
P2526,Bioplastic,1579,Medium,Yes,Sea,1.105,Paper Wrap
P2527,Glass,502,Medium,Yes,Land,0.753,Bio Bubble Wrap
P2528,Ceramic,1051,High,No,Sea,1.261,Bio Bubble Wrap
P2529,Plastic,1935,Low,Yes,Air,4.064,Recycled Cardboard
P2530,Metal,967,Medium,Yes,Sea,1.741,Bio Bubble Wrap
P2531,Paper,1419,Low,Yes,Air,1.277,Paper Wrap
P2532,Bioplastic,1311,Medium,Yes,Air,0.918,Paper Wrap
P2533,Ceramic,584,Medium,Yes,Sea,0.701,Bio Bubble Wrap
P2534,Paper,392,Low,Yes,Land,0.353,Paper Wrap
P2535,Bioplastic,1322,Medium,No,Sea,0.925,Paper Wrap
P2536,Metal,343,Low,No,Air,0.617,Bio Bubble Wrap
P2537,Plastic,1034,Medium,Yes,Air,2.171,Recycled Cardboard
P2538,Glass,1124,Low,Yes,Land,1.686,Bio Bubble Wrap
P2539,Plastic,1046,Medium,Yes,Sea,2.197,Recycled Cardboard
P2540,Bioplastic,380,Medium,No,Air,0.266,Paper Wrap
P2541,Bioplastic,1562,Low,Yes,Sea,1.093,Paper Wrap
P2542,Ceramic,1555,Medium,Yes,Air,1.866,Bio Bubble Wrap
P2543,Glass,873,Medium,No,Land,1.31,Bio Bubble Wrap
P2544,Paper,1587,High,Yes,Air,1.428,Paper Wrap
P2545,Bioplastic,1103,Medium,No,Air,0.772,Paper Wrap
P2546,Plastic,393,Low,No,Air,0.825,Recycled Cardboard
P2547,Glass,1204,Medium,Yes,Land,1.806,Bio Bubble Wrap
P2548,Bioplastic,105,High,No,Sea,0.073,Paper Wrap
P2549,Ceramic,350,High,Yes,Air,0.42,Bio Bubble Wrap
P2550,Ceramic,1388,High,Yes,Air,1.666,Bio Bubble Wrap
P2551,Bioplastic,492,Medium,Yes,Air,0.344,Paper Wrap
P2552,Metal,1728,Low,Yes,Land,3.11,Mushroom Foam
P2553,Bioplastic,568,Low,Yes,Air,0.398,Paper Wrap
P2554,Bioplastic,1121,High,Yes,Sea,0.785,Paper Wrap
P2555,Metal,632,Medium,Yes,Air,1.138,Recycled Cardboard
P2556,Metal,1066,Low,No,Sea,1.919,Mushroom Foam
P2557,Plastic,275,Low,Yes,Sea,0.578,Recycled Cardboard
P2558,Metal,1511,Medium,Yes,Air,2.72,Mushroom Foam
P2559,Glass,1075,Low,Yes,Sea,1.613,Bio Bubble Wrap
P2560,Glass,1439,Low,No,Air,2.159,Bio Bubble Wrap
P2561,Glass,156,High,No,Sea,0.234,Bio Bubble Wrap
P2562,Paper,1309,Low,Yes,Air,1.178,Paper Wrap
P2563,Ceramic,503,Low,Yes,Air,0.604,Bio Bubble Wrap
P2564,Glass,1459,Medium,Yes,Land,2.188,Bio Bubble Wrap
P2565,Bioplastic,1992,Low,Yes,Air,1.394,Paper Wrap
P2566,Bioplastic,680,High,Yes,Land,0.476,Paper Wrap
P2567,Ceramic,1142,Low,Yes,Air,1.37,Bio Bubble Wrap
P2568,Glass,1360,Medium,No,Sea,2.04,Bio Bubble Wrap
P2569,Bioplastic,986,Medium,Yes,Land,0.69,Paper Wrap
P2570,Plastic,713,Medium,Yes,Air,1.497,Recycled Cardboard
P2571,Paper,1891,Low,Yes,Sea,1.702,Paper Wrap
P2572,Glass,433,Medium,No,Air,0.649,Bio Bubble Wrap
P2573,Metal,1014,Low,No,Land,1.825,Paper Wrap
P2574,Bioplastic,1895,High,Yes,Air,1.327,Paper Wrap
P2575,Metal,339,Medium,Yes,Sea,0.61,Minimalist Pouch
P2576,Glass,386,High,Yes,Land,0.579,Bio Bubble Wrap
P2577,Bioplastic,1926,Low,No,Air,1.348,Paper Wrap
P2578,Plastic,554,Medium,Yes,Air,1.163,Recycled Cardboard
P2579,Paper,1831,High,Yes,Air,1.648,Paper Wrap
P2580,Plastic,598,Medium,No,Air,1.256,Recycled Cardboard
P2581,Plastic,1967,Low,Yes,Air,4.131,Recycled Cardboard
P2582,Plastic,587,Low,Yes,Air,1.233,Recycled Cardboard
P2583,Plastic,657,High,Yes,Sea,1.38,Recycled Cardboard
P2584,Plastic,1298,Medium,Yes,Air,2.726,Recycled Cardboard
P2585,Paper,1135,Medium,Yes,Land,1.022,Paper Wrap
P2586,Metal,780,Low,Yes,Land,1.404,Bio Bubble Wrap
P2587,Plastic,714,Low,Yes,Air,1.499,Recycled Cardboard
P2588,Metal,920,Low,Yes,Air,1.656,Paper Wrap
P2589,Glass,1600,Low,Yes,Air,2.4,Bio Bubble Wrap
P2590,Bioplastic,1440,Medium,Yes,Air,1.008,Paper Wrap
P2591,Glass,1889,High,Yes,Land,2.833,Bio Bubble Wrap
P2592,Metal,631,Low,Yes,Air,1.136,Bio Bubble Wrap
P2593,Bioplastic,1588,Low,No,Sea,1.112,Paper Wrap
P2594,Metal,1085,High,Yes,Sea,1.953,Mushroom Foam
P2595,Ceramic,870,Low,Yes,Sea,1.044,Bio Bubble Wrap
P2596,Metal,935,Medium,Yes,Sea,1.683,Recycled Cardboard
P2597,Ceramic,447,High,Yes,Air,0.536,Bio Bubble Wrap
P2598,Ceramic,1277,High,Yes,Land,1.532,Bio Bubble Wrap
P2599,Glass,154,Low,Yes,Air,0.231,Bio Bubble Wrap
P2600,Paper,141,Medium,Yes,Air,0.127,Paper Wrap
P2601,Ceramic,1162,High,No,Air,1.394,Bio Bubble Wrap
P2602,Paper,658,Medium,Yes,Land,0.592,Paper Wrap
P2603,Paper,589,Low,Yes,Land,0.53,Paper Wrap
P2604,Glass,1601,Low,Yes,Land,2.401,Bio Bubble Wrap
P2605,Plastic,187,High,Yes,Sea,0.393,Recycled Cardboard
P2606,Ceramic,1992,Low,No,Air,2.39,Bio Bubble Wrap
P2607,Bioplastic,1966,Low,Yes,Air,1.376,Paper Wrap
P2608,Plastic,1645,High,Yes,Land,3.454,Recycled Cardboard
P2609,Metal,1631,High,Yes,Air,2.936,Recycled Cardboard
P2610,Ceramic,1636,Low,Yes,Sea,1.963,Bio Bubble Wrap
P2611,Metal,896,Medium,Yes,Land,1.613,Minimalist Pouch
P2612,Plastic,1509,Medium,Yes,Air,3.169,Recycled Cardboard
P2613,Glass,482,Low,Yes,Land,0.723,Bio Bubble Wrap
P2614,Ceramic,1677,Low,Yes,Sea,2.012,Bio Bubble Wrap
P2615,Glass,1269,Medium,Yes,Air,1.903,Bio Bubble Wrap
P2616,Bioplastic,566,Medium,Yes,Air,0.396,Paper Wrap
P2617,Glass,1991,Medium,Yes,Air,2.986,Bio Bubble Wrap
P2618,Bioplastic,590,Low,No,Air,0.413,Paper Wrap
P2619,Ceramic,1243,High,Yes,Air,1.492,Bio Bubble Wrap
P2620,Plastic,535,Low,Yes,Land,1.123,Recycled Cardboard
P2621,Bioplastic,1602,Medium,Yes,Land,1.121,Paper Wrap
P2622,Bioplastic,1219,High,No,Air,0.853,Paper Wrap
P2623,Paper,865,Medium,Yes,Land,0.778,Paper Wrap
P2624,Plastic,1210,High,Yes,Sea,2.541,Recycled Cardboard
P2625,Glass,318,High,Yes,Sea,0.477,Bio Bubble Wrap
P2626,Metal,290,Low,Yes,Land,0.522,Cornstarch Wrap
P2627,Ceramic,1516,Medium,Yes,Air,1.819,Bio Bubble Wrap
P2628,Metal,173,Low,No,Air,0.311,Minimalist Pouch
P2629,Plastic,1659,High,Yes,Air,3.484,Recycled Cardboard
P2630,Paper,374,Low,No,Land,0.337,Paper Wrap
P2631,Paper,162,Medium,Yes,Land,0.146,Paper Wrap
P2632,Paper,1106,Medium,Yes,Air,0.995,Paper Wrap
P2633,Metal,839,Low,Yes,Sea,1.51,Recycled Cardboard
P2634,Metal,749,Medium,Yes,Sea,1.348,Minimalist Pouch
P2635,Paper,1293,Medium,Yes,Air,1.164,Paper Wrap
P2636,Metal,1405,Low,Yes,Air,2.529,Recycled Cardboard
P2637,Paper,1914,High,Yes,Air,1.723,Paper Wrap
P2638,Metal,537,Low,Yes,Land,0.967,Paper Wrap
P2639,Glass,1312,High,Yes,Air,1.968,Bio Bubble Wrap
P2640,Bioplastic,1154,Low,Yes,Land,0.808,Paper Wrap
P2641,Ceramic,957,Low,No,Sea,1.148,Bio Bubble Wrap
P2642,Paper,211,Medium,No,Sea,0.19,Paper Wrap
P2643,Bioplastic,842,Low,Yes,Land,0.589,Paper Wrap
P2644,Bioplastic,1470,Low,No,Land,1.029,Paper Wrap
P2645,Plastic,1938,High,Yes,Air,4.07,Recycled Cardboard
P2646,Paper,1886,Medium,Yes,Sea,1.697,Paper Wrap
P2647,Paper,1218,High,Yes,Sea,1.096,Paper Wrap
P2648,Bioplastic,1061,Medium,No,Sea,0.743,Paper Wrap
P2649,Glass,257,Low,Yes,Air,0.386,Bio Bubble Wrap
P2650,Paper,1734,Medium,No,Sea,1.561,Paper Wrap
P2651,Ceramic,559,Medium,Yes,Air,0.671,Bio Bubble Wrap
P2652,Ceramic,850,High,Yes,Air,1.02,Bio Bubble Wrap
P2653,Plastic,374,Medium,Yes,Air,0.785,Recycled Cardboard
P2654,Glass,438,Low,Yes,Sea,0.657,Bio Bubble Wrap
P2655,Paper,1487,Low,Yes,Sea,1.338,Paper Wrap
P2656,Plastic,1656,Low,Yes,Air,3.478,Recycled Cardboard
P2657,Ceramic,147,Low,Yes,Sea,0.176,Bio Bubble Wrap
P2658,Ceramic,1297,High,Yes,Sea,1.556,Bio Bubble Wrap
P2659,Metal,920,Medium,No,Land,1.656,Minimalist Pouch
P2660,Bioplastic,873,Low,Yes,Air,0.611,Paper Wrap
P2661,Paper,1091,High,No,Land,0.982,Paper Wrap
P2662,Paper,160,Low,Yes,Land,0.144,Paper Wrap
P2663,Plastic,1144,Medium,Yes,Sea,2.402,Recycled Cardboard
P2664,Ceramic,1868,Medium,No,Land,2.242,Bio Bubble Wrap
P2665,Metal,258,High,Yes,Air,0.464,Recycled Cardboard
P2666,Plastic,1210,Medium,Yes,Land,2.541,Recycled Cardboard
P2667,Glass,265,Medium,Yes,Land,0.398,Bio Bubble Wrap
P2668,Plastic,1574,Medium,No,Sea,3.305,Recycled Cardboard
P2669,Bioplastic,1122,Medium,Yes,Air,0.785,Paper Wrap
P2670,Ceramic,129,Low,Yes,Air,0.155,Bio Bubble Wrap
P2671,Metal,192,Low,Yes,Sea,0.346,Bio Bubble Wrap
P2672,Ceramic,1101,Low,Yes,Land,1.321,Bio Bubble Wrap
P2673,Ceramic,1053,Low,Yes,Sea,1.264,Bio Bubble Wrap
P2674,Bioplastic,418,Low,Yes,Sea,0.293,Paper Wrap
P2675,Metal,513,Medium,No,Land,0.923,Mushroom Foam
P2676,Paper,1914,Low,Yes,Air,1.723,Paper Wrap
P2677,Bioplastic,601,Medium,Yes,Sea,0.421,Paper Wrap
P2678,Glass,167,Low,Yes,Air,0.251,Bio Bubble Wrap
P2679,Glass,1047,Low,Yes,Sea,1.571,Bio Bubble Wrap
P2680,Paper,1632,Low,Yes,Land,1.469,Paper Wrap
P2681,Paper,1684,Medium,Yes,Air,1.516,Paper Wrap
P2682,Glass,1804,Low,Yes,Air,2.706,Bio Bubble Wrap
P2683,Bioplastic,1593,Low,Yes,Air,1.115,Paper Wrap
P2684,Plastic,874,Medium,No,Air,1.835,Recycled Cardboard
P2685,Paper,623,High,Yes,Air,0.561,Paper Wrap
P2686,Bioplastic,1633,Low,Yes,Sea,1.143,Paper Wrap
P2687,Bioplastic,296,Medium,Yes,Sea,0.207,Paper Wrap
P2688,Metal,1885,Medium,Yes,Air,3.393,Bio Bubble Wrap
P2689,Ceramic,510,Medium,No,Sea,0.612,Bio Bubble Wrap
P2690,Plastic,599,High,Yes,Sea,1.258,Recycled Cardboard
P2691,Paper,870,Low,Yes,Air,0.783,Paper Wrap
P2692,Ceramic,490,Low,No,Sea,0.588,Bio Bubble Wrap
P2693,Glass,1363,Low,Yes,Sea,2.045,Bio Bubble Wrap
P2694,Bioplastic,1936,Low,Yes,Air,1.355,Paper Wrap
P2695,Plastic,560,Medium,Yes,Sea,1.176,Recycled Cardboard
P2696,Plastic,1696,Medium,Yes,Sea,3.562,Recycled Cardboard
P2697,Glass,140,Low,No,Air,0.21,Bio Bubble Wrap
P2698,Paper,347,High,Yes,Air,0.312,Paper Wrap
P2699,Plastic,205,High,Yes,Air,0.43,Recycled Cardboard
P2700,Metal,1014,Medium,Yes,Land,1.825,Minimalist Pouch
P2701,Metal,185,Low,Yes,Land,0.333,Bio Bubble Wrap
P2702,Glass,367,Medium,Yes,Land,0.55,Bio Bubble Wrap
P2703,Ceramic,1228,Medium,Yes,Sea,1.474,Bio Bubble Wrap
P2704,Ceramic,1293,Low,Yes,Sea,1.552,Bio Bubble Wrap
P2705,Plastic,755,Medium,Yes,Land,1.585,Recycled Cardboard
P2706,Metal,800,Low,Yes,Land,1.44,Cornstarch Wrap
P2707,Bioplastic,587,High,Yes,Land,0.411,Paper Wrap
P2708,Metal,227,Medium,Yes,Air,0.409,Minimalist Pouch
P2709,Bioplastic,1254,Medium,Yes,Air,0.878,Paper Wrap
P2710,Plastic,761,Low,Yes,Air,1.598,Recycled Cardboard
P2711,Plastic,1441,Medium,No,Sea,3.026,Recycled Cardboard
P2712,Ceramic,942,Low,Yes,Land,1.13,Bio Bubble Wrap
P2713,Plastic,1368,Medium,Yes,Land,2.873,Recycled Cardboard
P2714,Glass,1041,Low,Yes,Sea,1.562,Bio Bubble Wrap
P2715,Glass,1144,Low,Yes,Air,1.716,Bio Bubble Wrap
P2716,Metal,1286,Low,Yes,Sea,2.315,Bio Bubble Wrap
P2717,Glass,1193,High,Yes,Air,1.79,Bio Bubble Wrap
P2718,Bioplastic,1047,Medium,No,Air,0.733,Paper Wrap
P2719,Plastic,1774,High,No,Air,3.725,Recycled Cardboard
P2720,Plastic,159,High,No,Land,0.334,Recycled Cardboard
P2721,Bioplastic,974,Medium,Yes,Air,0.682,Paper Wrap
P2722,Ceramic,442,Low,Yes,Land,0.53,Bio Bubble Wrap
P2723,Paper,1774,High,Yes,Land,1.597,Paper Wrap
P2724,Metal,1091,Low,Yes,Sea,1.964,Bio Bubble Wrap
P2725,Plastic,1763,Medium,Yes,Sea,3.702,Recycled Cardboard
P2726,Ceramic,1287,Medium,No,Land,1.544,Bio Bubble Wrap
P2727,Glass,1571,Low,Yes,Air,2.357,Bio Bubble Wrap
P2728,Ceramic,1280,Medium,Yes,Sea,1.536,Bio Bubble Wrap
P2729,Paper,1584,Medium,No,Air,1.426,Paper Wrap
P2730,Bioplastic,1607,Low,Yes,Sea,1.125,Paper Wrap
P2731,Metal,1176,High,No,Sea,2.117,Minimalist Pouch
P2732,Plastic,1004,Medium,No,Air,2.108,Recycled Cardboard
P2733,Metal,533,Low,Yes,Land,0.959,Cornstarch Wrap
P2734,Paper,163,High,Yes,Sea,0.147,Paper Wrap
P2735,Glass,1954,Medium,Yes,Air,2.931,Bio Bubble Wrap
P2736,Glass,148,Low,Yes,Land,0.222,Bio Bubble Wrap
P2737,Bioplastic,1132,Low,Yes,Sea,0.792,Paper Wrap
P2738,Bioplastic,1907,Medium,Yes,Air,1.335,Paper Wrap
P2739,Plastic,837,High,No,Air,1.758,Recycled Cardboard
P2740,Ceramic,527,Medium,Yes,Land,0.632,Bio Bubble Wrap
P2741,Glass,1439,Low,No,Sea,2.159,Bio Bubble Wrap
P2742,Ceramic,570,Low,No,Air,0.684,Bio Bubble Wrap
P2743,Ceramic,1756,Medium,Yes,Air,2.107,Bio Bubble Wrap
P2744,Metal,1432,Low,Yes,Air,2.578,Minimalist Pouch
P2745,Bioplastic,1026,Medium,Yes,Sea,0.718,Paper Wrap
P2746,Glass,929,Medium,Yes,Land,1.393,Bio Bubble Wrap
P2747,Bioplastic,1576,Low,Yes,Air,1.103,Paper Wrap
P2748,Paper,430,Low,No,Land,0.387,Paper Wrap
P2749,Metal,324,Low,Yes,Land,0.583,Bio Bubble Wrap
P2750,Glass,704,Medium,Yes,Land,1.056,Bio Bubble Wrap
P2751,Paper,1974,Medium,Yes,Land,1.777,Paper Wrap
P2752,Ceramic,844,High,No,Land,1.013,Bio Bubble Wrap
P2753,Metal,914,Low,No,Land,1.645,Minimalist Pouch
P2754,Glass,1369,Low,Yes,Sea,2.054,Bio Bubble Wrap
P2755,Ceramic,856,Low,No,Sea,1.027,Bio Bubble Wrap
P2756,Glass,125,Medium,No,Air,0.188,Bio Bubble Wrap
P2757,Glass,389,Low,Yes,Air,0.584,Bio Bubble Wrap
P2758,Plastic,1702,Low,Yes,Sea,3.574,Recycled Cardboard
P2759,Glass,1140,Medium,Yes,Air,1.71,Bio Bubble Wrap
P2760,Glass,1536,Low,No,Sea,2.304,Bio Bubble Wrap
P2761,Bioplastic,514,High,Yes,Sea,0.36,Paper Wrap
P2762,Metal,150,High,Yes,Sea,0.27,Paper Wrap
P2763,Ceramic,1242,Low,Yes,Air,1.49,Bio Bubble Wrap
P2764,Plastic,1705,Medium,Yes,Sea,3.58,Recycled Cardboard
P2765,Plastic,435,Low,Yes,Land,0.913,Recycled Cardboard
P2766,Metal,1791,Medium,Yes,Air,3.224,Mushroom Foam
P2767,Bioplastic,1489,Low,No,Sea,1.042,Paper Wrap
P2768,Paper,320,Low,No,Sea,0.288,Paper Wrap
P2769,Glass,964,Low,Yes,Air,1.446,Bio Bubble Wrap
P2770,Plastic,944,Low,Yes,Air,1.982,Recycled Cardboard
P2771,Glass,281,High,Yes,Sea,0.421,Bio Bubble Wrap
P2772,Plastic,1779,Low,Yes,Sea,3.736,Recycled Cardboard
P2773,Bioplastic,769,Medium,Yes,Land,0.538,Paper Wrap
P2774,Paper,806,Medium,Yes,Land,0.725,Paper Wrap
P2775,Glass,1623,Medium,Yes,Air,2.434,Bio Bubble Wrap
P2776,Bioplastic,638,High,Yes,Sea,0.447,Paper Wrap
P2777,Ceramic,460,Low,No,Land,0.552,Bio Bubble Wrap
P2778,Bioplastic,310,Medium,No,Land,0.217,Paper Wrap
P2779,Metal,1913,High,Yes,Air,3.443,Cornstarch Wrap
P2780,Metal,547,Medium,No,Sea,0.985,Mushroom Foam
P2781,Metal,975,Low,Yes,Land,1.755,Cornstarch Wrap
P2782,Bioplastic,527,Medium,Yes,Sea,0.369,Paper Wrap
P2783,Bioplastic,1894,Low,Yes,Air,1.326,Paper Wrap
P2784,Ceramic,982,High,Yes,Air,1.178,Bio Bubble Wrap
P2785,Paper,495,Low,No,Sea,0.446,Paper Wrap
P2786,Metal,780,Medium,Yes,Air,1.404,Minimalist Pouch
P2787,Plastic,991,Medium,Yes,Land,2.081,Recycled Cardboard
P2788,Metal,907,High,Yes,Land,1.633,Mushroom Foam
P2789,Plastic,1973,High,Yes,Land,4.143,Recycled Cardboard
P2790,Paper,1272,Medium,Yes,Sea,1.145,Paper Wrap
P2791,Metal,1242,Medium,Yes,Sea,2.236,Minimalist Pouch
P2792,Metal,1215,High,Yes,Air,2.187,Mushroom Foam
P2793,Bioplastic,1666,High,Yes,Land,1.166,Paper Wrap
P2794,Metal,1791,Low,Yes,Air,3.224,Bio Bubble Wrap
P2795,Plastic,519,Medium,Yes,Land,1.09,Recycled Cardboard
P2796,Plastic,763,Low,Yes,Sea,1.602,Recycled Cardboard
P2797,Ceramic,224,Low,No,Sea,0.269,Bio Bubble Wrap
P2798,Plastic,709,High,Yes,Air,1.489,Recycled Cardboard
P2799,Glass,1940,High,No,Land,2.91,Bio Bubble Wrap
P2800,Glass,1614,Low,Yes,Land,2.421,Bio Bubble Wrap
P2801,Plastic,1306,Low,Yes,Air,2.743,Recycled Cardboard
P2802,Glass,1423,Low,Yes,Air,2.135,Bio Bubble Wrap
P2803,Paper,197,Medium,Yes,Sea,0.177,Paper Wrap
P2804,Paper,1758,Low,Yes,Sea,1.582,Paper Wrap
P2805,Metal,1944,Medium,Yes,Air,3.499,Recycled Cardboard
P2806,Plastic,1302,High,No,Sea,2.734,Recycled Cardboard
P2807,Metal,1718,Low,Yes,Land,3.092,Minimalist Pouch
P2808,Plastic,1124,Medium,Yes,Sea,2.36,Recycled Cardboard
P2809,Bioplastic,1333,Low,Yes,Sea,0.933,Paper Wrap
P2810,Plastic,615,Medium,Yes,Sea,1.292,Recycled Cardboard
P2811,Bioplastic,1252,Medium,No,Air,0.876,Paper Wrap
P2812,Glass,476,Medium,Yes,Land,0.714,Bio Bubble Wrap
P2813,Ceramic,628,Medium,Yes,Sea,0.754,Bio Bubble Wrap
P2814,Paper,569,Low,Yes,Air,0.512,Paper Wrap
P2815,Plastic,1506,High,No,Land,3.163,Recycled Cardboard
P2816,Paper,219,Medium,Yes,Air,0.197,Paper Wrap
P2817,Ceramic,1142,High,Yes,Air,1.37,Bio Bubble Wrap
P2818,Ceramic,1858,Low,Yes,Land,2.23,Bio Bubble Wrap
P2819,Paper,1913,Low,Yes,Land,1.722,Paper Wrap
P2820,Metal,1389,Low,Yes,Land,2.5,Paper Wrap
P2821,Bioplastic,1090,Low,Yes,Air,0.763,Paper Wrap
P2822,Ceramic,1986,Medium,Yes,Sea,2.383,Bio Bubble Wrap
P2823,Plastic,783,High,Yes,Sea,1.644,Recycled Cardboard
P2824,Paper,584,Low,Yes,Sea,0.526,Paper Wrap
P2825,Plastic,887,High,Yes,Sea,1.863,Recycled Cardboard
P2826,Metal,702,Medium,Yes,Air,1.264,Bio Bubble Wrap
P2827,Bioplastic,581,Low,Yes,Land,0.407,Paper Wrap
P2828,Paper,1769,Medium,Yes,Sea,1.592,Paper Wrap
P2829,Paper,1751,High,Yes,Land,1.576,Paper Wrap
P2830,Paper,1427,Medium,Yes,Sea,1.284,Paper Wrap
P2831,Glass,1578,High,No,Air,2.367,Bio Bubble Wrap
P2832,Glass,1934,Medium,No,Land,2.901,Bio Bubble Wrap
P2833,Glass,1532,Medium,Yes,Air,2.298,Bio Bubble Wrap
P2834,Metal,1308,High,Yes,Land,2.354,Minimalist Pouch
P2835,Ceramic,1795,Low,Yes,Sea,2.154,Bio Bubble Wrap
P2836,Bioplastic,1824,Medium,Yes,Sea,1.277,Paper Wrap
P2837,Bioplastic,636,Low,Yes,Land,0.445,Paper Wrap
P2838,Metal,141,Low,Yes,Air,0.254,Bio Bubble Wrap
P2839,Bioplastic,345,Medium,Yes,Sea,0.241,Paper Wrap
P2840,Glass,1644,High,Yes,Sea,2.466,Bio Bubble Wrap
P2841,Metal,752,High,Yes,Sea,1.354,Cornstarch Wrap
P2842,Bioplastic,1814,Medium,Yes,Land,1.27,Paper Wrap
P2843,Bioplastic,364,Low,Yes,Sea,0.255,Paper Wrap
P2844,Paper,1727,Medium,Yes,Air,1.554,Paper Wrap
P2845,Glass,1747,Medium,Yes,Land,2.62,Bio Bubble Wrap
P2846,Paper,618,Low,No,Land,0.556,Paper Wrap
P2847,Ceramic,1366,High,Yes,Air,1.639,Bio Bubble Wrap
P2848,Glass,547,Medium,Yes,Air,0.821,Bio Bubble Wrap
P2849,Bioplastic,1744,Low,Yes,Sea,1.221,Paper Wrap
P2850,Glass,1423,Medium,No,Air,2.135,Bio Bubble Wrap
P2851,Paper,548,Medium,Yes,Sea,0.493,Paper Wrap
P2852,Paper,1122,Low,Yes,Land,1.01,Paper Wrap
P2853,Paper,140,Medium,Yes,Sea,0.126,Paper Wrap
P2854,Bioplastic,1340,Low,Yes,Sea,0.938,Paper Wrap
P2855,Bioplastic,1438,High,No,Air,1.007,Paper Wrap
P2856,Ceramic,1869,Medium,Yes,Sea,2.243,Bio Bubble Wrap
P2857,Glass,527,Medium,No,Sea,0.79,Bio Bubble Wrap
P2858,Metal,1579,Medium,Yes,Land,2.842,Mushroom Foam
P2859,Metal,762,High,Yes,Air,1.372,Recycled Cardboard
P2860,Metal,1929,Low,Yes,Land,3.472,Mushroom Foam
P2861,Metal,952,Low,Yes,Air,1.714,Minimalist Pouch
P2862,Bioplastic,1741,Medium,Yes,Sea,1.219,Paper Wrap
P2863,Ceramic,477,Medium,Yes,Air,0.572,Bio Bubble Wrap
P2864,Bioplastic,1898,Low,Yes,Land,1.329,Paper Wrap
P2865,Glass,134,Low,Yes,Sea,0.201,Bio Bubble Wrap
P2866,Plastic,1058,Low,Yes,Sea,2.222,Recycled Cardboard
P2867,Glass,496,Medium,Yes,Sea,0.744,Bio Bubble Wrap
P2868,Glass,214,High,Yes,Sea,0.321,Bio Bubble Wrap
P2869,Bioplastic,1689,Medium,Yes,Sea,1.182,Paper Wrap
P2870,Glass,1700,Medium,Yes,Sea,2.55,Bio Bubble Wrap
P2871,Plastic,306,Medium,Yes,Land,0.643,Recycled Cardboard
P2872,Paper,623,Medium,Yes,Sea,0.561,Paper Wrap
P2873,Paper,905,High,Yes,Air,0.815,Paper Wrap
P2874,Plastic,575,Low,Yes,Sea,1.208,Recycled Cardboard
P2875,Bioplastic,746,Low,No,Sea,0.522,Paper Wrap
P2876,Ceramic,969,Low,Yes,Sea,1.163,Bio Bubble Wrap
P2877,Glass,420,Medium,Yes,Land,0.63,Bio Bubble Wrap
P2878,Metal,143,Low,Yes,Land,0.257,Mushroom Foam
P2879,Glass,1997,High,No,Air,2.995,Bio Bubble Wrap
P2880,Metal,576,Medium,No,Sea,1.037,Mushroom Foam
P2881,Metal,475,Low,No,Sea,0.855,Minimalist Pouch
P2882,Bioplastic,1929,Medium,Yes,Air,1.35,Paper Wrap
P2883,Bioplastic,725,High,Yes,Land,0.507,Paper Wrap
P2884,Plastic,1492,Medium,Yes,Air,3.133,Recycled Cardboard
P2885,Paper,421,Low,Yes,Sea,0.379,Paper Wrap
P2886,Bioplastic,237,Medium,No,Air,0.166,Paper Wrap
P2887,Metal,1357,Low,Yes,Sea,2.443,Paper Wrap
P2888,Metal,190,Medium,Yes,Sea,0.342,Minimalist Pouch
P2889,Paper,1406,Low,No,Sea,1.265,Paper Wrap
P2890,Glass,1330,High,Yes,Land,1.995,Bio Bubble Wrap
P2891,Plastic,1366,High,Yes,Sea,2.869,Recycled Cardboard
P2892,Paper,1532,Medium,Yes,Air,1.379,Paper Wrap
P2893,Metal,198,Low,Yes,Sea,0.356,Bio Bubble Wrap
P2894,Plastic,1054,Medium,Yes,Land,2.213,Recycled Cardboard
P2895,Bioplastic,1451,Medium,Yes,Air,1.016,Paper Wrap
P2896,Plastic,936,Low,Yes,Sea,1.966,Recycled Cardboard
P2897,Plastic,421,High,Yes,Land,0.884,Recycled Cardboard
P2898,Bioplastic,816,High,No,Sea,0.571,Paper Wrap
P2899,Metal,1646,Low,Yes,Land,2.963,Bio Bubble Wrap
P2900,Glass,318,High,Yes,Sea,0.477,Bio Bubble Wrap
P2901,Paper,840,Low,Yes,Sea,0.756,Paper Wrap
P2902,Plastic,1492,Low,Yes,Land,3.133,Recycled Cardboard
P2903,Plastic,665,High,Yes,Sea,1.397,Recycled Cardboard
P2904,Ceramic,475,Medium,Yes,Sea,0.57,Bio Bubble Wrap
P2905,Paper,916,Medium,Yes,Air,0.824,Paper Wrap
P2906,Paper,132,Medium,No,Land,0.119,Paper Wrap
P2907,Glass,786,Low,Yes,Sea,1.179,Bio Bubble Wrap
P2908,Glass,1868,Low,Yes,Land,2.802,Bio Bubble Wrap
P2909,Metal,1257,Low,Yes,Sea,2.263,Cornstarch Wrap
P2910,Metal,665,Low,Yes,Sea,1.197,Mushroom Foam
P2911,Ceramic,1023,Low,Yes,Land,1.228,Bio Bubble Wrap
P2912,Ceramic,1369,Low,Yes,Sea,1.643,Bio Bubble Wrap
P2913,Paper,1397,Medium,Yes,Sea,1.257,Paper Wrap
P2914,Paper,831,Medium,No,Air,0.748,Paper Wrap
P2915,Paper,1649,Low,Yes,Sea,1.484,Paper Wrap
P2916,Metal,1951,Medium,Yes,Land,3.512,Minimalist Pouch
P2917,Glass,511,Medium,Yes,Land,0.766,Bio Bubble Wrap
P2918,Ceramic,1309,Medium,Yes,Land,1.571,Bio Bubble Wrap
P2919,Plastic,407,Medium,Yes,Sea,0.855,Recycled Cardboard
P2920,Glass,882,Medium,Yes,Sea,1.323,Bio Bubble Wrap
P2921,Glass,309,High,No,Air,0.464,Bio Bubble Wrap
P2922,Paper,1151,Low,Yes,Sea,1.036,Paper Wrap
P2923,Plastic,244,Low,Yes,Land,0.512,Recycled Cardboard
P2924,Paper,1131,High,Yes,Land,1.018,Paper Wrap
P2925,Bioplastic,1374,Medium,Yes,Air,0.962,Paper Wrap
P2926,Ceramic,131,Low,Yes,Land,0.157,Bio Bubble Wrap
P2927,Plastic,602,High,Yes,Land,1.264,Recycled Cardboard
P2928,Plastic,142,Medium,Yes,Land,0.298,Recycled Cardboard
P2929,Metal,1061,Medium,Yes,Land,1.91,Bio Bubble Wrap
P2930,Glass,607,High,Yes,Air,0.91,Bio Bubble Wrap
P2931,Glass,1319,Low,Yes,Sea,1.978,Bio Bubble Wrap
P2932,Metal,1472,Medium,Yes,Air,2.65,Recycled Cardboard
P2933,Glass,590,Low,Yes,Sea,0.885,Bio Bubble Wrap
P2934,Glass,1304,High,Yes,Land,1.956,Bio Bubble Wrap
P2935,Glass,923,Low,Yes,Land,1.385,Bio Bubble Wrap
P2936,Paper,1451,High,Yes,Land,1.306,Paper Wrap
P2937,Ceramic,637,High,Yes,Land,0.764,Bio Bubble Wrap
P2938,Bioplastic,882,Low,No,Air,0.617,Paper Wrap
P2939,Plastic,387,High,Yes,Land,0.813,Recycled Cardboard
P2940,Paper,892,Low,Yes,Air,0.803,Paper Wrap
P2941,Ceramic,460,Medium,Yes,Land,0.552,Bio Bubble Wrap
P2942,Ceramic,1627,Low,Yes,Land,1.952,Bio Bubble Wrap
P2943,Metal,307,Medium,Yes,Air,0.553,Minimalist Pouch
P2944,Glass,1009,Medium,Yes,Land,1.514,Bio Bubble Wrap
P2945,Bioplastic,1037,High,Yes,Land,0.726,Paper Wrap
P2946,Plastic,198,High,Yes,Land,0.416,Recycled Cardboard
P2947,Bioplastic,883,Medium,Yes,Land,0.618,Paper Wrap
P2948,Metal,1711,Medium,No,Land,3.08,Minimalist Pouch
P2949,Glass,489,High,Yes,Air,0.734,Bio Bubble Wrap
P2950,Metal,1585,High,No,Air,2.853,Recycled Cardboard
P2951,Metal,360,Medium,No,Air,0.648,Cornstarch Wrap
P2952,Glass,644,Low,Yes,Land,0.966,Bio Bubble Wrap
P2953,Bioplastic,1665,Medium,Yes,Land,1.165,Paper Wrap
P2954,Bioplastic,707,Low,Yes,Sea,0.495,Paper Wrap
P2955,Metal,599,High,Yes,Land,1.078,Mushroom Foam
P2956,Paper,437,High,No,Sea,0.393,Paper Wrap
P2957,Ceramic,477,Medium,Yes,Land,0.572,Bio Bubble Wrap
P2958,Bioplastic,1209,Low,Yes,Sea,0.846,Paper Wrap
P2959,Glass,587,Medium,Yes,Air,0.88,Bio Bubble Wrap
P2960,Metal,1905,Medium,Yes,Land,3.429,Bio Bubble Wrap
P2961,Glass,741,High,Yes,Land,1.111,Bio Bubble Wrap
P2962,Metal,1678,Low,Yes,Land,3.02,Cornstarch Wrap
P2963,Plastic,112,Low,Yes,Air,0.235,Recycled Cardboard
P2964,Bioplastic,702,Low,No,Air,0.491,Paper Wrap
P2965,Paper,1732,Medium,Yes,Sea,1.559,Paper Wrap
P2966,Paper,1813,Low,Yes,Air,1.632,Paper Wrap
P2967,Plastic,514,Medium,Yes,Air,1.079,Recycled Cardboard
P2968,Paper,665,High,No,Land,0.599,Paper Wrap
P2969,Bioplastic,384,Medium,Yes,Land,0.269,Paper Wrap
P2970,Ceramic,768,Low,Yes,Sea,0.922,Bio Bubble Wrap
P2971,Paper,1341,High,Yes,Land,1.207,Paper Wrap
P2972,Metal,1270,Low,Yes,Air,2.286,Minimalist Pouch
P2973,Glass,313,High,Yes,Land,0.469,Bio Bubble Wrap
P2974,Metal,1326,Medium,Yes,Air,2.387,Recycled Cardboard
P2975,Metal,1495,Low,Yes,Sea,2.691,Bio Bubble Wrap
P2976,Bioplastic,976,Low,Yes,Land,0.683,Paper Wrap
P2977,Glass,1428,Low,No,Air,2.142,Bio Bubble Wrap
P2978,Glass,278,Low,Yes,Sea,0.417,Bio Bubble Wrap
P2979,Bioplastic,1712,Low,No,Air,1.198,Paper Wrap
P2980,Ceramic,1776,Medium,Yes,Land,2.131,Bio Bubble Wrap
P2981,Metal,1051,Medium,No,Land,1.892,Recycled Cardboard
P2982,Ceramic,781,Medium,No,Sea,0.937,Bio Bubble Wrap
P2983,Metal,470,High,No,Sea,0.846,Recycled Cardboard
P2984,Glass,387,High,No,Air,0.581,Bio Bubble Wrap
P2985,Paper,1085,Low,Yes,Air,0.977,Paper Wrap
P2986,Ceramic,1366,Low,No,Sea,1.639,Bio Bubble Wrap
P2987,Glass,206,Low,Yes,Air,0.309,Bio Bubble Wrap
P2988,Metal,1323,Low,Yes,Air,2.381,Paper Wrap
P2989,Plastic,199,Low,Yes,Land,0.418,Recycled Cardboard
P2990,Bioplastic,168,Medium,Yes,Land,0.118,Paper Wrap
P2991,Paper,473,Low,Yes,Air,0.426,Paper Wrap
P2992,Ceramic,1990,Low,Yes,Sea,2.388,Bio Bubble Wrap
P2993,Glass,1323,High,Yes,Land,1.984,Bio Bubble Wrap
P2994,Paper,292,Low,Yes,Air,0.263,Paper Wrap
P2995,Metal,316,Medium,Yes,Land,0.569,Recycled Cardboard
P2996,Paper,1701,Low,Yes,Land,1.531,Paper Wrap
P2997,Ceramic,463,High,Yes,Land,0.556,Bio Bubble Wrap
P2998,Plastic,662,High,Yes,Sea,1.39,Recycled Cardboard
P2999,Plastic,314,High,No,Sea,0.659,Recycled Cardboard
P3000,Metal,693,High,Yes,Land,1.247,Minimalist Pouch
P3001,Paper,159,Low,Yes,Land,0.143,Paper Wrap
P3002,Metal,1135,Medium,Yes,Air,2.043,Recycled Cardboard
P3003,Ceramic,1036,Low,Yes,Air,1.243,Bio Bubble Wrap
P3004,Paper,1132,Low,Yes,Sea,1.019,Paper Wrap
P3005,Bioplastic,880,High,Yes,Land,0.616,Paper Wrap
P3006,Glass,410,Medium,No,Sea,0.615,Bio Bubble Wrap
P3007,Ceramic,519,Medium,Yes,Air,0.623,Bio Bubble Wrap
P3008,Bioplastic,116,Medium,Yes,Sea,0.081,Paper Wrap
P3009,Metal,1323,Medium,Yes,Air,2.381,Bio Bubble Wrap
P3010,Glass,326,Low,Yes,Air,0.489,Bio Bubble Wrap
P3011,Glass,1478,Medium,Yes,Air,2.217,Bio Bubble Wrap
P3012,Bioplastic,1046,High,No,Land,0.732,Paper Wrap
P3013,Ceramic,1229,High,Yes,Sea,1.475,Bio Bubble Wrap
P3014,Metal,196,High,Yes,Land,0.353,Paper Wrap
P3015,Metal,1077,Low,Yes,Land,1.939,Bio Bubble Wrap
P3016,Paper,222,Low,Yes,Land,0.2,Paper Wrap
P3017,Paper,1634,Medium,No,Land,1.471,Paper Wrap
P3018,Paper,1151,High,No,Land,1.036,Paper Wrap
P3019,Glass,632,Low,Yes,Sea,0.948,Bio Bubble Wrap
P3020,Metal,1530,Low,Yes,Land,2.754,Paper Wrap
P3021,Glass,1539,Low,Yes,Land,2.308,Bio Bubble Wrap
P3022,Ceramic,1947,Low,Yes,Air,2.336,Bio Bubble Wrap
P3023,Paper,709,High,No,Air,0.638,Paper Wrap
P3024,Metal,920,Medium,Yes,Land,1.656,Paper Wrap
P3025,Ceramic,1465,Medium,Yes,Sea,1.758,Bio Bubble Wrap
P3026,Ceramic,1066,Low,Yes,Sea,1.279,Bio Bubble Wrap
P3027,Plastic,1755,Low,Yes,Land,3.686,Recycled Cardboard
P3028,Ceramic,1209,Low,Yes,Land,1.451,Bio Bubble Wrap
P3029,Metal,1553,Low,Yes,Sea,2.795,Mushroom Foam
P3030,Glass,527,Low,Yes,Air,0.79,Bio Bubble Wrap
P3031,Ceramic,1334,Low,Yes,Land,1.601,Bio Bubble Wrap
P3032,Metal,1494,Medium,Yes,Land,2.689,Paper Wrap
P3033,Ceramic,1371,Medium,Yes,Land,1.645,Bio Bubble Wrap
P3034,Glass,950,Medium,No,Air,1.425,Bio Bubble Wrap
P3035,Paper,1909,High,Yes,Land,1.718,Paper Wrap
P3036,Glass,504,Low,Yes,Land,0.756,Bio Bubble Wrap
P3037,Ceramic,1531,Low,Yes,Land,1.837,Bio Bubble Wrap
P3038,Paper,1377,Low,Yes,Land,1.239,Paper Wrap
P3039,Paper,1539,Low,Yes,Air,1.385,Paper Wrap
P3040,Ceramic,1000,Low,Yes,Land,1.2,Bio Bubble Wrap
P3041,Bioplastic,137,Low,Yes,Land,0.096,Paper Wrap
P3042,Paper,1179,High,Yes,Air,1.061,Paper Wrap
P3043,Paper,939,Medium,Yes,Air,0.845,Paper Wrap
P3044,Metal,1031,Medium,Yes,Sea,1.856,Paper Wrap
P3045,Paper,1670,Low,Yes,Air,1.503,Paper Wrap
P3046,Plastic,1199,Medium,Yes,Sea,2.518,Recycled Cardboard
P3047,Ceramic,593,Low,No,Land,0.712,Bio Bubble Wrap
P3048,Ceramic,502,Low,Yes,Sea,0.602,Bio Bubble Wrap
P3049,Glass,268,High,Yes,Land,0.402,Bio Bubble Wrap
P3050,Metal,388,High,Yes,Air,0.698,Cornstarch Wrap
P3051,Bioplastic,1181,Medium,Yes,Air,0.827,Paper Wrap
P3052,Ceramic,441,Medium,Yes,Land,0.529,Bio Bubble Wrap
P3053,Ceramic,1702,Medium,No,Land,2.042,Bio Bubble Wrap
P3054,Paper,1438,High,Yes,Land,1.294,Paper Wrap
P3055,Bioplastic,236,Medium,Yes,Air,0.165,Paper Wrap
P3056,Bioplastic,276,Medium,No,Land,0.193,Paper Wrap
P3057,Paper,1722,High,Yes,Air,1.55,Paper Wrap
P3058,Bioplastic,1182,Medium,Yes,Sea,0.827,Paper Wrap
P3059,Metal,188,Low,No,Air,0.338,Bio Bubble Wrap
P3060,Paper,1657,Low,Yes,Land,1.491,Paper Wrap
P3061,Glass,488,Low,No,Air,0.732,Bio Bubble Wrap
P3062,Ceramic,671,High,Yes,Air,0.805,Bio Bubble Wrap
P3063,Ceramic,1265,High,Yes,Land,1.518,Bio Bubble Wrap
P3064,Metal,844,Medium,Yes,Land,1.519,Cornstarch Wrap
P3065,Paper,246,Low,No,Sea,0.221,Paper Wrap
P3066,Glass,1040,Medium,Yes,Sea,1.56,Bio Bubble Wrap
P3067,Plastic,1787,Medium,Yes,Sea,3.753,Recycled Cardboard
P3068,Glass,1827,Low,Yes,Land,2.74,Bio Bubble Wrap
P3069,Metal,1211,Medium,Yes,Land,2.18,Paper Wrap
P3070,Bioplastic,1715,Medium,Yes,Air,1.2,Paper Wrap
P3071,Metal,1889,Low,Yes,Land,3.4,Mushroom Foam
P3072,Bioplastic,1961,Medium,Yes,Sea,1.373,Paper Wrap
P3073,Metal,407,Low,Yes,Air,0.733,Paper Wrap
P3074,Glass,1879,Low,Yes,Land,2.818,Bio Bubble Wrap
P3075,Glass,1522,Low,Yes,Air,2.283,Bio Bubble Wrap
P3076,Paper,1521,High,Yes,Sea,1.369,Paper Wrap
P3077,Metal,1835,Low,Yes,Air,3.303,Paper Wrap
P3078,Glass,669,High,Yes,Sea,1.004,Bio Bubble Wrap
P3079,Ceramic,1103,Medium,Yes,Air,1.324,Bio Bubble Wrap
P3080,Paper,1089,Medium,Yes,Land,0.98,Paper Wrap
P3081,Ceramic,941,Low,Yes,Land,1.129,Bio Bubble Wrap
P3082,Bioplastic,1882,Low,Yes,Air,1.317,Paper Wrap
P3083,Bioplastic,1110,Medium,No,Air,0.777,Paper Wrap
P3084,Bioplastic,617,Low,Yes,Air,0.432,Paper Wrap
P3085,Glass,1344,Medium,Yes,Air,2.016,Bio Bubble Wrap
P3086,Glass,113,Low,Yes,Air,0.17,Bio Bubble Wrap
P3087,Glass,1554,Medium,Yes,Sea,2.331,Bio Bubble Wrap
P3088,Paper,1677,High,Yes,Air,1.509,Paper Wrap
P3089,Glass,1493,Low,Yes,Air,2.24,Bio Bubble Wrap
P3090,Bioplastic,1952,Medium,No,Sea,1.366,Paper Wrap
P3091,Glass,1203,Medium,Yes,Land,1.804,Bio Bubble Wrap
P3092,Paper,1846,Low,Yes,Air,1.661,Paper Wrap
P3093,Paper,335,Medium,Yes,Land,0.301,Paper Wrap
P3094,Paper,1925,Medium,Yes,Sea,1.732,Paper Wrap
P3095,Paper,1417,Low,Yes,Sea,1.275,Paper Wrap
P3096,Ceramic,402,High,Yes,Air,0.482,Bio Bubble Wrap
P3097,Glass,683,High,Yes,Air,1.024,Bio Bubble Wrap
P3098,Plastic,1435,High,Yes,Sea,3.014,Recycled Cardboard
P3099,Metal,1756,Medium,Yes,Air,3.161,Paper Wrap
P3100,Ceramic,1159,Medium,No,Air,1.391,Bio Bubble Wrap
P3101,Ceramic,1086,Medium,Yes,Air,1.303,Bio Bubble Wrap
P3102,Glass,803,Low,Yes,Land,1.204,Bio Bubble Wrap
P3103,Paper,1275,Low,Yes,Sea,1.147,Paper Wrap
P3104,Paper,1931,Medium,Yes,Air,1.738,Paper Wrap
P3105,Bioplastic,782,Medium,Yes,Sea,0.547,Paper Wrap
P3106,Ceramic,1944,High,No,Air,2.333,Bio Bubble Wrap
P3107,Bioplastic,1755,Medium,Yes,Air,1.228,Paper Wrap
P3108,Plastic,1130,Medium,Yes,Air,2.373,Recycled Cardboard
P3109,Ceramic,1547,High,Yes,Sea,1.856,Bio Bubble Wrap
P3110,Ceramic,353,Medium,Yes,Air,0.424,Bio Bubble Wrap
P3111,Bioplastic,514,High,No,Sea,0.36,Paper Wrap
P3112,Plastic,1838,Medium,Yes,Land,3.86,Recycled Cardboard
P3113,Bioplastic,1352,Low,Yes,Air,0.946,Paper Wrap
P3114,Plastic,210,Medium,Yes,Land,0.441,Recycled Cardboard
P3115,Paper,1366,Medium,Yes,Air,1.229,Paper Wrap
P3116,Plastic,1343,Medium,Yes,Air,2.82,Recycled Cardboard
P3117,Plastic,1954,Low,Yes,Land,4.103,Recycled Cardboard
P3118,Plastic,1862,Low,Yes,Air,3.91,Recycled Cardboard
P3119,Bioplastic,883,High,Yes,Air,0.618,Paper Wrap
P3120,Ceramic,888,High,No,Land,1.066,Bio Bubble Wrap
P3121,Plastic,1912,Medium,Yes,Land,4.015,Recycled Cardboard
P3122,Paper,934,Low,No,Sea,0.841,Paper Wrap
P3123,Metal,1156,High,Yes,Land,2.081,Minimalist Pouch
P3124,Paper,1755,Low,Yes,Air,1.579,Paper Wrap
P3125,Bioplastic,561,Low,Yes,Air,0.393,Paper Wrap
P3126,Metal,1506,Low,No,Air,2.711,Minimalist Pouch
P3127,Paper,1134,Medium,Yes,Sea,1.021,Paper Wrap
P3128,Metal,1561,Medium,No,Sea,2.81,Bio Bubble Wrap
P3129,Metal,1584,Low,No,Sea,2.851,Paper Wrap
P3130,Paper,463,Medium,Yes,Air,0.417,Paper Wrap
P3131,Plastic,506,Medium,Yes,Sea,1.063,Recycled Cardboard
P3132,Paper,814,Low,Yes,Land,0.733,Paper Wrap
P3133,Bioplastic,1281,Low,Yes,Air,0.897,Paper Wrap
P3134,Metal,970,High,No,Sea,1.746,Paper Wrap
P3135,Glass,420,Low,No,Air,0.63,Bio Bubble Wrap
P3136,Plastic,765,Low,Yes,Land,1.607,Recycled Cardboard
P3137,Bioplastic,1078,High,Yes,Land,0.755,Paper Wrap
P3138,Bioplastic,515,Medium,Yes,Air,0.36,Paper Wrap
P3139,Glass,253,High,Yes,Sea,0.38,Bio Bubble Wrap
P3140,Bioplastic,639,Medium,Yes,Land,0.447,Paper Wrap
P3141,Bioplastic,1409,Medium,Yes,Land,0.986,Paper Wrap
P3142,Paper,546,Low,Yes,Sea,0.491,Paper Wrap
P3143,Plastic,801,Medium,Yes,Land,1.682,Recycled Cardboard
P3144,Metal,951,Low,No,Land,1.712,Recycled Cardboard
P3145,Ceramic,934,High,Yes,Land,1.121,Bio Bubble Wrap
P3146,Bioplastic,171,Low,No,Sea,0.12,Paper Wrap
P3147,Plastic,830,Medium,No,Sea,1.743,Recycled Cardboard
P3148,Glass,1195,Low,No,Air,1.792,Bio Bubble Wrap
P3149,Paper,1277,Low,No,Land,1.149,Paper Wrap
P3150,Paper,1940,High,No,Land,1.746,Paper Wrap
P3151,Metal,1998,Low,Yes,Air,3.596,Minimalist Pouch
P3152,Ceramic,1126,Medium,Yes,Air,1.351,Bio Bubble Wrap
P3153,Glass,446,High,Yes,Land,0.669,Bio Bubble Wrap
P3154,Glass,1713,Low,Yes,Sea,2.57,Bio Bubble Wrap
P3155,Plastic,1911,Low,No,Air,4.013,Recycled Cardboard
P3156,Metal,1609,Low,Yes,Air,2.896,Minimalist Pouch
P3157,Paper,414,Low,Yes,Sea,0.373,Paper Wrap
P3158,Metal,550,Medium,Yes,Land,0.99,Paper Wrap
P3159,Bioplastic,1801,Low,Yes,Air,1.261,Paper Wrap
P3160,Bioplastic,1976,Low,Yes,Land,1.383,Paper Wrap
P3161,Glass,218,Low,Yes,Sea,0.327,Bio Bubble Wrap
P3162,Metal,372,Medium,Yes,Land,0.67,Cornstarch Wrap
P3163,Plastic,886,Medium,Yes,Land,1.861,Recycled Cardboard
P3164,Bioplastic,193,Low,Yes,Land,0.135,Paper Wrap
P3165,Plastic,154,Medium,Yes,Land,0.323,Recycled Cardboard
P3166,Bioplastic,1219,High,Yes,Air,0.853,Paper Wrap
P3167,Glass,551,High,Yes,Sea,0.827,Bio Bubble Wrap
P3168,Plastic,1327,Low,Yes,Air,2.787,Recycled Cardboard
P3169,Plastic,384,Medium,Yes,Air,0.806,Recycled Cardboard
P3170,Paper,365,Medium,Yes,Air,0.329,Paper Wrap
P3171,Plastic,1817,High,Yes,Land,3.816,Recycled Cardboard
P3172,Glass,1822,Medium,Yes,Air,2.733,Bio Bubble Wrap
P3173,Plastic,605,Medium,Yes,Sea,1.27,Recycled Cardboard
P3174,Metal,1514,Medium,Yes,Air,2.725,Recycled Cardboard
P3175,Metal,613,Medium,No,Land,1.103,Recycled Cardboard
P3176,Plastic,459,High,Yes,Sea,0.964,Recycled Cardboard
P3177,Plastic,1748,Low,Yes,Sea,3.671,Recycled Cardboard
P3178,Metal,348,Low,Yes,Land,0.626,Paper Wrap
P3179,Metal,985,Low,Yes,Sea,1.773,Recycled Cardboard
P3180,Paper,930,High,Yes,Air,0.837,Paper Wrap
P3181,Bioplastic,493,Low,Yes,Land,0.345,Paper Wrap
P3182,Ceramic,421,Medium,Yes,Land,0.505,Bio Bubble Wrap
P3183,Metal,577,Low,Yes,Land,1.039,Recycled Cardboard
P3184,Paper,964,Low,Yes,Land,0.868,Paper Wrap
P3185,Paper,947,Medium,Yes,Air,0.852,Paper Wrap
P3186,Metal,1859,Low,Yes,Land,3.346,Cornstarch Wrap
P3187,Metal,1209,Medium,Yes,Sea,2.176,Recycled Cardboard
P3188,Ceramic,957,Low,Yes,Air,1.148,Bio Bubble Wrap
P3189,Metal,406,Low,Yes,Sea,0.731,Paper Wrap
P3190,Bioplastic,1770,Medium,Yes,Air,1.239,Paper Wrap
P3191,Ceramic,871,Medium,No,Air,1.045,Bio Bubble Wrap
P3192,Bioplastic,1421,High,Yes,Land,0.995,Paper Wrap
P3193,Glass,1730,Low,No,Land,2.595,Bio Bubble Wrap
P3194,Glass,447,Medium,No,Air,0.67,Bio Bubble Wrap
P3195,Plastic,1908,Low,No,Air,4.007,Recycled Cardboard
P3196,Metal,1050,Medium,No,Air,1.89,Paper Wrap
P3197,Glass,1187,Medium,Yes,Land,1.78,Bio Bubble Wrap
P3198,Paper,820,Medium,Yes,Air,0.738,Paper Wrap
P3199,Bioplastic,152,High,Yes,Air,0.106,Paper Wrap
P3200,Paper,1582,Medium,Yes,Air,1.424,Paper Wrap
P3201,Plastic,1802,Medium,Yes,Air,3.784,Recycled Cardboard
P3202,Paper,164,Medium,No,Land,0.148,Paper Wrap
P3203,Bioplastic,1339,Medium,Yes,Air,0.937,Paper Wrap
P3204,Glass,797,High,No,Air,1.196,Bio Bubble Wrap
P3205,Glass,573,High,No,Land,0.86,Bio Bubble Wrap
P3206,Glass,1714,Low,Yes,Land,2.571,Bio Bubble Wrap
P3207,Glass,1036,Medium,Yes,Land,1.554,Bio Bubble Wrap
P3208,Glass,600,Low,Yes,Air,0.9,Bio Bubble Wrap
P3209,Metal,1776,Low,Yes,Land,3.197,Bio Bubble Wrap
P3210,Paper,1681,Low,No,Land,1.513,Paper Wrap
P3211,Metal,241,High,Yes,Sea,0.434,Minimalist Pouch
P3212,Ceramic,229,High,Yes,Sea,0.275,Bio Bubble Wrap
P3213,Glass,350,Low,Yes,Land,0.525,Bio Bubble Wrap
P3214,Bioplastic,273,High,Yes,Land,0.191,Paper Wrap
P3215,Plastic,1327,Medium,Yes,Land,2.787,Recycled Cardboard
P3216,Bioplastic,844,Medium,No,Land,0.591,Paper Wrap
P3217,Metal,233,Low,No,Air,0.419,Bio Bubble Wrap
P3218,Bioplastic,1056,Low,Yes,Sea,0.739,Paper Wrap
P3219,Paper,1686,High,Yes,Air,1.517,Paper Wrap
P3220,Bioplastic,362,Low,Yes,Air,0.253,Paper Wrap
P3221,Ceramic,517,Medium,Yes,Sea,0.62,Bio Bubble Wrap
P3222,Metal,1077,Medium,Yes,Land,1.939,Mushroom Foam
P3223,Paper,709,Medium,No,Land,0.638,Paper Wrap
P3224,Paper,1284,High,Yes,Land,1.156,Paper Wrap
P3225,Glass,1752,High,Yes,Sea,2.628,Bio Bubble Wrap
P3226,Ceramic,396,Low,Yes,Sea,0.475,Bio Bubble Wrap
P3227,Bioplastic,1319,Low,No,Sea,0.923,Paper Wrap
P3228,Glass,1272,Low,Yes,Air,1.908,Bio Bubble Wrap
P3229,Bioplastic,767,Medium,Yes,Sea,0.537,Paper Wrap
P3230,Ceramic,537,Medium,Yes,Air,0.644,Bio Bubble Wrap
P3231,Bioplastic,663,Medium,Yes,Sea,0.464,Paper Wrap
P3232,Glass,1211,Low,No,Land,1.817,Bio Bubble Wrap
P3233,Metal,668,Low,Yes,Air,1.202,Mushroom Foam
P3234,Glass,1070,Medium,No,Air,1.605,Bio Bubble Wrap
P3235,Bioplastic,1556,Low,Yes,Land,1.089,Paper Wrap
P3236,Plastic,574,Low,No,Land,1.205,Recycled Cardboard
P3237,Ceramic,929,Low,Yes,Land,1.115,Bio Bubble Wrap
P3238,Paper,1461,Low,Yes,Land,1.315,Paper Wrap
P3239,Metal,1371,Low,No,Land,2.468,Bio Bubble Wrap
P3240,Bioplastic,1785,Low,Yes,Sea,1.25,Paper Wrap
P3241,Paper,348,High,Yes,Air,0.313,Paper Wrap
P3242,Metal,1583,Low,Yes,Air,2.849,Mushroom Foam
P3243,Plastic,834,Medium,Yes,Sea,1.751,Recycled Cardboard
P3244,Bioplastic,774,Medium,Yes,Land,0.542,Paper Wrap
P3245,Bioplastic,575,Low,Yes,Land,0.403,Paper Wrap
P3246,Glass,1594,High,Yes,Air,2.391,Bio Bubble Wrap
P3247,Plastic,1141,Low,Yes,Land,2.396,Recycled Cardboard
P3248,Plastic,985,Medium,No,Land,2.068,Recycled Cardboard
P3249,Glass,606,Low,Yes,Air,0.909,Bio Bubble Wrap
P3250,Metal,1192,Low,No,Sea,2.146,Paper Wrap
P3251,Glass,1444,Low,No,Land,2.166,Bio Bubble Wrap
P3252,Glass,1725,Low,Yes,Air,2.587,Bio Bubble Wrap
P3253,Plastic,191,Medium,No,Land,0.401,Recycled Cardboard
P3254,Glass,1816,Medium,No,Land,2.724,Bio Bubble Wrap
P3255,Ceramic,1190,Medium,Yes,Air,1.428,Bio Bubble Wrap
P3256,Bioplastic,1837,High,Yes,Land,1.286,Paper Wrap
P3257,Metal,516,Low,Yes,Air,0.929,Recycled Cardboard
P3258,Ceramic,1738,Medium,Yes,Sea,2.086,Bio Bubble Wrap
P3259,Ceramic,327,Low,Yes,Air,0.392,Bio Bubble Wrap
P3260,Bioplastic,863,High,Yes,Air,0.604,Paper Wrap
P3261,Plastic,1006,Low,Yes,Sea,2.113,Recycled Cardboard
P3262,Bioplastic,747,Low,Yes,Air,0.523,Paper Wrap
P3263,Paper,1773,High,Yes,Air,1.596,Paper Wrap
P3264,Ceramic,1253,Low,Yes,Sea,1.504,Bio Bubble Wrap
P3265,Bioplastic,223,Medium,No,Air,0.156,Paper Wrap
P3266,Bioplastic,1106,Low,Yes,Land,0.774,Paper Wrap
P3267,Ceramic,1904,Low,Yes,Sea,2.285,Bio Bubble Wrap
P3268,Metal,1824,High,No,Land,3.283,Paper Wrap
P3269,Bioplastic,362,High,Yes,Air,0.253,Paper Wrap
P3270,Bioplastic,819,Medium,Yes,Sea,0.573,Paper Wrap
P3271,Ceramic,473,Low,Yes,Air,0.568,Bio Bubble Wrap
P3272,Bioplastic,1414,Medium,Yes,Sea,0.99,Paper Wrap
P3273,Metal,1265,Medium,Yes,Sea,2.277,Paper Wrap
P3274,Ceramic,112,Medium,Yes,Air,0.134,Bio Bubble Wrap
P3275,Plastic,1278,Low,Yes,Land,2.684,Recycled Cardboard
P3276,Plastic,645,Low,No,Air,1.355,Recycled Cardboard
P3277,Bioplastic,1207,Low,Yes,Sea,0.845,Paper Wrap
P3278,Bioplastic,1950,Medium,Yes,Air,1.365,Paper Wrap
P3279,Metal,1287,Medium,Yes,Land,2.317,Recycled Cardboard
P3280,Paper,1522,High,No,Air,1.37,Paper Wrap
P3281,Ceramic,1891,Medium,Yes,Land,2.269,Bio Bubble Wrap
P3282,Metal,797,Medium,Yes,Air,1.435,Minimalist Pouch
P3283,Bioplastic,1210,Low,Yes,Air,0.847,Paper Wrap
P3284,Plastic,171,High,Yes,Land,0.359,Recycled Cardboard
P3285,Metal,432,Low,Yes,Air,0.778,Minimalist Pouch
P3286,Glass,1162,Medium,No,Air,1.743,Bio Bubble Wrap
P3287,Bioplastic,925,High,Yes,Sea,0.647,Paper Wrap
P3288,Bioplastic,1778,Low,Yes,Land,1.245,Paper Wrap
P3289,Bioplastic,1231,Medium,No,Air,0.862,Paper Wrap
P3290,Glass,1175,Medium,Yes,Sea,1.762,Bio Bubble Wrap
P3291,Plastic,1540,Medium,No,Sea,3.234,Recycled Cardboard
P3292,Glass,267,Medium,Yes,Land,0.401,Bio Bubble Wrap
P3293,Ceramic,383,Low,Yes,Air,0.46,Bio Bubble Wrap
P3294,Glass,1850,High,Yes,Land,2.775,Bio Bubble Wrap
P3295,Glass,530,Low,No,Sea,0.795,Bio Bubble Wrap
P3296,Ceramic,230,Medium,Yes,Air,0.276,Bio Bubble Wrap
P3297,Metal,706,Medium,Yes,Sea,1.271,Paper Wrap
P3298,Glass,296,Low,Yes,Land,0.444,Bio Bubble Wrap
P3299,Glass,1092,Medium,Yes,Sea,1.638,Bio Bubble Wrap
P3300,Ceramic,483,Medium,Yes,Sea,0.58,Bio Bubble Wrap
P3301,Glass,1781,Medium,Yes,Land,2.671,Bio Bubble Wrap
P3302,Paper,1275,High,Yes,Air,1.147,Paper Wrap
P3303,Metal,544,Low,Yes,Sea,0.979,Minimalist Pouch
P3304,Bioplastic,1870,Medium,Yes,Sea,1.309,Paper Wrap
P3305,Glass,218,Low,Yes,Air,0.327,Bio Bubble Wrap
P3306,Paper,1356,Low,Yes,Sea,1.22,Paper Wrap
P3307,Bioplastic,1633,Low,Yes,Sea,1.143,Paper Wrap
P3308,Metal,1795,Medium,Yes,Land,3.231,Cornstarch Wrap
P3309,Ceramic,1338,Medium,No,Air,1.606,Bio Bubble Wrap
P3310,Metal,1786,Low,No,Air,3.215,Cornstarch Wrap
P3311,Paper,1829,Low,Yes,Sea,1.646,Paper Wrap
P3312,Ceramic,1632,Medium,No,Sea,1.958,Bio Bubble Wrap
P3313,Ceramic,150,Low,Yes,Air,0.18,Bio Bubble Wrap
P3314,Ceramic,1104,Medium,Yes,Land,1.325,Bio Bubble Wrap
P3315,Paper,200,High,No,Sea,0.18,Paper Wrap
P3316,Ceramic,135,Medium,Yes,Land,0.162,Bio Bubble Wrap
P3317,Plastic,1695,Low,Yes,Land,3.559,Recycled Cardboard
P3318,Bioplastic,1857,Medium,Yes,Air,1.3,Paper Wrap
P3319,Paper,862,Low,Yes,Air,0.776,Paper Wrap
P3320,Metal,1610,Low,Yes,Sea,2.898,Cornstarch Wrap
P3321,Metal,724,Low,Yes,Sea,1.303,Recycled Cardboard
P3322,Paper,580,Low,No,Land,0.522,Paper Wrap
P3323,Metal,1805,Medium,Yes,Sea,3.249,Cornstarch Wrap
P3324,Ceramic,957,High,Yes,Land,1.148,Bio Bubble Wrap
P3325,Paper,1556,High,No,Air,1.4,Paper Wrap
P3326,Metal,227,Medium,No,Sea,0.409,Bio Bubble Wrap
P3327,Glass,1955,High,No,Land,2.933,Bio Bubble Wrap
P3328,Bioplastic,683,Medium,No,Air,0.478,Paper Wrap
P3329,Ceramic,250,Low,Yes,Land,0.3,Bio Bubble Wrap
P3330,Plastic,900,Medium,Yes,Air,1.89,Recycled Cardboard
P3331,Plastic,660,Medium,Yes,Sea,1.386,Recycled Cardboard
P3332,Metal,235,Low,Yes,Land,0.423,Mushroom Foam
P3333,Glass,1263,Low,Yes,Land,1.895,Bio Bubble Wrap
P3334,Plastic,756,High,Yes,Sea,1.588,Recycled Cardboard
P3335,Paper,1134,Low,Yes,Air,1.021,Paper Wrap
P3336,Plastic,1827,High,Yes,Sea,3.837,Recycled Cardboard
P3337,Paper,871,Medium,Yes,Air,0.784,Paper Wrap
P3338,Ceramic,1757,Low,Yes,Land,2.108,Bio Bubble Wrap
P3339,Plastic,204,Low,Yes,Sea,0.428,Recycled Cardboard
P3340,Plastic,1597,Medium,Yes,Sea,3.354,Recycled Cardboard
P3341,Paper,122,High,Yes,Air,0.11,Paper Wrap
P3342,Ceramic,1635,High,No,Sea,1.962,Bio Bubble Wrap
P3343,Ceramic,276,High,Yes,Land,0.331,Bio Bubble Wrap
P3344,Bioplastic,721,High,No,Air,0.505,Paper Wrap
P3345,Bioplastic,1878,Low,Yes,Sea,1.315,Paper Wrap
P3346,Ceramic,368,Medium,No,Air,0.442,Bio Bubble Wrap
P3347,Metal,1484,Medium,Yes,Land,2.671,Mushroom Foam
P3348,Bioplastic,1975,Medium,Yes,Sea,1.383,Paper Wrap
P3349,Plastic,937,Medium,Yes,Sea,1.968,Recycled Cardboard
P3350,Plastic,1332,Medium,No,Land,2.797,Recycled Cardboard
P3351,Bioplastic,136,High,Yes,Land,0.095,Paper Wrap
P3352,Ceramic,1693,Medium,Yes,Land,2.032,Bio Bubble Wrap
P3353,Ceramic,1333,Low,No,Sea,1.6,Bio Bubble Wrap
P3354,Metal,1873,Medium,Yes,Land,3.371,Cornstarch Wrap
P3355,Ceramic,1981,Low,Yes,Sea,2.377,Bio Bubble Wrap
P3356,Paper,1538,Low,Yes,Air,1.384,Paper Wrap
P3357,Plastic,379,High,Yes,Land,0.796,Recycled Cardboard
P3358,Metal,146,Medium,Yes,Air,0.263,Paper Wrap
P3359,Bioplastic,1483,Low,Yes,Air,1.038,Paper Wrap
P3360,Paper,366,Low,Yes,Air,0.329,Paper Wrap
P3361,Metal,555,Medium,Yes,Land,0.999,Minimalist Pouch
P3362,Metal,427,Low,Yes,Sea,0.769,Mushroom Foam
P3363,Plastic,697,Low,No,Air,1.464,Recycled Cardboard
P3364,Metal,919,High,Yes,Air,1.654,Paper Wrap
P3365,Metal,1572,High,Yes,Land,2.83,Recycled Cardboard
P3366,Paper,193,Low,Yes,Air,0.174,Paper Wrap
P3367,Ceramic,1141,Medium,No,Sea,1.369,Bio Bubble Wrap
P3368,Bioplastic,1185,Medium,No,Land,0.83,Paper Wrap
P3369,Metal,1322,Medium,Yes,Sea,2.38,Bio Bubble Wrap
P3370,Metal,773,Medium,Yes,Air,1.391,Mushroom Foam
P3371,Plastic,1271,Medium,No,Land,2.669,Recycled Cardboard
P3372,Paper,924,Medium,Yes,Land,0.832,Paper Wrap
P3373,Ceramic,1390,Medium,No,Air,1.668,Bio Bubble Wrap
P3374,Plastic,820,Low,Yes,Sea,1.722,Recycled Cardboard
P3375,Glass,1516,Medium,Yes,Sea,2.274,Bio Bubble Wrap
P3376,Bioplastic,1524,Low,Yes,Air,1.067,Paper Wrap
P3377,Plastic,334,Low,No,Land,0.701,Recycled Cardboard
P3378,Bioplastic,384,Medium,No,Air,0.269,Paper Wrap
P3379,Plastic,533,Medium,Yes,Air,1.119,Recycled Cardboard
P3380,Ceramic,1384,Medium,No,Land,1.661,Bio Bubble Wrap
P3381,Metal,1741,Low,No,Sea,3.134,Paper Wrap
P3382,Plastic,862,Low,Yes,Land,1.81,Recycled Cardboard
P3383,Plastic,1818,Low,Yes,Land,3.818,Recycled Cardboard
P3384,Glass,225,High,Yes,Land,0.338,Bio Bubble Wrap
P3385,Glass,1433,Medium,Yes,Land,2.15,Bio Bubble Wrap
P3386,Ceramic,1326,Medium,Yes,Sea,1.591,Bio Bubble Wrap
P3387,Glass,1206,High,Yes,Air,1.809,Bio Bubble Wrap
P3388,Metal,1869,High,Yes,Sea,3.364,Recycled Cardboard
P3389,Plastic,1142,Medium,Yes,Land,2.398,Recycled Cardboard
P3390,Metal,419,Medium,Yes,Air,0.754,Paper Wrap
P3391,Metal,786,Low,No,Air,1.415,Minimalist Pouch
P3392,Paper,1421,High,Yes,Sea,1.279,Paper Wrap
P3393,Ceramic,884,High,Yes,Air,1.061,Bio Bubble Wrap
P3394,Plastic,1696,Low,Yes,Air,3.562,Recycled Cardboard
P3395,Metal,199,Low,Yes,Air,0.358,Bio Bubble Wrap
P3396,Bioplastic,772,High,No,Air,0.54,Paper Wrap
P3397,Metal,1574,Medium,Yes,Air,2.833,Paper Wrap
P3398,Paper,129,Low,Yes,Sea,0.116,Paper Wrap
P3399,Ceramic,1452,Low,Yes,Air,1.742,Bio Bubble Wrap
P3400,Plastic,550,Low,Yes,Sea,1.155,Recycled Cardboard
P3401,Metal,310,Low,No,Air,0.558,Paper Wrap
P3402,Bioplastic,1392,Medium,Yes,Air,0.974,Paper Wrap
P3403,Bioplastic,1790,High,Yes,Sea,1.253,Paper Wrap
P3404,Glass,1163,Medium,No,Land,1.744,Bio Bubble Wrap
P3405,Ceramic,1945,Medium,No,Sea,2.334,Bio Bubble Wrap
P3406,Bioplastic,1441,Low,Yes,Land,1.009,Paper Wrap
P3407,Metal,1833,High,Yes,Land,3.299,Mushroom Foam
P3408,Paper,342,Low,Yes,Sea,0.308,Paper Wrap
P3409,Glass,1057,High,Yes,Air,1.585,Bio Bubble Wrap
P3410,Ceramic,1645,Low,Yes,Air,1.974,Bio Bubble Wrap
P3411,Paper,1349,Medium,Yes,Air,1.214,Paper Wrap
P3412,Glass,264,High,Yes,Sea,0.396,Bio Bubble Wrap
P3413,Metal,486,Low,Yes,Air,0.875,Mushroom Foam
P3414,Glass,593,Low,Yes,Air,0.889,Bio Bubble Wrap
P3415,Paper,613,Low,Yes,Land,0.552,Paper Wrap
P3416,Plastic,1816,Medium,Yes,Sea,3.814,Recycled Cardboard
P3417,Plastic,1300,Low,Yes,Air,2.73,Recycled Cardboard
P3418,Glass,969,Low,Yes,Sea,1.454,Bio Bubble Wrap
P3419,Plastic,117,Medium,Yes,Air,0.246,Recycled Cardboard
P3420,Glass,1500,Medium,Yes,Air,2.25,Bio Bubble Wrap
P3421,Glass,894,Medium,Yes,Air,1.341,Bio Bubble Wrap
P3422,Glass,1958,High,Yes,Land,2.937,Bio Bubble Wrap
P3423,Paper,195,Medium,No,Air,0.175,Paper Wrap
P3424,Paper,531,Medium,Yes,Sea,0.478,Paper Wrap
P3425,Bioplastic,530,Medium,Yes,Air,0.371,Paper Wrap
P3426,Paper,689,Medium,Yes,Air,0.62,Paper Wrap
P3427,Metal,1002,Low,Yes,Land,1.804,Mushroom Foam
P3428,Plastic,1814,High,Yes,Land,3.809,Recycled Cardboard
P3429,Glass,802,High,Yes,Sea,1.203,Bio Bubble Wrap
P3430,Paper,1311,Low,No,Air,1.18,Paper Wrap
P3431,Paper,458,Medium,Yes,Land,0.412,Paper Wrap
P3432,Plastic,465,Medium,No,Air,0.977,Recycled Cardboard
P3433,Metal,216,Medium,Yes,Air,0.389,Bio Bubble Wrap
P3434,Bioplastic,316,Low,No,Air,0.221,Paper Wrap
P3435,Paper,398,Low,Yes,Sea,0.358,Paper Wrap
P3436,Ceramic,1634,High,No,Land,1.961,Bio Bubble Wrap
P3437,Glass,1429,Medium,Yes,Land,2.143,Bio Bubble Wrap
P3438,Metal,301,Medium,Yes,Land,0.542,Recycled Cardboard
P3439,Ceramic,615,Low,Yes,Land,0.738,Bio Bubble Wrap
P3440,Plastic,997,Medium,No,Air,2.094,Recycled Cardboard
P3441,Glass,1493,Low,Yes,Land,2.24,Bio Bubble Wrap
P3442,Plastic,306,High,Yes,Air,0.643,Recycled Cardboard
P3443,Ceramic,1320,Medium,Yes,Air,1.584,Bio Bubble Wrap
P3444,Paper,1276,Medium,Yes,Air,1.148,Paper Wrap
P3445,Bioplastic,1291,Low,Yes,Air,0.904,Paper Wrap
P3446,Paper,1401,High,Yes,Air,1.261,Paper Wrap
P3447,Glass,1898,Low,Yes,Air,2.847,Bio Bubble Wrap
P3448,Metal,786,Medium,Yes,Sea,1.415,Paper Wrap
P3449,Bioplastic,1837,Low,Yes,Land,1.286,Paper Wrap
P3450,Plastic,1611,Medium,No,Land,3.383,Recycled Cardboard
P3451,Bioplastic,1017,Medium,Yes,Sea,0.712,Paper Wrap
P3452,Metal,1047,Medium,Yes,Sea,1.885,Mushroom Foam
P3453,Plastic,888,High,No,Land,1.865,Recycled Cardboard
P3454,Paper,972,Low,Yes,Land,0.875,Paper Wrap
P3455,Paper,1574,Medium,Yes,Air,1.417,Paper Wrap
P3456,Ceramic,1440,Low,Yes,Land,1.728,Bio Bubble Wrap
P3457,Plastic,415,Medium,Yes,Air,0.872,Recycled Cardboard
P3458,Glass,857,Low,Yes,Air,1.286,Bio Bubble Wrap
P3459,Plastic,1872,Medium,Yes,Air,3.931,Recycled Cardboard
P3460,Paper,903,High,Yes,Land,0.813,Paper Wrap
P3461,Plastic,452,Low,Yes,Land,0.949,Recycled Cardboard
P3462,Metal,1949,Medium,Yes,Sea,3.508,Bio Bubble Wrap
P3463,Plastic,1009,Medium,Yes,Sea,2.119,Recycled Cardboard
P3464,Paper,1679,Low,Yes,Land,1.511,Paper Wrap
P3465,Plastic,202,Medium,No,Sea,0.424,Recycled Cardboard
P3466,Plastic,1121,Medium,No,Air,2.354,Recycled Cardboard
P3467,Paper,926,Low,Yes,Land,0.833,Paper Wrap
P3468,Ceramic,1280,Low,Yes,Land,1.536,Bio Bubble Wrap
P3469,Metal,286,Medium,Yes,Air,0.515,Mushroom Foam
P3470,Ceramic,1858,Medium,No,Sea,2.23,Bio Bubble Wrap
P3471,Glass,770,High,No,Land,1.155,Bio Bubble Wrap
P3472,Glass,519,Medium,Yes,Land,0.778,Bio Bubble Wrap
P3473,Plastic,366,Low,Yes,Air,0.769,Recycled Cardboard
P3474,Plastic,143,Medium,Yes,Land,0.3,Recycled Cardboard
P3475,Paper,1439,Low,Yes,Sea,1.295,Paper Wrap
P3476,Bioplastic,308,Low,Yes,Air,0.216,Paper Wrap
P3477,Plastic,745,Low,Yes,Sea,1.565,Recycled Cardboard
P3478,Ceramic,547,High,Yes,Land,0.656,Bio Bubble Wrap
P3479,Ceramic,956,Medium,No,Air,1.147,Bio Bubble Wrap
P3480,Glass,738,Medium,Yes,Sea,1.107,Bio Bubble Wrap
P3481,Bioplastic,666,Low,Yes,Air,0.466,Paper Wrap
P3482,Plastic,1753,High,Yes,Sea,3.681,Recycled Cardboard
P3483,Metal,715,Medium,Yes,Air,1.287,Bio Bubble Wrap
P3484,Glass,544,High,Yes,Air,0.816,Bio Bubble Wrap
P3485,Paper,735,Low,Yes,Sea,0.661,Paper Wrap
P3486,Paper,1923,Medium,Yes,Air,1.731,Paper Wrap
P3487,Metal,1729,Low,Yes,Air,3.112,Cornstarch Wrap
P3488,Plastic,1973,Low,Yes,Sea,4.143,Recycled Cardboard
P3489,Metal,1949,Medium,No,Sea,3.508,Bio Bubble Wrap
P3490,Metal,1137,Medium,Yes,Sea,2.047,Minimalist Pouch
P3491,Bioplastic,678,Medium,Yes,Land,0.475,Paper Wrap
P3492,Metal,1538,Low,Yes,Air,2.768,Bio Bubble Wrap
P3493,Glass,177,Low,No,Land,0.266,Bio Bubble Wrap
P3494,Ceramic,1213,High,Yes,Air,1.456,Bio Bubble Wrap
P3495,Paper,576,Low,Yes,Land,0.518,Paper Wrap
P3496,Plastic,182,Low,Yes,Sea,0.382,Recycled Cardboard
P3497,Ceramic,1477,Medium,Yes,Sea,1.772,Bio Bubble Wrap
P3498,Paper,1272,High,Yes,Sea,1.145,Paper Wrap
P3499,Paper,1664,Medium,Yes,Air,1.498,Paper Wrap
P3500,Plastic,359,Medium,Yes,Air,0.754,Recycled Cardboard
P3501,Plastic,1490,High,No,Air,3.129,Recycled Cardboard
P3502,Metal,1386,Low,Yes,Air,2.495,Cornstarch Wrap
P3503,Paper,1325,High,Yes,Sea,1.192,Paper Wrap
P3504,Ceramic,1786,High,Yes,Land,2.143,Bio Bubble Wrap
P3505,Plastic,358,Medium,No,Land,0.752,Recycled Cardboard
P3506,Ceramic,671,Low,Yes,Air,0.805,Bio Bubble Wrap
P3507,Paper,620,Low,Yes,Land,0.558,Paper Wrap
P3508,Plastic,510,Low,Yes,Air,1.071,Recycled Cardboard
P3509,Paper,1019,High,Yes,Sea,0.917,Paper Wrap
P3510,Paper,1466,High,Yes,Sea,1.319,Paper Wrap
P3511,Glass,1900,Medium,Yes,Land,2.85,Bio Bubble Wrap
P3512,Paper,1655,Medium,Yes,Land,1.49,Paper Wrap
P3513,Plastic,1198,Low,Yes,Land,2.516,Recycled Cardboard
P3514,Bioplastic,1998,High,Yes,Sea,1.399,Paper Wrap
P3515,Bioplastic,1490,High,Yes,Air,1.043,Paper Wrap
P3516,Metal,818,High,Yes,Sea,1.472,Paper Wrap
P3517,Ceramic,1990,Medium,Yes,Sea,2.388,Bio Bubble Wrap
P3518,Bioplastic,108,Medium,Yes,Air,0.076,Paper Wrap
P3519,Glass,1368,Medium,Yes,Land,2.052,Bio Bubble Wrap
P3520,Plastic,347,Low,Yes,Sea,0.729,Recycled Cardboard
P3521,Plastic,643,Medium,Yes,Sea,1.35,Recycled Cardboard
P3522,Ceramic,1026,Medium,Yes,Air,1.231,Bio Bubble Wrap
P3523,Plastic,845,Low,Yes,Land,1.774,Recycled Cardboard
P3524,Paper,1984,Low,Yes,Air,1.786,Paper Wrap
P3525,Metal,159,High,No,Air,0.286,Minimalist Pouch
P3526,Metal,853,High,Yes,Sea,1.535,Mushroom Foam
P3527,Bioplastic,1789,Medium,No,Air,1.252,Paper Wrap
P3528,Bioplastic,1807,Low,Yes,Sea,1.265,Paper Wrap
P3529,Plastic,1613,Medium,Yes,Air,3.387,Recycled Cardboard
P3530,Ceramic,189,High,Yes,Sea,0.227,Bio Bubble Wrap
P3531,Plastic,1206,Low,No,Air,2.533,Recycled Cardboard
P3532,Plastic,728,Medium,Yes,Air,1.529,Recycled Cardboard
P3533,Glass,998,Low,Yes,Land,1.497,Bio Bubble Wrap
P3534,Bioplastic,1514,High,Yes,Air,1.06,Paper Wrap
P3535,Plastic,1745,Low,Yes,Land,3.664,Recycled Cardboard
P3536,Ceramic,1660,Low,Yes,Air,1.992,Bio Bubble Wrap
P3537,Metal,1593,Medium,Yes,Air,2.867,Mushroom Foam
P3538,Ceramic,1399,Medium,Yes,Sea,1.679,Bio Bubble Wrap
P3539,Plastic,1608,Low,No,Land,3.377,Recycled Cardboard
P3540,Paper,977,High,Yes,Land,0.879,Paper Wrap
P3541,Metal,236,Medium,No,Sea,0.425,Minimalist Pouch
P3542,Glass,561,High,Yes,Sea,0.842,Bio Bubble Wrap
P3543,Plastic,1977,Medium,Yes,Sea,4.152,Recycled Cardboard
P3544,Bioplastic,686,Medium,No,Land,0.48,Paper Wrap
P3545,Bioplastic,261,Low,No,Land,0.183,Paper Wrap
P3546,Plastic,275,Low,Yes,Land,0.578,Recycled Cardboard
P3547,Ceramic,1091,Low,Yes,Sea,1.309,Bio Bubble Wrap
P3548,Paper,1742,Medium,Yes,Air,1.568,Paper Wrap
P3549,Ceramic,1332,Medium,Yes,Land,1.598,Bio Bubble Wrap
P3550,Metal,729,High,Yes,Sea,1.312,Cornstarch Wrap
P3551,Bioplastic,607,High,Yes,Land,0.425,Paper Wrap
P3552,Glass,258,Low,No,Air,0.387,Bio Bubble Wrap
P3553,Ceramic,1807,Medium,Yes,Land,2.168,Bio Bubble Wrap
P3554,Plastic,1387,High,No,Land,2.913,Recycled Cardboard
P3555,Ceramic,1776,Medium,Yes,Sea,2.131,Bio Bubble Wrap
P3556,Plastic,465,High,Yes,Sea,0.977,Recycled Cardboard
P3557,Metal,1455,High,Yes,Sea,2.619,Paper Wrap
P3558,Paper,147,High,Yes,Air,0.132,Paper Wrap
P3559,Glass,197,Medium,Yes,Land,0.295,Bio Bubble Wrap
P3560,Metal,998,Low,Yes,Land,1.796,Recycled Cardboard
P3561,Bioplastic,1134,Low,No,Land,0.794,Paper Wrap
P3562,Paper,1975,Low,Yes,Air,1.778,Paper Wrap
P3563,Plastic,1286,High,Yes,Air,2.701,Recycled Cardboard
P3564,Ceramic,247,Low,Yes,Sea,0.296,Bio Bubble Wrap
P3565,Paper,559,Medium,No,Air,0.503,Paper Wrap
P3566,Glass,1553,Low,Yes,Air,2.329,Bio Bubble Wrap
P3567,Plastic,1852,Low,Yes,Air,3.889,Recycled Cardboard
P3568,Bioplastic,1023,High,No,Land,0.716,Paper Wrap
P3569,Bioplastic,275,Medium,Yes,Sea,0.193,Paper Wrap
P3570,Glass,590,Medium,Yes,Sea,0.885,Bio Bubble Wrap
P3571,Metal,1122,Low,Yes,Land,2.02,Cornstarch Wrap
P3572,Plastic,1762,Medium,Yes,Sea,3.7,Recycled Cardboard
P3573,Bioplastic,572,High,Yes,Sea,0.4,Paper Wrap
P3574,Paper,431,Low,No,Air,0.388,Paper Wrap
P3575,Glass,901,Medium,Yes,Air,1.351,Bio Bubble Wrap
P3576,Ceramic,636,Low,No,Air,0.763,Bio Bubble Wrap
P3577,Paper,1764,Medium,Yes,Air,1.588,Paper Wrap
P3578,Paper,1974,Medium,No,Land,1.777,Paper Wrap
P3579,Ceramic,478,Low,No,Air,0.574,Bio Bubble Wrap
P3580,Glass,1329,Medium,No,Air,1.994,Bio Bubble Wrap
P3581,Paper,1834,Medium,Yes,Sea,1.651,Paper Wrap
P3582,Paper,1483,Low,Yes,Land,1.335,Paper Wrap
P3583,Metal,1385,Medium,Yes,Sea,2.493,Bio Bubble Wrap
P3584,Glass,378,Low,Yes,Sea,0.567,Bio Bubble Wrap
P3585,Glass,1662,Medium,Yes,Sea,2.493,Bio Bubble Wrap
P3586,Glass,1032,High,Yes,Sea,1.548,Bio Bubble Wrap
P3587,Bioplastic,346,Low,Yes,Air,0.242,Paper Wrap
P3588,Metal,721,Low,No,Air,1.298,Mushroom Foam
P3589,Bioplastic,1731,High,Yes,Land,1.212,Paper Wrap
P3590,Bioplastic,1088,Low,Yes,Sea,0.762,Paper Wrap
P3591,Plastic,163,Medium,No,Air,0.342,Recycled Cardboard
P3592,Metal,1972,Medium,Yes,Land,3.55,Minimalist Pouch
P3593,Glass,1877,Low,Yes,Sea,2.816,Bio Bubble Wrap
P3594,Bioplastic,774,High,No,Air,0.542,Paper Wrap
P3595,Plastic,1499,Low,Yes,Air,3.148,Recycled Cardboard
P3596,Bioplastic,333,Medium,No,Land,0.233,Paper Wrap
P3597,Plastic,1754,Medium,Yes,Land,3.683,Recycled Cardboard
P3598,Plastic,803,Medium,No,Land,1.686,Recycled Cardboard
P3599,Paper,1081,High,Yes,Air,0.973,Paper Wrap
P3600,Plastic,742,Low,No,Air,1.558,Recycled Cardboard
P3601,Metal,1073,Low,Yes,Land,1.931,Cornstarch Wrap
P3602,Plastic,918,High,Yes,Air,1.928,Recycled Cardboard
P3603,Paper,1125,Medium,Yes,Sea,1.012,Paper Wrap
P3604,Bioplastic,1495,Medium,No,Land,1.046,Paper Wrap
P3605,Metal,556,High,Yes,Land,1.001,Cornstarch Wrap
P3606,Plastic,1336,Medium,Yes,Air,2.806,Recycled Cardboard
P3607,Glass,1528,Low,Yes,Land,2.292,Bio Bubble Wrap
P3608,Ceramic,734,Low,Yes,Air,0.881,Bio Bubble Wrap
P3609,Ceramic,1633,Medium,Yes,Sea,1.96,Bio Bubble Wrap
P3610,Paper,955,High,No,Land,0.86,Paper Wrap
P3611,Paper,221,Medium,No,Sea,0.199,Paper Wrap
P3612,Ceramic,667,Medium,Yes,Air,0.8,Bio Bubble Wrap
P3613,Plastic,121,High,Yes,Air,0.254,Recycled Cardboard
P3614,Plastic,1491,Medium,Yes,Sea,3.131,Recycled Cardboard
P3615,Glass,756,Medium,No,Land,1.134,Bio Bubble Wrap
P3616,Glass,359,Low,Yes,Sea,0.538,Bio Bubble Wrap
P3617,Bioplastic,439,Low,Yes,Sea,0.307,Paper Wrap
P3618,Bioplastic,1236,High,Yes,Air,0.865,Paper Wrap
P3619,Glass,598,Low,Yes,Sea,0.897,Bio Bubble Wrap
P3620,Metal,1826,Low,No,Sea,3.287,Cornstarch Wrap
P3621,Plastic,244,Low,Yes,Land,0.512,Recycled Cardboard
P3622,Paper,412,Low,Yes,Air,0.371,Paper Wrap
P3623,Bioplastic,226,Medium,Yes,Land,0.158,Paper Wrap
P3624,Plastic,235,Medium,Yes,Air,0.493,Recycled Cardboard
P3625,Ceramic,840,Low,Yes,Sea,1.008,Bio Bubble Wrap
P3626,Bioplastic,1901,Medium,Yes,Sea,1.331,Paper Wrap
P3627,Plastic,288,Low,Yes,Land,0.605,Recycled Cardboard
P3628,Paper,1702,Low,No,Air,1.532,Paper Wrap
P3629,Glass,221,High,Yes,Air,0.332,Bio Bubble Wrap
P3630,Paper,817,Low,Yes,Air,0.735,Paper Wrap
P3631,Plastic,1760,Medium,No,Air,3.696,Recycled Cardboard
P3632,Paper,1003,Medium,No,Land,0.903,Paper Wrap
P3633,Metal,1373,Medium,Yes,Land,2.471,Cornstarch Wrap
P3634,Ceramic,495,High,Yes,Sea,0.594,Bio Bubble Wrap
P3635,Glass,1013,Low,Yes,Sea,1.52,Bio Bubble Wrap
P3636,Plastic,1360,Low,Yes,Air,2.856,Recycled Cardboard
P3637,Plastic,1145,Medium,Yes,Land,2.405,Recycled Cardboard
P3638,Glass,884,High,Yes,Land,1.326,Bio Bubble Wrap
P3639,Bioplastic,1922,High,Yes,Sea,1.345,Paper Wrap
P3640,Paper,1118,Low,Yes,Land,1.006,Paper Wrap
P3641,Ceramic,594,Low,Yes,Sea,0.713,Bio Bubble Wrap
P3642,Ceramic,911,Low,Yes,Air,1.093,Bio Bubble Wrap
P3643,Plastic,1068,High,Yes,Air,2.243,Recycled Cardboard
P3644,Metal,1268,High,Yes,Sea,2.282,Paper Wrap
P3645,Ceramic,985,High,Yes,Land,1.182,Bio Bubble Wrap
P3646,Bioplastic,1977,Low,Yes,Sea,1.384,Paper Wrap
P3647,Ceramic,1404,Medium,Yes,Air,1.685,Bio Bubble Wrap
P3648,Glass,1226,Medium,No,Land,1.839,Bio Bubble Wrap
P3649,Paper,816,Medium,Yes,Land,0.734,Paper Wrap
P3650,Ceramic,222,Low,No,Land,0.266,Bio Bubble Wrap
P3651,Plastic,1344,High,Yes,Air,2.822,Recycled Cardboard
P3652,Glass,1517,Medium,Yes,Land,2.276,Bio Bubble Wrap
P3653,Glass,1306,Low,Yes,Sea,1.959,Bio Bubble Wrap
P3654,Paper,767,Low,Yes,Air,0.69,Paper Wrap
P3655,Bioplastic,1101,High,Yes,Air,0.771,Paper Wrap
P3656,Glass,136,High,No,Sea,0.204,Bio Bubble Wrap
P3657,Ceramic,1903,Low,Yes,Air,2.284,Bio Bubble Wrap
P3658,Bioplastic,798,High,No,Sea,0.559,Paper Wrap
P3659,Ceramic,1080,High,Yes,Sea,1.296,Bio Bubble Wrap
P3660,Ceramic,172,Low,Yes,Sea,0.206,Bio Bubble Wrap
P3661,Plastic,1263,Medium,Yes,Land,2.652,Recycled Cardboard
P3662,Bioplastic,1051,Low,Yes,Sea,0.736,Paper Wrap
P3663,Ceramic,278,Medium,Yes,Air,0.334,Bio Bubble Wrap
P3664,Paper,551,High,Yes,Air,0.496,Paper Wrap
P3665,Paper,384,Low,Yes,Land,0.346,Paper Wrap
P3666,Glass,1282,High,Yes,Land,1.923,Bio Bubble Wrap
P3667,Bioplastic,1416,Medium,No,Land,0.991,Paper Wrap
P3668,Metal,1229,Low,No,Air,2.212,Bio Bubble Wrap
P3669,Ceramic,838,Medium,No,Land,1.006,Bio Bubble Wrap
P3670,Ceramic,653,High,Yes,Sea,0.784,Bio Bubble Wrap
P3671,Paper,473,Medium,Yes,Sea,0.426,Paper Wrap
P3672,Ceramic,1563,Low,Yes,Sea,1.876,Bio Bubble Wrap
P3673,Ceramic,1986,High,Yes,Air,2.383,Bio Bubble Wrap
P3674,Bioplastic,1608,Medium,Yes,Sea,1.126,Paper Wrap
P3675,Glass,587,Medium,Yes,Sea,0.88,Bio Bubble Wrap
P3676,Plastic,499,Low,No,Land,1.048,Recycled Cardboard
P3677,Metal,801,High,Yes,Land,1.442,Recycled Cardboard
P3678,Ceramic,1529,Low,Yes,Air,1.835,Bio Bubble Wrap
P3679,Plastic,1796,Medium,Yes,Sea,3.772,Recycled Cardboard
P3680,Plastic,928,Low,No,Land,1.949,Recycled Cardboard
P3681,Bioplastic,1741,Low,Yes,Land,1.219,Paper Wrap
P3682,Glass,1433,Medium,Yes,Sea,2.15,Bio Bubble Wrap
P3683,Metal,570,Low,No,Air,1.026,Minimalist Pouch
P3684,Plastic,1871,Low,Yes,Land,3.929,Recycled Cardboard
P3685,Ceramic,1411,Low,Yes,Sea,1.693,Bio Bubble Wrap
P3686,Glass,606,Low,Yes,Sea,0.909,Bio Bubble Wrap
P3687,Ceramic,162,Medium,Yes,Land,0.194,Bio Bubble Wrap
P3688,Glass,1929,Low,Yes,Land,2.893,Bio Bubble Wrap
P3689,Bioplastic,111,Low,No,Air,0.078,Paper Wrap
P3690,Ceramic,604,Medium,Yes,Air,0.725,Bio Bubble Wrap
P3691,Plastic,1025,Low,Yes,Sea,2.152,Recycled Cardboard
P3692,Glass,650,Medium,Yes,Land,0.975,Bio Bubble Wrap
P3693,Paper,626,Low,Yes,Air,0.563,Paper Wrap
P3694,Paper,659,Low,No,Air,0.593,Paper Wrap
P3695,Glass,1625,Medium,Yes,Land,2.438,Bio Bubble Wrap
P3696,Glass,980,Low,Yes,Sea,1.47,Bio Bubble Wrap
P3697,Plastic,275,Medium,Yes,Land,0.578,Recycled Cardboard
P3698,Ceramic,298,High,Yes,Sea,0.358,Bio Bubble Wrap
P3699,Ceramic,475,Low,Yes,Land,0.57,Bio Bubble Wrap
P3700,Metal,617,Low,No,Sea,1.111,Bio Bubble Wrap
P3701,Glass,500,Medium,No,Sea,0.75,Bio Bubble Wrap
P3702,Paper,918,High,Yes,Sea,0.826,Paper Wrap
P3703,Metal,106,Medium,Yes,Air,0.191,Paper Wrap
P3704,Metal,193,Low,Yes,Land,0.347,Minimalist Pouch
P3705,Paper,929,High,Yes,Air,0.836,Paper Wrap
P3706,Bioplastic,1031,Medium,Yes,Air,0.722,Paper Wrap
P3707,Glass,105,Medium,Yes,Air,0.158,Bio Bubble Wrap
P3708,Ceramic,695,High,No,Sea,0.834,Bio Bubble Wrap
P3709,Paper,1220,Medium,No,Land,1.098,Paper Wrap
P3710,Bioplastic,1211,Low,No,Sea,0.848,Paper Wrap
P3711,Glass,893,High,Yes,Air,1.339,Bio Bubble Wrap
P3712,Paper,1829,Medium,Yes,Land,1.646,Paper Wrap
P3713,Ceramic,886,High,Yes,Land,1.063,Bio Bubble Wrap
P3714,Metal,778,Medium,Yes,Air,1.4,Recycled Cardboard
P3715,Plastic,742,Medium,Yes,Air,1.558,Recycled Cardboard
P3716,Ceramic,945,Low,Yes,Air,1.134,Bio Bubble Wrap
P3717,Glass,172,Low,Yes,Sea,0.258,Bio Bubble Wrap
P3718,Plastic,144,Low,No,Land,0.302,Recycled Cardboard
P3719,Glass,380,Low,Yes,Air,0.57,Bio Bubble Wrap
P3720,Glass,942,Medium,No,Sea,1.413,Bio Bubble Wrap
P3721,Glass,1783,Low,Yes,Air,2.675,Bio Bubble Wrap
P3722,Ceramic,1630,Low,Yes,Sea,1.956,Bio Bubble Wrap
P3723,Plastic,725,Medium,No,Land,1.522,Recycled Cardboard
P3724,Ceramic,315,Medium,Yes,Land,0.378,Bio Bubble Wrap
P3725,Bioplastic,548,High,Yes,Land,0.384,Paper Wrap
P3726,Paper,610,Low,Yes,Sea,0.549,Paper Wrap
P3727,Glass,1592,High,Yes,Sea,2.388,Bio Bubble Wrap
P3728,Ceramic,161,Medium,No,Land,0.193,Bio Bubble Wrap
P3729,Bioplastic,1575,Medium,Yes,Air,1.103,Paper Wrap
P3730,Glass,583,Low,Yes,Air,0.875,Bio Bubble Wrap
P3731,Metal,874,Medium,Yes,Sea,1.573,Bio Bubble Wrap
P3732,Bioplastic,1417,Low,Yes,Sea,0.992,Paper Wrap
P3733,Glass,1178,Low,Yes,Sea,1.767,Bio Bubble Wrap
P3734,Metal,207,High,Yes,Air,0.373,Cornstarch Wrap
P3735,Plastic,1540,High,Yes,Sea,3.234,Recycled Cardboard
P3736,Paper,147,Medium,Yes,Land,0.132,Paper Wrap
P3737,Metal,1822,Medium,No,Sea,3.28,Paper Wrap
P3738,Plastic,1550,Low,Yes,Air,3.255,Recycled Cardboard
P3739,Plastic,397,Medium,No,Sea,0.834,Recycled Cardboard
P3740,Ceramic,1001,Low,Yes,Sea,1.201,Bio Bubble Wrap
P3741,Ceramic,1286,Medium,Yes,Land,1.543,Bio Bubble Wrap
P3742,Glass,980,Medium,No,Sea,1.47,Bio Bubble Wrap
P3743,Metal,628,Medium,Yes,Air,1.13,Minimalist Pouch
P3744,Glass,615,Medium,Yes,Air,0.922,Bio Bubble Wrap
P3745,Glass,871,Low,No,Sea,1.306,Bio Bubble Wrap
P3746,Paper,1632,Low,Yes,Land,1.469,Paper Wrap
P3747,Bioplastic,1341,Low,Yes,Air,0.939,Paper Wrap
P3748,Plastic,438,Low,Yes,Land,0.92,Recycled Cardboard
P3749,Glass,1421,Low,Yes,Air,2.131,Bio Bubble Wrap
P3750,Bioplastic,213,High,Yes,Sea,0.149,Paper Wrap
P3751,Paper,1402,Low,Yes,Land,1.262,Paper Wrap
P3752,Paper,1825,Low,Yes,Land,1.643,Paper Wrap
P3753,Metal,1537,High,Yes,Land,2.767,Paper Wrap
P3754,Glass,450,Medium,Yes,Sea,0.675,Bio Bubble Wrap
P3755,Metal,1762,Medium,Yes,Air,3.172,Recycled Cardboard
P3756,Plastic,1990,Medium,Yes,Land,4.179,Recycled Cardboard
P3757,Glass,1320,High,Yes,Land,1.98,Bio Bubble Wrap
P3758,Metal,1868,High,Yes,Air,3.362,Mushroom Foam
P3759,Ceramic,761,High,No,Air,0.913,Bio Bubble Wrap
P3760,Ceramic,1702,Medium,No,Sea,2.042,Bio Bubble Wrap
P3761,Bioplastic,182,High,Yes,Air,0.127,Paper Wrap
P3762,Plastic,1040,Low,Yes,Land,2.184,Recycled Cardboard
P3763,Plastic,562,Medium,No,Air,1.18,Recycled Cardboard
P3764,Ceramic,1637,High,Yes,Land,1.964,Bio Bubble Wrap
P3765,Metal,1203,Low,Yes,Sea,2.165,Bio Bubble Wrap
P3766,Glass,1377,Medium,Yes,Sea,2.066,Bio Bubble Wrap
P3767,Plastic,359,Medium,Yes,Land,0.754,Recycled Cardboard
P3768,Paper,133,High,Yes,Sea,0.12,Paper Wrap
P3769,Glass,1820,Low,Yes,Sea,2.73,Bio Bubble Wrap
P3770,Plastic,841,Medium,No,Sea,1.766,Recycled Cardboard
P3771,Plastic,590,Medium,Yes,Land,1.239,Recycled Cardboard
P3772,Paper,1560,Low,Yes,Sea,1.404,Paper Wrap
P3773,Bioplastic,337,High,Yes,Air,0.236,Paper Wrap
P3774,Glass,1352,High,Yes,Land,2.028,Bio Bubble Wrap
P3775,Glass,408,Medium,Yes,Sea,0.612,Bio Bubble Wrap
P3776,Glass,1440,Low,Yes,Sea,2.16,Bio Bubble Wrap
P3777,Metal,1352,Medium,Yes,Sea,2.434,Cornstarch Wrap
P3778,Glass,804,Low,No,Sea,1.206,Bio Bubble Wrap
P3779,Metal,787,Medium,Yes,Land,1.417,Minimalist Pouch
P3780,Ceramic,684,Medium,Yes,Sea,0.821,Bio Bubble Wrap
P3781,Glass,828,High,Yes,Sea,1.242,Bio Bubble Wrap
P3782,Metal,396,Low,Yes,Land,0.713,Recycled Cardboard
P3783,Ceramic,988,Low,Yes,Air,1.186,Bio Bubble Wrap
P3784,Bioplastic,1595,Low,Yes,Sea,1.117,Paper Wrap
P3785,Ceramic,1901,Medium,Yes,Air,2.281,Bio Bubble Wrap
P3786,Paper,1262,Low,Yes,Air,1.136,Paper Wrap
P3787,Ceramic,1809,Low,Yes,Sea,2.171,Bio Bubble Wrap
P3788,Plastic,240,Low,Yes,Air,0.504,Recycled Cardboard
P3789,Plastic,855,Low,No,Air,1.796,Recycled Cardboard
P3790,Paper,378,Medium,Yes,Sea,0.34,Paper Wrap
P3791,Paper,868,Medium,Yes,Sea,0.781,Paper Wrap
P3792,Ceramic,1566,Medium,Yes,Sea,1.879,Bio Bubble Wrap
P3793,Ceramic,1566,Low,Yes,Air,1.879,Bio Bubble Wrap
P3794,Bioplastic,259,High,Yes,Sea,0.181,Paper Wrap
P3795,Glass,1075,Medium,Yes,Land,1.613,Bio Bubble Wrap
P3796,Plastic,1721,Medium,Yes,Sea,3.614,Recycled Cardboard
P3797,Plastic,1527,Medium,No,Sea,3.207,Recycled Cardboard
P3798,Ceramic,857,High,Yes,Sea,1.028,Bio Bubble Wrap
P3799,Ceramic,1045,Medium,Yes,Land,1.254,Bio Bubble Wrap
P3800,Paper,690,High,Yes,Air,0.621,Paper Wrap
P3801,Glass,755,Medium,Yes,Land,1.133,Bio Bubble Wrap
P3802,Ceramic,1866,Medium,Yes,Sea,2.239,Bio Bubble Wrap
P3803,Paper,710,High,Yes,Sea,0.639,Paper Wrap
P3804,Ceramic,1982,High,Yes,Sea,2.378,Bio Bubble Wrap
P3805,Metal,1487,Medium,No,Land,2.677,Recycled Cardboard
P3806,Glass,1115,Low,No,Land,1.673,Bio Bubble Wrap
P3807,Paper,1902,Low,No,Land,1.712,Paper Wrap
P3808,Glass,1853,Medium,Yes,Air,2.78,Bio Bubble Wrap
P3809,Glass,1695,Low,Yes,Air,2.542,Bio Bubble Wrap
P3810,Plastic,410,Low,Yes,Sea,0.861,Recycled Cardboard
P3811,Glass,1931,Medium,Yes,Sea,2.897,Bio Bubble Wrap
P3812,Plastic,690,Medium,Yes,Sea,1.449,Recycled Cardboard
P3813,Glass,1041,Low,No,Sea,1.562,Bio Bubble Wrap
P3814,Paper,600,Medium,Yes,Land,0.54,Paper Wrap
P3815,Glass,707,Medium,Yes,Air,1.06,Bio Bubble Wrap
P3816,Ceramic,1507,Low,Yes,Sea,1.808,Bio Bubble Wrap
P3817,Bioplastic,1010,High,Yes,Sea,0.707,Paper Wrap
P3818,Ceramic,762,High,Yes,Land,0.914,Bio Bubble Wrap
P3819,Paper,1184,High,Yes,Air,1.066,Paper Wrap
P3820,Bioplastic,1061,Low,Yes,Land,0.743,Paper Wrap
P3821,Ceramic,188,Low,Yes,Air,0.226,Bio Bubble Wrap
P3822,Ceramic,463,High,Yes,Air,0.556,Bio Bubble Wrap
P3823,Metal,304,Medium,Yes,Land,0.547,Minimalist Pouch
P3824,Metal,298,Medium,Yes,Sea,0.536,Paper Wrap
P3825,Metal,1153,High,Yes,Sea,2.075,Minimalist Pouch
P3826,Glass,812,Medium,Yes,Sea,1.218,Bio Bubble Wrap
P3827,Bioplastic,1848,Medium,Yes,Sea,1.294,Paper Wrap
P3828,Plastic,333,Medium,Yes,Air,0.699,Recycled Cardboard
P3829,Plastic,1827,Medium,Yes,Air,3.837,Recycled Cardboard
P3830,Metal,1163,High,Yes,Land,2.093,Recycled Cardboard
P3831,Ceramic,289,Low,No,Land,0.347,Bio Bubble Wrap
P3832,Metal,100,Low,Yes,Land,0.18,Cornstarch Wrap
P3833,Paper,284,Low,Yes,Air,0.256,Paper Wrap
P3834,Ceramic,1939,Low,No,Sea,2.327,Bio Bubble Wrap
P3835,Metal,205,High,No,Sea,0.369,Bio Bubble Wrap
P3836,Bioplastic,673,Low,No,Sea,0.471,Paper Wrap
P3837,Metal,1187,Medium,Yes,Sea,2.137,Recycled Cardboard
P3838,Plastic,1785,Low,Yes,Land,3.748,Recycled Cardboard
P3839,Bioplastic,1050,Medium,Yes,Sea,0.735,Paper Wrap
P3840,Paper,1845,Medium,Yes,Land,1.661,Paper Wrap
P3841,Ceramic,1484,Medium,Yes,Air,1.781,Bio Bubble Wrap
P3842,Ceramic,1947,Medium,No,Sea,2.336,Bio Bubble Wrap
P3843,Metal,224,High,Yes,Sea,0.403,Mushroom Foam
P3844,Plastic,1632,Medium,Yes,Sea,3.427,Recycled Cardboard
P3845,Bioplastic,1655,Medium,Yes,Land,1.159,Paper Wrap
P3846,Metal,1502,Low,Yes,Sea,2.704,Mushroom Foam
P3847,Plastic,148,Medium,Yes,Air,0.311,Recycled Cardboard
P3848,Paper,1599,Low,Yes,Sea,1.439,Paper Wrap
P3849,Metal,1212,Low,Yes,Land,2.182,Bio Bubble Wrap
P3850,Ceramic,830,Low,Yes,Sea,0.996,Bio Bubble Wrap
P3851,Paper,115,Medium,Yes,Air,0.103,Paper Wrap
P3852,Metal,116,High,No,Air,0.209,Recycled Cardboard
P3853,Bioplastic,399,Low,Yes,Land,0.279,Paper Wrap
P3854,Metal,804,Medium,No,Land,1.447,Bio Bubble Wrap
P3855,Ceramic,1778,Low,Yes,Sea,2.134,Bio Bubble Wrap
P3856,Glass,1402,High,Yes,Land,2.103,Bio Bubble Wrap
P3857,Metal,391,Low,Yes,Land,0.704,Cornstarch Wrap
P3858,Ceramic,130,Medium,Yes,Air,0.156,Bio Bubble Wrap
P3859,Glass,190,Medium,Yes,Sea,0.285,Bio Bubble Wrap
P3860,Paper,1929,Low,Yes,Air,1.736,Paper Wrap
P3861,Paper,426,Medium,Yes,Land,0.383,Paper Wrap
P3862,Bioplastic,675,Low,Yes,Land,0.472,Paper Wrap
P3863,Plastic,1629,Low,Yes,Air,3.421,Recycled Cardboard
P3864,Plastic,724,Medium,Yes,Sea,1.52,Recycled Cardboard
P3865,Glass,1931,Medium,Yes,Land,2.897,Bio Bubble Wrap
P3866,Bioplastic,240,Low,Yes,Air,0.168,Paper Wrap
P3867,Glass,1660,Low,Yes,Sea,2.49,Bio Bubble Wrap
P3868,Bioplastic,790,Low,No,Air,0.553,Paper Wrap
P3869,Glass,1214,Low,Yes,Sea,1.821,Bio Bubble Wrap
P3870,Glass,1507,Medium,Yes,Sea,2.26,Bio Bubble Wrap
P3871,Bioplastic,1035,Medium,Yes,Land,0.725,Paper Wrap
P3872,Glass,1661,Medium,Yes,Air,2.491,Bio Bubble Wrap
P3873,Glass,1511,Low,No,Sea,2.267,Bio Bubble Wrap
P3874,Ceramic,1091,Medium,Yes,Sea,1.309,Bio Bubble Wrap
P3875,Metal,1838,Medium,Yes,Sea,3.308,Recycled Cardboard
P3876,Ceramic,527,Low,Yes,Air,0.632,Bio Bubble Wrap
P3877,Metal,206,Medium,Yes,Land,0.371,Recycled Cardboard
P3878,Ceramic,225,Medium,Yes,Air,0.27,Bio Bubble Wrap
P3879,Paper,469,Medium,Yes,Air,0.422,Paper Wrap
P3880,Metal,767,Medium,Yes,Sea,1.381,Recycled Cardboard
P3881,Metal,429,Medium,Yes,Sea,0.772,Paper Wrap
P3882,Plastic,132,Medium,Yes,Sea,0.277,Recycled Cardboard
P3883,Paper,144,Medium,Yes,Sea,0.13,Paper Wrap
P3884,Ceramic,654,Low,Yes,Air,0.785,Bio Bubble Wrap
P3885,Metal,977,Medium,Yes,Land,1.759,Bio Bubble Wrap
P3886,Metal,1587,Low,Yes,Land,2.857,Recycled Cardboard
P3887,Ceramic,873,High,Yes,Land,1.048,Bio Bubble Wrap
P3888,Bioplastic,1254,Medium,Yes,Air,0.878,Paper Wrap
P3889,Bioplastic,1690,Medium,Yes,Air,1.183,Paper Wrap
P3890,Ceramic,832,Medium,Yes,Air,0.998,Bio Bubble Wrap
P3891,Paper,127,Low,Yes,Land,0.114,Paper Wrap
P3892,Metal,448,Low,Yes,Sea,0.806,Cornstarch Wrap
P3893,Plastic,1215,Medium,Yes,Sea,2.551,Recycled Cardboard
P3894,Plastic,1914,Low,Yes,Sea,4.019,Recycled Cardboard
P3895,Paper,1680,Low,Yes,Land,1.512,Paper Wrap
P3896,Paper,588,Medium,No,Air,0.529,Paper Wrap
P3897,Paper,1021,Medium,Yes,Air,0.919,Paper Wrap
P3898,Bioplastic,496,Medium,Yes,Air,0.347,Paper Wrap
P3899,Ceramic,539,Medium,Yes,Air,0.647,Bio Bubble Wrap
P3900,Paper,1241,High,Yes,Air,1.117,Paper Wrap
P3901,Paper,1697,Medium,Yes,Air,1.527,Paper Wrap
P3902,Glass,1812,Medium,Yes,Land,2.718,Bio Bubble Wrap
P3903,Metal,1060,Low,No,Land,1.908,Minimalist Pouch
P3904,Paper,1721,Low,Yes,Land,1.549,Paper Wrap
P3905,Glass,976,Medium,Yes,Air,1.464,Bio Bubble Wrap
P3906,Ceramic,1097,Low,Yes,Land,1.316,Bio Bubble Wrap
P3907,Ceramic,115,High,Yes,Land,0.138,Bio Bubble Wrap
P3908,Ceramic,1889,Low,Yes,Land,2.267,Bio Bubble Wrap
P3909,Metal,1728,Medium,Yes,Land,3.11,Mushroom Foam
P3910,Ceramic,1839,Medium,Yes,Sea,2.207,Bio Bubble Wrap
P3911,Plastic,304,High,Yes,Air,0.638,Recycled Cardboard
P3912,Paper,1063,High,No,Land,0.957,Paper Wrap
P3913,Metal,1247,Low,Yes,Land,2.245,Paper Wrap
P3914,Paper,496,Low,Yes,Air,0.446,Paper Wrap
P3915,Glass,271,High,No,Sea,0.406,Bio Bubble Wrap
P3916,Plastic,561,Low,Yes,Land,1.178,Recycled Cardboard
P3917,Glass,522,Medium,Yes,Air,0.783,Bio Bubble Wrap
P3918,Ceramic,1048,High,Yes,Air,1.258,Bio Bubble Wrap
P3919,Metal,795,Low,Yes,Land,1.431,Minimalist Pouch
P3920,Glass,910,Medium,Yes,Land,1.365,Bio Bubble Wrap
P3921,Paper,529,Low,Yes,Air,0.476,Paper Wrap
P3922,Paper,546,Low,Yes,Air,0.491,Paper Wrap
P3923,Ceramic,338,Medium,Yes,Land,0.406,Bio Bubble Wrap
P3924,Bioplastic,330,Medium,Yes,Air,0.231,Paper Wrap
P3925,Glass,907,High,Yes,Land,1.361,Bio Bubble Wrap
P3926,Bioplastic,1676,Low,Yes,Air,1.173,Paper Wrap
P3927,Glass,390,High,No,Land,0.585,Bio Bubble Wrap
P3928,Ceramic,1102,Medium,Yes,Land,1.322,Bio Bubble Wrap
P3929,Bioplastic,1298,Low,Yes,Land,0.909,Paper Wrap
P3930,Bioplastic,588,Medium,Yes,Sea,0.412,Paper Wrap
P3931,Ceramic,1100,Low,No,Land,1.32,Bio Bubble Wrap
P3932,Ceramic,1990,Low,Yes,Sea,2.388,Bio Bubble Wrap
P3933,Glass,1143,Low,Yes,Air,1.714,Bio Bubble Wrap
P3934,Plastic,1375,Medium,No,Land,2.888,Recycled Cardboard
P3935,Metal,830,Low,Yes,Sea,1.494,Cornstarch Wrap
P3936,Paper,1339,Low,Yes,Sea,1.205,Paper Wrap
P3937,Plastic,1716,Medium,Yes,Land,3.604,Recycled Cardboard
P3938,Ceramic,561,Low,Yes,Land,0.673,Bio Bubble Wrap
P3939,Ceramic,1144,Medium,Yes,Land,1.373,Bio Bubble Wrap
P3940,Glass,251,High,Yes,Air,0.377,Bio Bubble Wrap
P3941,Ceramic,480,High,Yes,Land,0.576,Bio Bubble Wrap
P3942,Glass,830,Medium,Yes,Air,1.245,Bio Bubble Wrap
P3943,Ceramic,165,Low,Yes,Sea,0.198,Bio Bubble Wrap
P3944,Paper,1227,Medium,Yes,Land,1.104,Paper Wrap
P3945,Bioplastic,1898,High,Yes,Air,1.329,Paper Wrap
P3946,Ceramic,1417,Low,No,Sea,1.7,Bio Bubble Wrap
P3947,Ceramic,279,High,Yes,Sea,0.335,Bio Bubble Wrap
P3948,Plastic,807,Medium,No,Sea,1.695,Recycled Cardboard
P3949,Paper,1377,Medium,No,Land,1.239,Paper Wrap
P3950,Glass,1354,High,Yes,Air,2.031,Bio Bubble Wrap
P3951,Bioplastic,230,Low,Yes,Sea,0.161,Paper Wrap
P3952,Metal,945,Low,Yes,Sea,1.701,Paper Wrap
P3953,Glass,596,Low,Yes,Sea,0.894,Bio Bubble Wrap
P3954,Paper,1496,Medium,Yes,Land,1.346,Paper Wrap
P3955,Glass,1668,Low,No,Land,2.502,Bio Bubble Wrap
P3956,Plastic,1567,Medium,No,Air,3.291,Recycled Cardboard
P3957,Ceramic,1604,Medium,Yes,Sea,1.925,Bio Bubble Wrap
P3958,Bioplastic,1558,High,Yes,Air,1.091,Paper Wrap
P3959,Plastic,472,Medium,No,Sea,0.991,Recycled Cardboard
P3960,Plastic,1603,Low,Yes,Air,3.366,Recycled Cardboard
P3961,Bioplastic,335,Medium,Yes,Sea,0.234,Paper Wrap
P3962,Ceramic,1727,Low,No,Air,2.072,Bio Bubble Wrap
P3963,Ceramic,373,Medium,No,Air,0.448,Bio Bubble Wrap
P3964,Bioplastic,1452,Low,Yes,Air,1.016,Paper Wrap
P3965,Bioplastic,1455,Medium,No,Sea,1.018,Paper Wrap
P3966,Bioplastic,486,Low,Yes,Land,0.34,Paper Wrap
P3967,Bioplastic,1593,Medium,Yes,Air,1.115,Paper Wrap
P3968,Metal,996,Medium,No,Air,1.793,Minimalist Pouch
P3969,Paper,207,Medium,Yes,Land,0.186,Paper Wrap
P3970,Paper,503,Medium,Yes,Land,0.453,Paper Wrap
P3971,Metal,342,Low,Yes,Sea,0.616,Minimalist Pouch
P3972,Glass,1679,Low,Yes,Sea,2.518,Bio Bubble Wrap
P3973,Ceramic,153,Low,Yes,Sea,0.184,Bio Bubble Wrap
P3974,Ceramic,1223,Low,No,Land,1.468,Bio Bubble Wrap
P3975,Ceramic,833,Medium,Yes,Air,1.0,Bio Bubble Wrap
P3976,Bioplastic,777,Low,No,Land,0.544,Paper Wrap
P3977,Metal,104,Medium,Yes,Sea,0.187,Paper Wrap
P3978,Glass,390,Low,Yes,Land,0.585,Bio Bubble Wrap
P3979,Bioplastic,1885,Low,Yes,Air,1.319,Paper Wrap
P3980,Metal,1900,Medium,Yes,Land,3.42,Bio Bubble Wrap
P3981,Paper,267,Medium,No,Air,0.24,Paper Wrap
P3982,Ceramic,871,Low,Yes,Air,1.045,Bio Bubble Wrap
P3983,Paper,401,Medium,Yes,Sea,0.361,Paper Wrap
P3984,Ceramic,852,Medium,Yes,Land,1.022,Bio Bubble Wrap
P3985,Bioplastic,1453,High,Yes,Land,1.017,Paper Wrap
P3986,Ceramic,1331,Medium,Yes,Air,1.597,Bio Bubble Wrap
P3987,Bioplastic,840,Low,No,Land,0.588,Paper Wrap
P3988,Metal,530,Low,No,Sea,0.954,Cornstarch Wrap
P3989,Glass,654,Medium,Yes,Sea,0.981,Bio Bubble Wrap
P3990,Paper,1789,Medium,Yes,Land,1.61,Paper Wrap
P3991,Glass,1018,Medium,No,Land,1.527,Bio Bubble Wrap
P3992,Metal,1130,Medium,Yes,Sea,2.034,Paper Wrap
P3993,Ceramic,870,Medium,Yes,Air,1.044,Bio Bubble Wrap
P3994,Bioplastic,537,Low,Yes,Sea,0.376,Paper Wrap
P3995,Ceramic,855,Low,Yes,Sea,1.026,Bio Bubble Wrap
P3996,Paper,521,High,Yes,Air,0.469,Paper Wrap
P3997,Bioplastic,1744,Medium,Yes,Land,1.221,Paper Wrap
P3998,Metal,1480,Medium,Yes,Air,2.664,Cornstarch Wrap
P3999,Glass,967,High,Yes,Land,1.45,Bio Bubble Wrap
