Product_ID,Material_Type,Product_Weight_g,Fragility,Recyclable,Transport_Mode,LCA_Emission_kgCO2,Packaging_Option,Cost_per_unit,Biodegradability_Score,Strength_Score,Product_Category,CO2_Impact_Index,Cost_Efficiency_Index,Recyclable_Binary,Material_Suitability_Score
P0000,Plastic,520,Low,Yes,Sea,1.092,Recycled Cardboard,0.49,10,65,E-Commerce,73.98,75.5,1,56.57
P0001,Metal,334,Low,Yes,Land,0.601,Paper Wrap,0.39,5,40,Industrial,85.68,80.5,1,55.08
P0002,Paper,1706,Low,Yes,Sea,1.535,Paper Wrap,0.32,95,40,Food & Beverage,63.42,84.0,1,71.78
P0003,Bioplastic,1566,Medium,Yes,Land,1.096,Paper Wrap,0.28,80,40,Pharma & Health,73.88,86.0,1,71.66
P0004,Paper,1564,Low,No,Sea,1.408,Paper Wrap,0.15,95,40,Food & Beverage,66.44,92.5,0,74.81
P0005,Paper,1916,High,Yes,Sea,1.724,Paper Wrap,0.15,95,40,Food & Beverage,58.91,92.5,1,72.55
P0006,Paper,717,Medium,Yes,Land,0.645,Paper Wrap,0.12,95,40,Food & Beverage,84.63,94.0,1,80.64
P0007,Ceramic,1886,High,No,Air,2.263,Bio Bubble Wrap,1.11,20,70,Home & Decor,46.07,44.5,0,43.95
P0008,Paper,1371,High,No,Sea,1.234,Paper Wrap,0.28,95,40,Food & Beverage,70.59,86.0,0,74.43
P0009,Ceramic,970,Medium,Yes,Land,1.164,Bio Bubble Wrap,1.0,20,70,Home & Decor,72.26,50.0,1,53.18
P0010,Paper,314,Low,Yes,Air,0.283,Paper Wrap,0.11,95,40,Food & Beverage,93.26,94.5,1,83.35
P0011,Ceramic,1006,Low,No,Air,1.207,Bio Bubble Wrap,1.18,20,70,Home & Decor,71.23,41.0,0,50.62
P0012,Metal,363,High,Yes,Air,0.653,Recycled Cardboard,0.72,5,65,Electronics,84.44,64.0,1,55.58
P0013,Paper,971,High,Yes,Land,0.874,Paper Wrap,0.16,95,40,Food & Beverage,79.17,92.0,1,78.5
P0014,Glass,704,Medium,Yes,Sea,1.056,Bio Bubble Wrap,0.63,15,70,Home & Decor,74.83,68.5,1,57.32
P0015,Ceramic,1869,High,Yes,Land,2.243,Bio Bubble Wrap,0.63,20,70,Home & Decor,46.54,68.5,1,50.09
P0016,Ceramic,1820,Medium,Yes,Air,2.184,Bio Bubble Wrap,0.71,20,70,Home & Decor,47.95,64.5,1,49.51
P0017,Ceramic,772,Medium,No,Air,0.926,Bio Bubble Wrap,0.87,20,70,Home & Decor,77.93,56.5,0,56.5
P0018,Paper,1492,Medium,Yes,Land,1.343,Paper Wrap,0.23,95,40,Food & Beverage,67.99,88.5,1,74.27
P0019,Paper,580,High,Yes,Air,0.522,Paper Wrap,0.19,95,40,Food & Beverage,87.56,90.5,1,80.64
P0020,Glass,272,Medium,Yes,Land,0.408,Bio Bubble Wrap,0.93,15,70,Home & Decor,90.28,53.5,1,58.21
P0021,Glass,1417,Low,Yes,Air,2.126,Bio Bubble Wrap,0.6,15,70,Home & Decor,49.33,70.0,1,50.05
P0022,Plastic,259,Medium,No,Air,0.544,Recycled Cardboard,0.45,10,65,Cosmetics,87.04,77.5,0,60.99
P0023,Paper,358,High,Yes,Air,0.322,Paper Wrap,0.21,95,40,Food & Beverage,92.33,89.5,1,81.82
P0024,Paper,940,Low,Yes,Land,0.846,Paper Wrap,0.24,95,40,Food & Beverage,79.84,88.0,1,77.7
P0025,Paper,566,Low,No,Sea,0.509,Paper Wrap,0.34,95,40,Food & Beverage,87.87,83.0,0,78.86
P0026,Plastic,1998,Medium,Yes,Sea,4.196,Recycled Cardboard,0.4,10,65,Cosmetics,0.0,80.0,1,35.5
P0027,Metal,268,Medium,Yes,Air,0.482,Mushroom Foam,1.42,5,75,Industrial,88.51,29.0,1,50.05
P0028,Glass,1717,Low,Yes,Air,2.575,Bio Bubble Wrap,0.91,15,70,Home & Decor,38.63,54.5,1,42.96
P0029,Paper,1532,Low,No,Land,1.379,Paper Wrap,0.11,95,40,Food & Beverage,67.14,94.5,0,75.52
P0030,Glass,583,Low,Yes,Sea,0.875,Bio Bubble Wrap,0.93,15,70,Home & Decor,79.15,53.5,1,54.87
P0031,Ceramic,610,Low,Yes,Air,0.732,Bio Bubble Wrap,0.62,20,70,Home & Decor,82.55,69.0,1,61.02
P0032,Plastic,1790,Low,No,Sea,3.759,Recycled Cardboard,0.33,10,65,E-Commerce,10.41,83.5,0,39.5
P0033,Bioplastic,1074,Medium,Yes,Sea,0.752,Paper Wrap,0.38,80,40,Pharma & Health,82.08,81.0,1,72.87
P0034,Metal,730,Medium,No,Air,1.314,Mushroom Foam,1.96,5,75,Industrial,68.68,2.0,0,37.35
P0035,Paper,921,Medium,Yes,Sea,0.829,Paper Wrap,0.34,95,40,Food & Beverage,80.24,83.0,1,76.57
P0036,Ceramic,765,Medium,Yes,Sea,0.918,Bio Bubble Wrap,0.71,20,70,Home & Decor,78.12,64.5,1,58.56
P0037,Plastic,370,Medium,Yes,Land,0.777,Recycled Cardboard,0.35,10,65,Cosmetics,81.48,82.5,1,60.57
P0038,Paper,297,Low,Yes,Air,0.267,Paper Wrap,0.31,95,40,Food & Beverage,93.64,84.5,1,80.97
P0039,Bioplastic,1940,High,Yes,Sea,1.358,Paper Wrap,0.23,80,40,Pharma & Health,67.64,88.5,1,70.42
P0040,Plastic,1948,Medium,Yes,Land,4.091,Recycled Cardboard,0.36,10,65,Cosmetics,2.5,82.0,1,36.75
P0041,Plastic,1705,Medium,Yes,Air,3.58,Recycled Cardboard,0.55,10,65,Cosmetics,14.68,72.5,1,38.03
P0042,Glass,1811,Low,Yes,Air,2.716,Bio Bubble Wrap,0.52,15,70,Home & Decor,35.27,74.0,1,46.83
P0043,Metal,1201,High,Yes,Air,2.162,Cornstarch Wrap,1.42,5,55,Electronics,48.47,29.0,1,34.04
P0044,Metal,296,Low,Yes,Land,0.533,Recycled Cardboard,0.43,5,65,Industrial,87.3,78.5,1,60.06
P0045,Bioplastic,1349,Low,Yes,Air,0.944,Paper Wrap,0.3,80,40,Pharma & Health,77.5,85.0,1,72.5
P0046,Ceramic,554,Low,Yes,Air,0.665,Bio Bubble Wrap,0.72,20,70,Home & Decor,84.15,64.0,1,60.24
P0047,Plastic,691,Medium,Yes,Air,1.451,Recycled Cardboard,0.56,10,65,Cosmetics,65.42,72.0,1,53.13
P0048,Ceramic,1106,High,Yes,Sea,1.327,Bio Bubble Wrap,0.88,20,70,Home & Decor,68.37,56.0,1,53.51
P0049,Glass,871,Medium,Yes,Air,1.306,Bio Bubble Wrap,0.63,15,70,Home & Decor,68.88,68.5,1,55.54
P0050,Glass,586,Low,Yes,Land,0.879,Bio Bubble Wrap,1.18,15,70,Home & Decor,79.05,41.0,1,51.72
P0051,Paper,1566,High,Yes,Air,1.409,Paper Wrap,0.33,95,40,Food & Beverage,66.42,83.5,1,72.55
P0052,Bioplastic,1477,Medium,Yes,Sea,1.034,Paper Wrap,0.38,80,40,Pharma & Health,75.36,81.0,1,70.86
P0053,Paper,295,Medium,Yes,Air,0.266,Paper Wrap,0.37,95,40,Food & Beverage,93.66,81.5,1,80.22
P0054,Bioplastic,855,Medium,Yes,Land,0.599,Paper Wrap,0.28,80,40,Pharma & Health,85.72,86.0,1,75.22
P0055,Ceramic,1198,Low,Yes,Land,1.438,Bio Bubble Wrap,1.15,20,70,Home & Decor,65.73,42.5,1,49.34
P0056,Bioplastic,1356,Medium,Yes,Land,0.949,Paper Wrap,0.13,80,40,Pharma & Health,77.38,93.5,1,74.59
P0057,Paper,1761,Low,Yes,Air,1.585,Paper Wrap,0.16,95,40,Food & Beverage,62.23,92.0,1,73.42
P0058,Plastic,639,High,Yes,Sea,1.342,Recycled Cardboard,0.32,10,65,E-Commerce,68.02,84.0,1,56.91
P0059,Glass,1053,Low,Yes,Land,1.579,Bio Bubble Wrap,0.73,15,70,Home & Decor,62.37,63.5,1,52.34
P0060,Metal,257,High,Yes,Land,0.463,Paper Wrap,0.22,5,40,Electronics,88.97,89.0,1,58.19
P0061,Ceramic,1191,Low,Yes,Sea,1.429,Bio Bubble Wrap,0.69,20,70,Home & Decor,65.94,65.5,1,55.16
P0062,Plastic,1490,Medium,Yes,Sea,3.129,Recycled Cardboard,0.71,10,65,Cosmetics,25.43,64.5,1,39.25
P0063,Ceramic,609,Medium,Yes,Land,0.731,Bio Bubble Wrap,0.75,20,70,Home & Decor,82.58,62.5,1,59.4
P0064,Metal,1245,High,No,Land,2.241,Recycled Cardboard,0.44,5,65,Electronics,46.59,78.0,0,47.73
P0065,Bioplastic,1481,Medium,No,Air,1.037,Paper Wrap,0.26,80,40,Pharma & Health,75.29,87.0,0,72.34
P0066,Plastic,1450,Low,Yes,Air,3.045,Recycled Cardboard,0.37,10,65,E-Commerce,27.43,81.5,1,44.1
P0067,Ceramic,787,Low,Yes,Sea,0.944,Bio Bubble Wrap,1.06,20,70,Home & Decor,77.5,47.0,1,54.0
P0068,Ceramic,1405,Low,Yes,Land,1.686,Bio Bubble Wrap,0.55,20,70,Home & Decor,59.82,72.5,1,55.07
P0069,Plastic,737,Medium,Yes,Land,1.548,Recycled Cardboard,0.79,10,65,Cosmetics,63.11,60.5,1,49.56
P0070,Ceramic,709,Low,Yes,Air,0.851,Bio Bubble Wrap,1.04,20,70,Home & Decor,79.72,48.0,1,54.92
P0071,Metal,526,Medium,Yes,Sea,0.947,Mushroom Foam,1.04,5,75,Industrial,77.43,48.0,1,51.48
P0072,Glass,1614,High,No,Air,2.421,Bio Bubble Wrap,0.5,15,70,Home & Decor,42.3,75.0,0,49.19
P0073,Glass,479,Medium,Yes,Sea,0.719,Bio Bubble Wrap,1.07,15,70,Home & Decor,82.86,46.5,1,54.23
P0074,Plastic,735,Medium,Yes,Land,1.544,Recycled Cardboard,0.65,10,65,Cosmetics,63.2,67.5,1,51.34
P0075,Bioplastic,1310,Low,Yes,Air,0.917,Paper Wrap,0.32,80,40,Pharma & Health,78.15,84.0,1,72.44
P0076,Paper,950,Low,Yes,Land,0.855,Paper Wrap,0.33,95,40,Food & Beverage,79.62,83.5,1,76.51
P0077,Ceramic,1157,High,No,Sea,1.388,Bio Bubble Wrap,0.55,20,70,Home & Decor,66.92,72.5,0,57.2
P0078,Bioplastic,1781,Low,Yes,Sea,1.247,Paper Wrap,0.21,80,40,Pharma & Health,70.28,89.5,1,71.46
P0079,Glass,723,Low,Yes,Air,1.085,Bio Bubble Wrap,0.58,15,70,Home & Decor,74.14,71.0,1,57.74
P0080,Plastic,450,Medium,Yes,Air,0.945,Recycled Cardboard,0.73,10,65,Cosmetics,77.48,63.5,1,54.62
P0081,Ceramic,268,Low,Yes,Sea,0.322,Bio Bubble Wrap,0.94,20,70,Home & Decor,92.33,53.0,1,59.95
P0082,Metal,379,Low,Yes,Land,0.682,Minimalist Pouch,0.33,5,50,Industrial,83.75,83.5,1,57.25
P0083,Glass,1547,High,No,Land,2.321,Bio Bubble Wrap,0.54,15,70,Home & Decor,44.69,73.0,0,49.41
P0084,Ceramic,1509,Low,Yes,Sea,1.811,Bio Bubble Wrap,0.72,20,70,Home & Decor,56.84,64.0,1,52.05
P0085,Glass,1285,Low,Yes,Sea,1.927,Bio Bubble Wrap,0.73,15,70,Home & Decor,54.08,63.5,1,49.85
P0086,Paper,955,Low,Yes,Air,0.86,Paper Wrap,0.32,95,40,Food & Beverage,79.5,84.0,1,76.6
P0087,Glass,1622,Medium,Yes,Sea,2.433,Bio Bubble Wrap,0.95,15,70,Home & Decor,42.02,52.5,1,43.48
P0088,Paper,394,Low,Yes,Sea,0.355,Paper Wrap,0.37,95,40,Food & Beverage,91.54,81.5,1,79.59
P0089,Paper,380,Medium,No,Air,0.342,Paper Wrap,0.24,95,40,Food & Beverage,91.85,88.0,0,81.3
P0090,Glass,1135,Medium,Yes,Land,1.702,Bio Bubble Wrap,0.58,15,70,Home & Decor,59.44,71.0,1,53.33
P0091,Plastic,1407,Medium,Yes,Air,2.955,Recycled Cardboard,0.66,10,65,Cosmetics,29.58,67.0,1,41.12
P0092,Plastic,803,Low,Yes,Land,1.686,Recycled Cardboard,0.68,10,65,E-Commerce,59.82,66.0,1,49.95
P0093,Ceramic,471,Low,No,Sea,0.565,Bio Bubble Wrap,0.89,20,70,Home & Decor,86.53,55.5,0,58.83
P0094,Ceramic,876,High,No,Air,1.051,Bio Bubble Wrap,1.04,20,70,Home & Decor,74.95,48.0,0,53.48
P0095,Metal,198,Low,Yes,Air,0.356,Mushroom Foam,1.39,5,75,Industrial,91.52,30.5,1,51.33
P0096,Metal,1903,Low,No,Land,3.425,Paper Wrap,0.26,5,40,Industrial,18.37,87.0,0,36.51
P0097,Metal,1471,High,No,Sea,2.648,Recycled Cardboard,0.51,5,65,Electronics,36.89,74.5,0,43.94
P0098,Ceramic,1414,Low,Yes,Air,1.697,Bio Bubble Wrap,0.52,20,70,Home & Decor,59.56,74.0,1,55.37
P0099,Metal,1346,Low,No,Air,2.423,Mushroom Foam,0.93,5,75,Industrial,42.25,53.5,0,42.3
P0100,Metal,1183,Low,Yes,Sea,2.129,Paper Wrap,0.11,5,40,Industrial,49.26,94.5,1,47.65
P0101,Metal,1185,Medium,Yes,Land,2.133,Recycled Cardboard,0.62,5,65,Industrial,49.17,69.0,1,46.25
P0102,Plastic,1166,Medium,Yes,Air,2.449,Recycled Cardboard,0.46,10,65,Cosmetics,41.63,77.0,1,47.24
P0103,Plastic,1778,Low,No,Sea,3.734,Recycled Cardboard,0.55,10,65,E-Commerce,11.01,72.5,0,36.93
P0104,Glass,1426,Medium,Yes,Air,2.139,Bio Bubble Wrap,1.14,15,70,Home & Decor,49.02,43.0,1,43.21
P0105,Ceramic,456,Medium,Yes,Sea,0.547,Bio Bubble Wrap,0.67,20,70,Home & Decor,86.96,66.5,1,61.71
P0106,Metal,1818,Medium,Yes,Air,3.272,Bio Bubble Wrap,0.79,5,70,Industrial,22.02,60.5,1,36.98
P0107,Ceramic,214,Medium,No,Air,0.257,Bio Bubble Wrap,1.03,20,70,Home & Decor,93.88,48.5,0,59.29
P0108,Bioplastic,336,Low,Yes,Sea,0.235,Paper Wrap,0.17,80,40,Pharma & Health,94.4,91.5,1,79.19
P0109,Paper,272,High,Yes,Air,0.245,Paper Wrap,0.12,95,40,Food & Beverage,94.16,94.0,1,83.5
P0110,Bioplastic,505,High,Yes,Sea,0.353,Paper Wrap,0.19,80,40,Pharma & Health,91.59,90.5,1,78.1
P0111,Metal,524,Low,Yes,Sea,0.943,Cornstarch Wrap,0.75,5,55,Industrial,77.53,62.5,1,51.13
P0112,Ceramic,1763,High,Yes,Sea,2.116,Bio Bubble Wrap,1.15,20,70,Home & Decor,49.57,42.5,1,44.5
P0113,Glass,536,Medium,Yes,Land,0.804,Bio Bubble Wrap,1.07,15,70,Home & Decor,80.84,46.5,1,53.63
P0114,Glass,1661,Medium,Yes,Sea,2.491,Bio Bubble Wrap,0.94,15,70,Home & Decor,40.63,53.0,1,43.19
P0115,Plastic,1726,Medium,Yes,Air,3.625,Recycled Cardboard,0.74,10,65,Cosmetics,13.61,63.0,1,35.33
P0116,Glass,1618,Low,Yes,Sea,2.427,Bio Bubble Wrap,1.06,15,70,Home & Decor,42.16,47.0,1,42.15
P0117,Bioplastic,1671,Low,Yes,Sea,1.17,Paper Wrap,0.16,80,40,Pharma & Health,72.12,92.0,1,72.64
P0118,Bioplastic,866,Low,Yes,Air,0.606,Paper Wrap,0.37,80,40,Pharma & Health,85.56,81.5,1,74.04
P0119,Glass,1513,Low,Yes,Sea,2.269,Bio Bubble Wrap,0.88,15,70,Home & Decor,45.92,56.0,1,45.53
P0120,Plastic,675,Low,Yes,Land,1.417,Recycled Cardboard,0.7,10,65,E-Commerce,66.23,65.0,1,51.62
P0121,Ceramic,226,High,Yes,Land,0.271,Bio Bubble Wrap,1.13,20,70,Home & Decor,93.54,43.5,1,57.94
P0122,Plastic,116,Medium,Yes,Air,0.244,Recycled Cardboard,0.46,10,65,Cosmetics,94.18,77.0,1,63.0
P0123,Bioplastic,867,Medium,Yes,Land,0.607,Paper Wrap,0.13,80,40,Pharma & Health,85.53,93.5,1,77.03
P0124,Paper,1829,High,No,Land,1.646,Paper Wrap,0.17,95,40,Food & Beverage,60.77,91.5,0,72.86
P0125,Ceramic,1841,Medium,Yes,Land,2.209,Bio Bubble Wrap,0.8,20,70,Home & Decor,47.35,60.0,1,48.2
P0126,Glass,559,Medium,Yes,Air,0.839,Bio Bubble Wrap,1.07,15,70,Home & Decor,80.0,46.5,1,53.38
P0127,Bioplastic,191,Low,Yes,Sea,0.134,Paper Wrap,0.36,80,40,Pharma & Health,96.81,82.0,1,77.54
P0128,Ceramic,1542,High,Yes,Air,1.85,Bio Bubble Wrap,0.5,20,70,Home & Decor,55.91,75.0,1,54.52
P0129,Paper,1447,Medium,Yes,Sea,1.302,Paper Wrap,0.25,95,40,Food & Beverage,68.97,87.5,1,74.32
P0130,Bioplastic,1779,Low,Yes,Air,1.245,Paper Wrap,0.23,80,40,Pharma & Health,70.33,88.5,1,71.22
P0131,Paper,1866,Low,Yes,Land,1.679,Paper Wrap,0.17,95,40,Food & Beverage,59.99,91.5,1,72.62
P0132,Bioplastic,1072,Medium,Yes,Land,0.75,Paper Wrap,0.14,80,40,Pharma & Health,82.13,93.0,1,75.89
P0133,Plastic,277,Low,Yes,Sea,0.582,Recycled Cardboard,0.47,10,65,E-Commerce,86.13,76.5,1,60.46
P0134,Glass,1352,Low,Yes,Air,2.028,Bio Bubble Wrap,1.16,15,70,Home & Decor,51.67,42.0,1,43.75
P0135,Plastic,1369,Low,No,Land,2.875,Recycled Cardboard,0.46,10,65,E-Commerce,31.48,77.0,0,44.19
P0136,Ceramic,1372,High,Yes,Land,1.646,Bio Bubble Wrap,0.86,20,70,Home & Decor,60.77,57.0,1,51.48
P0137,Plastic,1898,High,Yes,Land,3.986,Recycled Cardboard,0.65,10,65,E-Commerce,5.0,67.5,1,33.88
P0138,Bioplastic,549,Low,Yes,Land,0.384,Paper Wrap,0.21,80,40,Pharma & Health,90.85,89.5,1,77.63
P0139,Paper,1294,Low,Yes,Sea,1.165,Paper Wrap,0.39,95,40,Food & Beverage,72.24,80.5,1,73.55
P0140,Ceramic,894,Low,No,Land,1.073,Bio Bubble Wrap,1.17,20,70,Home & Decor,74.43,41.5,0,51.7
P0141,Paper,303,Low,Yes,Sea,0.273,Paper Wrap,0.18,95,40,Food & Beverage,93.49,91.0,1,82.55
P0142,Bioplastic,314,Medium,Yes,Air,0.22,Paper Wrap,0.25,80,40,Pharma & Health,94.76,87.5,1,78.3
P0143,Paper,507,Low,Yes,Air,0.456,Paper Wrap,0.19,95,40,Food & Beverage,89.13,90.5,1,81.11
P0144,Ceramic,1932,High,Yes,Sea,2.318,Bio Bubble Wrap,0.7,20,70,Home & Decor,44.76,65.0,1,48.68
P0145,Ceramic,819,Low,Yes,Sea,0.983,Bio Bubble Wrap,0.53,20,70,Home & Decor,76.57,73.5,1,60.35
P0146,Ceramic,848,Low,Yes,Land,1.018,Bio Bubble Wrap,0.93,20,70,Home & Decor,75.74,53.5,1,55.1
P0147,Bioplastic,310,Medium,Yes,Air,0.217,Paper Wrap,0.25,80,40,Pharma & Health,94.83,87.5,1,78.32
P0148,Plastic,502,Low,Yes,Sea,1.054,Recycled Cardboard,0.33,10,65,E-Commerce,74.88,83.5,1,58.84
P0149,Bioplastic,1059,High,Yes,Air,0.741,Paper Wrap,0.18,80,40,Pharma & Health,82.34,91.0,1,75.45
P0150,Ceramic,1876,Medium,Yes,Air,2.251,Bio Bubble Wrap,1.14,20,70,Home & Decor,46.35,43.0,1,43.66
P0151,Plastic,794,Low,Yes,Sea,1.667,Recycled Cardboard,0.42,10,65,E-Commerce,60.27,79.0,1,53.33
P0152,Metal,139,Low,No,Sea,0.25,Bio Bubble Wrap,0.6,5,70,Industrial,94.04,70.0,0,60.96
P0153,Glass,1942,Medium,Yes,Air,2.913,Bio Bubble Wrap,0.84,15,70,Home & Decor,30.58,58.0,1,41.42
P0154,Glass,726,Low,Yes,Land,1.089,Bio Bubble Wrap,1.19,15,70,Home & Decor,74.05,40.5,1,50.09
P0155,Glass,1678,Low,Yes,Air,2.517,Bio Bubble Wrap,0.67,15,70,Home & Decor,40.01,66.5,1,46.38
P0156,Glass,648,High,Yes,Air,0.972,Bio Bubble Wrap,0.97,15,70,Home & Decor,76.84,51.5,1,53.68
P0157,Plastic,1244,Medium,Yes,Air,2.612,Recycled Cardboard,0.68,10,65,Cosmetics,37.75,66.0,1,43.32
P0158,Bioplastic,580,High,No,Air,0.406,Paper Wrap,0.17,80,40,Pharma & Health,90.32,91.5,0,77.97
P0159,Glass,188,High,Yes,Land,0.282,Bio Bubble Wrap,1.01,15,70,Home & Decor,93.28,49.5,1,58.11
P0160,Metal,1365,Low,Yes,Air,2.457,Bio Bubble Wrap,0.76,5,70,Industrial,41.44,62.0,1,43.18
P0161,Glass,1583,Medium,No,Air,2.374,Bio Bubble Wrap,0.94,15,70,Home & Decor,43.42,53.0,0,44.03
P0162,Bioplastic,870,High,Yes,Air,0.609,Paper Wrap,0.29,80,40,Pharma & Health,85.49,85.5,1,75.02
P0163,Plastic,399,Medium,No,Sea,0.838,Recycled Cardboard,0.57,10,65,Cosmetics,80.03,71.5,0,57.38
P0164,Ceramic,1935,High,Yes,Land,2.322,Bio Bubble Wrap,0.56,20,70,Home & Decor,44.66,72.0,1,50.4
P0165,Ceramic,1552,High,Yes,Land,1.862,Bio Bubble Wrap,1.08,20,70,Home & Decor,55.62,46.0,1,47.19
P0166,Glass,119,Low,Yes,Land,0.178,Bio Bubble Wrap,0.72,15,70,Home & Decor,95.76,64.0,1,62.48
P0167,Glass,471,Medium,Yes,Land,0.707,Bio Bubble Wrap,0.63,15,70,Home & Decor,83.15,68.5,1,59.82
P0168,Plastic,1733,Low,Yes,Air,3.639,Recycled Cardboard,0.32,10,65,E-Commerce,13.27,84.0,1,40.48
P0169,Ceramic,168,High,Yes,Land,0.202,Bio Bubble Wrap,0.91,20,70,Home & Decor,95.19,54.5,1,61.18
P0170,Bioplastic,1619,Medium,Yes,Sea,1.133,Paper Wrap,0.3,80,40,Pharma & Health,73.0,85.0,1,71.15
P0171,Metal,542,High,Yes,Land,0.976,Minimalist Pouch,0.21,5,50,Electronics,76.74,89.5,1,56.65
P0172,Paper,848,High,Yes,Land,0.763,Paper Wrap,0.25,95,40,Food & Beverage,81.82,87.5,1,78.17
P0173,Paper,671,Low,Yes,Sea,0.604,Paper Wrap,0.17,95,40,Food & Beverage,85.61,91.5,1,80.31
P0174,Paper,1339,High,Yes,Land,1.205,Paper Wrap,0.29,95,40,Food & Beverage,71.28,85.5,1,74.51
P0175,Plastic,428,Medium,Yes,Sea,0.899,Recycled Cardboard,0.39,10,65,Cosmetics,78.57,80.5,1,59.2
P0176,Plastic,1779,Medium,Yes,Land,3.736,Recycled Cardboard,0.65,10,65,Cosmetics,10.96,67.5,1,35.66
P0177,Bioplastic,745,High,Yes,Sea,0.521,Paper Wrap,0.22,80,40,Pharma & Health,87.58,89.0,1,76.52
P0178,Metal,244,Medium,Yes,Land,0.439,Minimalist Pouch,0.57,5,50,Industrial,89.54,71.5,1,55.99
P0179,Ceramic,1389,Medium,Yes,Air,1.667,Bio Bubble Wrap,0.6,20,70,Home & Decor,60.27,70.0,1,54.58
P0180,Bioplastic,1001,Low,Yes,Air,0.701,Paper Wrap,0.2,80,40,Pharma & Health,83.29,90.0,1,75.49
P0181,Ceramic,942,Low,Yes,Sea,1.13,Bio Bubble Wrap,0.58,20,70,Home & Decor,73.07,71.0,1,58.67
P0182,Plastic,295,Medium,Yes,Air,0.62,Recycled Cardboard,0.76,10,65,Cosmetics,85.22,62.0,1,56.57
P0183,Ceramic,1860,Low,Yes,Sea,2.232,Bio Bubble Wrap,1.11,20,70,Home & Decor,46.81,44.5,1,44.17
P0184,Ceramic,889,Low,Yes,Sea,1.067,Bio Bubble Wrap,0.68,20,70,Home & Decor,74.57,66.0,1,57.87
P0185,Bioplastic,838,Medium,Yes,Air,0.587,Paper Wrap,0.3,80,40,Pharma & Health,86.01,85.0,1,75.05
P0186,Metal,1930,High,Yes,Air,3.474,Paper Wrap,0.35,5,40,Electronics,17.21,82.5,1,35.04
P0187,Bioplastic,1279,Low,Yes,Air,0.895,Paper Wrap,0.27,80,40,Pharma & Health,78.67,86.5,1,73.23
P0188,Bioplastic,1576,Low,No,Air,1.103,Paper Wrap,0.26,80,40,Pharma & Health,73.71,87.0,0,71.86
P0189,Metal,154,High,Yes,Land,0.277,Bio Bubble Wrap,0.67,5,70,Electronics,93.4,66.5,1,59.9
P0190,Metal,1800,Medium,Yes,Sea,3.24,Cornstarch Wrap,0.68,5,55,Industrial,22.78,66.0,1,35.58
P0191,Glass,446,High,Yes,Air,0.669,Bio Bubble Wrap,1.13,15,70,Home & Decor,84.06,43.5,1,53.84
P0192,Paper,737,Medium,Yes,Sea,0.663,Paper Wrap,0.37,95,40,Food & Beverage,84.2,81.5,1,77.39
P0193,Metal,1573,Low,Yes,Air,2.831,Recycled Cardboard,0.62,5,65,Industrial,32.53,69.0,1,41.26
P0194,Bioplastic,1070,Low,No,Land,0.749,Paper Wrap,0.2,80,40,Pharma & Health,82.15,90.0,0,75.14
P0195,Plastic,1303,Low,No,Land,2.736,Recycled Cardboard,0.47,10,65,E-Commerce,34.8,76.5,0,45.06
P0196,Glass,1157,Medium,Yes,Air,1.736,Bio Bubble Wrap,1.01,15,70,Home & Decor,58.63,49.5,1,47.71
P0197,Glass,952,Medium,Yes,Land,1.428,Bio Bubble Wrap,1.13,15,70,Home & Decor,65.97,43.5,1,48.42
P0198,Bioplastic,480,Low,Yes,Land,0.336,Paper Wrap,0.37,80,40,Pharma & Health,91.99,81.5,1,75.97
P0199,Plastic,278,Medium,Yes,Sea,0.584,Recycled Cardboard,0.69,10,65,Cosmetics,86.08,65.5,1,57.7
P0200,Paper,270,Low,Yes,Land,0.243,Paper Wrap,0.29,95,40,Food & Beverage,94.21,85.5,1,81.39
P0201,Paper,1814,High,No,Air,1.633,Paper Wrap,0.13,95,40,Food & Beverage,61.08,93.5,0,73.45
P0202,Bioplastic,1954,Low,Yes,Air,1.368,Paper Wrap,0.15,80,40,Pharma & Health,67.4,92.5,1,71.34
P0203,Metal,1185,Low,Yes,Air,2.133,Mushroom Foam,1.88,5,75,Industrial,49.17,6.0,1,32.5
P0204,Bioplastic,852,Low,Yes,Land,0.596,Paper Wrap,0.28,80,40,Pharma & Health,85.8,86.0,1,75.24
P0205,Paper,1732,Medium,No,Land,1.559,Paper Wrap,0.1,95,40,Food & Beverage,62.85,95.0,0,74.36
P0206,Metal,1231,Medium,No,Land,2.216,Cornstarch Wrap,0.69,5,55,Industrial,47.19,65.5,0,42.78
P0207,Ceramic,931,Low,Yes,Land,1.117,Bio Bubble Wrap,0.96,20,70,Home & Decor,73.38,52.0,1,54.01
P0208,Glass,1071,Medium,Yes,Air,1.607,Bio Bubble Wrap,0.5,15,70,Home & Decor,61.7,75.0,1,55.01
P0209,Ceramic,1825,Low,Yes,Air,2.19,Bio Bubble Wrap,0.61,20,70,Home & Decor,47.81,69.5,1,50.72
P0210,Ceramic,909,Medium,Yes,Air,1.091,Bio Bubble Wrap,0.88,20,70,Home & Decor,74.0,56.0,1,55.2
P0211,Plastic,583,Low,Yes,Land,1.224,Recycled Cardboard,0.65,10,65,E-Commerce,70.83,67.5,1,53.62
P0212,Ceramic,601,Medium,Yes,Air,0.721,Bio Bubble Wrap,0.96,20,70,Home & Decor,82.82,52.0,1,56.85
P0213,Ceramic,409,High,Yes,Air,0.491,Bio Bubble Wrap,0.66,20,70,Home & Decor,88.3,67.0,1,62.24
P0214,Plastic,547,Low,No,Land,1.149,Recycled Cardboard,0.66,10,65,E-Commerce,72.62,67.0,0,54.04
P0215,Glass,629,High,Yes,Air,0.944,Bio Bubble Wrap,0.67,15,70,Home & Decor,77.5,66.5,1,57.62
P0216,Metal,1087,High,Yes,Sea,1.957,Cornstarch Wrap,0.89,5,55,Electronics,53.36,55.5,1,42.13
P0217,Plastic,1112,High,Yes,Land,2.335,Recycled Cardboard,0.67,10,65,E-Commerce,44.35,66.5,1,45.43
P0218,Bioplastic,908,Low,Yes,Air,0.636,Paper Wrap,0.29,80,40,Pharma & Health,84.84,85.5,1,74.83
P0219,Glass,1206,Medium,No,Sea,1.809,Bio Bubble Wrap,1.09,15,70,Home & Decor,56.89,45.5,0,46.19
P0220,Plastic,1259,Low,Yes,Land,2.644,Recycled Cardboard,0.63,10,65,E-Commerce,36.99,68.5,1,43.72
P0221,Metal,138,Medium,No,Air,0.248,Bio Bubble Wrap,0.9,5,70,Industrial,94.09,55.0,0,57.23
P0222,Plastic,986,Low,Yes,Land,2.071,Recycled Cardboard,0.35,10,65,E-Commerce,50.64,82.5,1,51.32
P0223,Glass,1227,Low,Yes,Land,1.841,Bio Bubble Wrap,0.76,15,70,Home & Decor,56.12,62.0,1,50.09
P0224,Metal,519,High,No,Land,0.934,Recycled Cardboard,0.43,5,65,Electronics,77.74,78.5,0,57.2
P0225,Ceramic,1814,Low,Yes,Land,2.177,Bio Bubble Wrap,0.67,20,70,Home & Decor,48.12,66.5,1,50.06
P0226,Metal,1255,Medium,Yes,Air,2.259,Minimalist Pouch,0.59,5,50,Industrial,46.16,70.5,1,42.72
P0227,Paper,658,Medium,Yes,Land,0.592,Paper Wrap,0.22,95,40,Food & Beverage,85.89,89.0,1,79.77
P0228,Plastic,158,Medium,Yes,Air,0.332,Recycled Cardboard,0.75,10,65,Cosmetics,92.09,62.5,1,58.75
P0229,Paper,1021,Low,No,Air,0.919,Paper Wrap,0.29,95,40,Food & Beverage,78.1,85.5,0,76.55
P0230,Bioplastic,1306,Medium,Yes,Air,0.914,Paper Wrap,0.34,80,40,Pharma & Health,78.22,83.0,1,72.22
P0231,Bioplastic,1565,Medium,Yes,Air,1.095,Paper Wrap,0.25,80,40,Pharma & Health,73.9,87.5,1,72.04
P0232,Bioplastic,1234,Medium,Yes,Air,0.864,Paper Wrap,0.27,80,40,Pharma & Health,79.41,86.5,1,73.45
P0233,Plastic,1012,Medium,Yes,Sea,2.125,Recycled Cardboard,0.55,10,65,Cosmetics,49.36,72.5,1,48.43
P0234,Metal,426,Medium,No,Sea,0.767,Mushroom Foam,1.03,5,75,Industrial,81.72,48.5,0,52.89
P0235,Bioplastic,477,Low,Yes,Land,0.334,Paper Wrap,0.32,80,40,Pharma & Health,92.04,84.0,1,76.61
P0236,Paper,540,High,No,Air,0.486,Paper Wrap,0.18,95,40,Food & Beverage,88.42,91.0,0,81.03
P0237,Plastic,772,Medium,Yes,Land,1.621,Recycled Cardboard,0.31,10,65,Cosmetics,61.37,84.5,1,55.04
P0238,Bioplastic,579,High,Yes,Sea,0.405,Paper Wrap,0.29,80,40,Pharma & Health,90.35,85.5,1,76.48
P0239,Metal,255,Low,Yes,Sea,0.459,Minimalist Pouch,0.27,5,50,Industrial,89.06,86.5,1,59.59
P0240,Metal,696,High,Yes,Land,1.253,Bio Bubble Wrap,1.16,5,70,Electronics,70.14,42.0,1,46.79
P0241,Plastic,338,Low,Yes,Air,0.71,Recycled Cardboard,0.78,10,65,E-Commerce,83.08,61.0,1,55.67
P0242,Glass,162,Low,Yes,Air,0.243,Bio Bubble Wrap,1.14,15,70,Home & Decor,94.21,43.0,1,56.76
P0243,Glass,1256,Medium,No,Land,1.884,Bio Bubble Wrap,0.76,15,70,Home & Decor,55.1,62.0,0,49.78
P0244,Bioplastic,251,Low,Yes,Air,0.176,Paper Wrap,0.1,80,40,Pharma & Health,95.81,95.0,1,80.49
P0245,Paper,586,High,Yes,Sea,0.527,Paper Wrap,0.38,95,40,Food & Beverage,87.44,81.0,1,78.23
P0246,Paper,1655,High,Yes,Sea,1.49,Paper Wrap,0.23,95,40,Food & Beverage,64.49,88.5,1,73.22
P0247,Metal,1734,Medium,Yes,Air,3.121,Recycled Cardboard,0.78,5,65,Industrial,25.62,61.0,1,37.19
P0248,Paper,903,Medium,Yes,Sea,0.813,Paper Wrap,0.39,95,40,Food & Beverage,80.62,80.5,1,76.06
P0249,Bioplastic,1177,High,Yes,Sea,0.824,Paper Wrap,0.36,80,40,Pharma & Health,80.36,82.0,1,72.61
P0250,Glass,404,Low,Yes,Land,0.606,Bio Bubble Wrap,0.71,15,70,Home & Decor,85.56,64.5,1,59.54
P0251,Bioplastic,468,Low,Yes,Sea,0.328,Paper Wrap,0.22,80,40,Pharma & Health,92.18,89.0,1,77.9
P0252,Bioplastic,257,Low,Yes,Air,0.18,Paper Wrap,0.36,80,40,Pharma & Health,95.71,82.0,1,77.21
P0253,Paper,1589,Medium,No,Land,1.43,Paper Wrap,0.2,95,40,Food & Beverage,65.92,90.0,0,74.03
P0254,Paper,1951,High,Yes,Land,1.756,Paper Wrap,0.15,95,40,Food & Beverage,58.15,92.5,1,72.32
P0255,Ceramic,502,Medium,No,Sea,0.602,Bio Bubble Wrap,0.89,20,70,Home & Decor,85.65,55.5,0,58.57
P0256,Bioplastic,1810,High,Yes,Land,1.267,Paper Wrap,0.38,80,40,Pharma & Health,69.8,81.0,1,69.19
P0257,Bioplastic,1832,Low,Yes,Air,1.282,Paper Wrap,0.31,80,40,Pharma & Health,69.45,84.5,1,69.96
P0258,Metal,333,Low,Yes,Land,0.599,Bio Bubble Wrap,0.9,5,70,Industrial,85.72,55.0,1,54.72
P0259,Paper,1454,Low,No,Sea,1.309,Paper Wrap,0.13,95,40,Food & Beverage,68.8,93.5,0,75.76
P0260,Bioplastic,800,Low,No,Air,0.56,Paper Wrap,0.28,80,40,Pharma & Health,86.65,86.0,0,75.5
P0261,Metal,359,Low,Yes,Sea,0.646,Mushroom Foam,1.99,5,75,Industrial,84.6,0.5,1,41.76
P0262,Plastic,1921,Low,Yes,Air,4.034,Recycled Cardboard,0.37,10,65,E-Commerce,3.86,81.5,1,37.03
P0263,Glass,1441,Medium,No,Sea,2.162,Bio Bubble Wrap,0.86,15,70,Home & Decor,48.47,57.0,0,46.54
P0264,Ceramic,1491,Low,Yes,Sea,1.789,Bio Bubble Wrap,1.11,20,70,Home & Decor,57.36,44.5,1,47.33
P0265,Glass,1875,High,Yes,Land,2.812,Bio Bubble Wrap,1.02,15,70,Home & Decor,32.98,49.0,1,39.89
P0266,Plastic,180,Low,Yes,Land,0.378,Recycled Cardboard,0.65,10,65,E-Commerce,90.99,67.5,1,59.67
P0267,Plastic,1105,Low,Yes,Land,2.321,Recycled Cardboard,0.65,10,65,E-Commerce,44.69,67.5,1,45.78
P0268,Paper,445,Low,Yes,Sea,0.401,Paper Wrap,0.21,95,40,Food & Beverage,90.44,89.5,1,81.26
P0269,Glass,1555,Low,Yes,Land,2.333,Bio Bubble Wrap,0.71,15,70,Home & Decor,44.4,64.5,1,47.2
P0270,Glass,294,Medium,Yes,Sea,0.441,Bio Bubble Wrap,1.07,15,70,Home & Decor,89.49,46.5,1,56.22
P0271,Bioplastic,1752,Medium,No,Land,1.226,Paper Wrap,0.34,80,40,Pharma & Health,70.78,83.0,0,69.98
P0272,Paper,1279,Medium,Yes,Air,1.151,Paper Wrap,0.36,95,40,Food & Beverage,72.57,82.0,1,74.02
P0273,Ceramic,290,High,Yes,Land,0.348,Bio Bubble Wrap,1.14,20,70,Home & Decor,91.71,43.0,1,57.26
P0274,Glass,684,Low,Yes,Sea,1.026,Bio Bubble Wrap,0.86,15,70,Home & Decor,75.55,57.0,1,54.66
P0275,Bioplastic,578,Low,Yes,Sea,0.405,Paper Wrap,0.25,80,40,Pharma & Health,90.35,87.5,1,76.98
P0276,Ceramic,977,High,No,Land,1.172,Bio Bubble Wrap,1.06,20,70,Home & Decor,72.07,47.0,0,52.37
P0277,Plastic,170,Low,No,Land,0.357,Recycled Cardboard,0.62,10,65,E-Commerce,91.49,69.0,0,60.2
P0278,Metal,624,Medium,Yes,Land,1.123,Recycled Cardboard,0.65,5,65,Industrial,73.24,67.5,1,53.1
P0279,Plastic,280,Low,No,Air,0.588,Recycled Cardboard,0.7,10,65,E-Commerce,85.99,65.0,0,57.55
P0280,Bioplastic,858,Medium,Yes,Air,0.601,Paper Wrap,0.37,80,40,Pharma & Health,85.68,81.5,1,74.08
P0281,Paper,1327,Low,No,Air,1.194,Paper Wrap,0.2,95,40,Food & Beverage,71.54,90.0,0,75.71
P0282,Metal,419,Medium,Yes,Sea,0.754,Cornstarch Wrap,0.94,5,55,Industrial,82.03,53.0,1,50.11
P0283,Ceramic,1901,Medium,No,Land,2.281,Bio Bubble Wrap,0.57,20,70,Home & Decor,45.64,71.5,0,50.57
P0284,Ceramic,1038,Medium,Yes,Sea,1.246,Bio Bubble Wrap,0.9,20,70,Home & Decor,70.31,55.0,1,53.84
P0285,Glass,1413,Medium,Yes,Air,2.119,Bio Bubble Wrap,0.53,15,70,Home & Decor,49.5,73.5,1,50.98
P0286,Paper,154,Medium,No,Land,0.139,Paper Wrap,0.24,95,40,Food & Beverage,96.69,88.0,0,82.76
P0287,Plastic,645,High,Yes,Sea,1.355,Recycled Cardboard,0.57,10,65,E-Commerce,67.71,71.5,1,53.69
P0288,Paper,666,Medium,Yes,Sea,0.599,Paper Wrap,0.19,95,40,Food & Beverage,85.72,90.5,1,80.09
P0289,Ceramic,1148,Low,Yes,Sea,1.378,Bio Bubble Wrap,0.91,20,70,Home & Decor,67.16,54.5,1,52.77
P0290,Glass,813,Medium,Yes,Air,1.22,Bio Bubble Wrap,0.52,15,70,Home & Decor,70.92,74.0,1,57.53
P0291,Bioplastic,208,Low,Yes,Land,0.146,Paper Wrap,0.11,80,40,Pharma & Health,96.52,94.5,1,80.58
P0292,Glass,1403,Medium,Yes,Sea,2.104,Bio Bubble Wrap,1.08,15,70,Home & Decor,49.86,46.0,1,44.21
P0293,Plastic,1730,High,Yes,Sea,3.633,Recycled Cardboard,0.48,10,65,E-Commerce,13.42,76.0,1,38.53
P0294,Ceramic,1224,Medium,Yes,Land,1.469,Bio Bubble Wrap,0.59,20,70,Home & Decor,64.99,70.5,1,56.12
P0295,Bioplastic,1625,Medium,Yes,Land,1.137,Paper Wrap,0.26,80,40,Pharma & Health,72.9,87.0,1,71.62
P0296,Bioplastic,1409,Low,Yes,Land,0.986,Paper Wrap,0.33,80,40,Pharma & Health,76.5,83.5,1,71.82
P0297,Plastic,1149,Medium,No,Air,2.413,Recycled Cardboard,0.41,10,65,Cosmetics,42.49,79.5,0,48.12
P0298,Ceramic,1120,Low,No,Sea,1.344,Bio Bubble Wrap,0.94,20,70,Home & Decor,67.97,53.0,0,52.64
P0299,Glass,239,High,Yes,Sea,0.358,Bio Bubble Wrap,0.56,15,70,Home & Decor,91.47,72.0,1,63.19
P0300,Ceramic,1503,Low,Yes,Air,1.804,Bio Bubble Wrap,0.54,20,70,Home & Decor,57.01,73.0,1,54.35
P0301,Metal,312,Medium,Yes,Air,0.562,Recycled Cardboard,0.57,5,65,Industrial,86.61,71.5,1,58.11
P0302,Glass,217,Low,Yes,Air,0.326,Bio Bubble Wrap,0.88,15,70,Home & Decor,92.23,56.0,1,59.42
P0303,Plastic,923,Medium,Yes,Sea,1.938,Recycled Cardboard,0.62,10,65,Cosmetics,53.81,69.0,1,48.89
P0304,Plastic,1973,Low,No,Air,4.143,Recycled Cardboard,0.66,10,65,E-Commerce,1.26,67.0,0,32.63
P0305,Metal,274,Low,Yes,Land,0.493,Mushroom Foam,1.97,5,75,Industrial,88.25,1.5,1,43.1
P0306,Glass,292,High,Yes,Land,0.438,Bio Bubble Wrap,0.86,15,70,Home & Decor,89.56,57.0,1,58.87
P0307,Ceramic,473,Medium,Yes,Air,0.568,Bio Bubble Wrap,0.73,20,70,Home & Decor,86.46,63.5,1,60.81
P0308,Bioplastic,1278,High,Yes,Air,0.895,Paper Wrap,0.34,80,40,Pharma & Health,78.67,83.0,1,72.35
P0309,Ceramic,1801,High,No,Air,2.161,Bio Bubble Wrap,0.69,20,70,Home & Decor,48.5,65.5,0,49.92
P0310,Ceramic,1138,Low,No,Land,1.366,Bio Bubble Wrap,0.81,20,70,Home & Decor,67.45,59.5,0,54.11
P0311,Glass,1811,Medium,Yes,Air,2.716,Bio Bubble Wrap,0.55,15,70,Home & Decor,35.27,72.5,1,46.46
P0312,Metal,1282,Medium,Yes,Sea,2.308,Minimalist Pouch,0.21,5,50,Industrial,45.0,89.5,1,47.12
P0313,Metal,1256,Medium,Yes,Land,2.261,Mushroom Foam,1.96,5,75,Industrial,46.12,2.0,1,30.59
P0314,Plastic,830,Low,No,Air,1.743,Recycled Cardboard,0.72,10,65,E-Commerce,58.46,64.0,0,49.04
P0315,Ceramic,1087,Medium,Yes,Sea,1.304,Bio Bubble Wrap,0.99,20,70,Home & Decor,68.92,50.5,1,52.3
P0316,Plastic,1056,Low,Yes,Land,2.218,Recycled Cardboard,0.5,10,65,E-Commerce,47.14,75.0,1,48.39
P0317,Ceramic,997,Medium,Yes,Land,1.196,Bio Bubble Wrap,0.62,20,70,Home & Decor,71.5,69.0,1,57.7
P0318,Glass,1983,High,Yes,Sea,2.974,Bio Bubble Wrap,0.61,15,70,Home & Decor,29.12,69.5,1,43.86
P0319,Plastic,1538,Medium,Yes,Air,3.23,Recycled Cardboard,0.43,10,65,Cosmetics,23.02,78.5,1,42.03
P0320,Bioplastic,1791,Medium,Yes,Sea,1.254,Paper Wrap,0.26,80,40,Pharma & Health,70.11,87.0,1,70.78
P0321,Bioplastic,516,Low,Yes,Sea,0.361,Paper Wrap,0.31,80,40,Pharma & Health,91.4,84.5,1,76.54
P0322,Ceramic,327,Medium,Yes,Air,0.392,Bio Bubble Wrap,0.96,20,70,Home & Decor,90.66,52.0,1,59.2
P0323,Metal,386,Medium,Yes,Land,0.695,Cornstarch Wrap,0.85,5,55,Industrial,83.44,57.5,1,51.66
P0324,Metal,1546,Low,Yes,Land,2.783,Paper Wrap,0.39,5,40,Industrial,33.67,80.5,1,39.48
P0325,Plastic,1611,Low,Yes,Sea,3.383,Recycled Cardboard,0.67,10,65,E-Commerce,19.38,66.5,1,37.94
P0326,Glass,723,High,Yes,Land,1.085,Bio Bubble Wrap,0.89,15,70,Home & Decor,74.14,55.5,1,53.87
P0327,Ceramic,184,Medium,No,Air,0.221,Bio Bubble Wrap,0.93,20,70,Home & Decor,94.73,53.5,0,60.79
P0328,Metal,1140,High,No,Land,2.052,Recycled Cardboard,0.51,5,65,Electronics,51.1,74.5,0,48.2
P0329,Bioplastic,171,High,Yes,Sea,0.12,Paper Wrap,0.17,80,40,Pharma & Health,97.14,91.5,1,80.02
P0330,Ceramic,902,High,Yes,Air,1.082,Bio Bubble Wrap,0.75,20,70,Home & Decor,74.21,62.5,1,56.89
P0331,Bioplastic,879,Low,Yes,Sea,0.615,Paper Wrap,0.33,80,40,Pharma & Health,85.34,83.5,1,74.48
P0332,Bioplastic,1229,Low,Yes,Land,0.86,Paper Wrap,0.1,80,40,Pharma & Health,79.5,95.0,1,75.6
P0333,Glass,554,Medium,Yes,Air,0.831,Bio Bubble Wrap,0.58,15,70,Home & Decor,80.2,71.0,1,59.56
P0334,Glass,538,High,Yes,Sea,0.807,Bio Bubble Wrap,0.53,15,70,Home & Decor,80.77,73.5,1,60.36
P0335,Glass,1112,Medium,Yes,Sea,1.668,Bio Bubble Wrap,0.53,15,70,Home & Decor,60.25,73.5,1,54.2
P0336,Bioplastic,351,Low,Yes,Sea,0.246,Paper Wrap,0.36,80,40,Pharma & Health,94.14,82.0,1,76.74
P0337,Bioplastic,1685,Medium,Yes,Air,1.179,Paper Wrap,0.31,80,40,Pharma & Health,71.9,84.5,1,70.69
P0338,Paper,689,Medium,Yes,Air,0.62,Paper Wrap,0.24,95,40,Food & Beverage,85.22,88.0,1,79.32
P0339,Metal,413,Low,Yes,Air,0.743,Minimalist Pouch,0.24,5,50,Industrial,82.29,88.0,1,57.94
P0340,Ceramic,819,Medium,Yes,Land,0.983,Bio Bubble Wrap,0.84,20,70,Home & Decor,76.57,58.0,1,56.47
P0341,Glass,1993,Medium,Yes,Land,2.99,Bio Bubble Wrap,0.83,15,70,Home & Decor,28.74,58.5,1,41.0
P0342,Glass,1660,Medium,Yes,Sea,2.49,Bio Bubble Wrap,0.62,15,70,Home & Decor,40.66,69.0,1,47.2
P0343,Bioplastic,1377,Medium,Yes,Sea,0.964,Paper Wrap,0.23,80,40,Pharma & Health,77.03,88.5,1,73.23
P0344,Metal,1503,Low,Yes,Air,2.705,Minimalist Pouch,0.36,5,50,Industrial,35.53,82.0,1,42.41
P0345,Metal,1442,Medium,Yes,Land,2.596,Recycled Cardboard,0.61,5,65,Industrial,38.13,69.5,1,43.06
P0346,Paper,1378,Low,No,Air,1.24,Paper Wrap,0.29,95,40,Food & Beverage,70.45,85.5,0,74.26
P0347,Bioplastic,1814,Low,Yes,Sea,1.27,Paper Wrap,0.11,80,40,Pharma & Health,69.73,94.5,1,72.54
P0348,Metal,684,Low,Yes,Air,1.231,Bio Bubble Wrap,0.76,5,70,Industrial,70.66,62.0,1,51.95
P0349,Bioplastic,1159,Medium,Yes,Sea,0.811,Paper Wrap,0.29,80,40,Pharma & Health,80.67,85.5,1,73.58
P0350,Ceramic,537,High,Yes,Sea,0.644,Bio Bubble Wrap,0.85,20,70,Home & Decor,84.65,57.5,1,58.77
P0351,Paper,1307,Low,Yes,Air,1.176,Paper Wrap,0.36,95,40,Food & Beverage,71.97,82.0,1,73.84
P0352,Metal,1177,High,Yes,Sea,2.119,Paper Wrap,0.3,5,40,Electronics,49.5,85.0,1,45.35
P0353,Glass,1369,Medium,Yes,Air,2.054,Bio Bubble Wrap,0.61,15,70,Home & Decor,51.05,69.5,1,50.44
P0354,Ceramic,1455,Medium,Yes,Sea,1.746,Bio Bubble Wrap,0.55,20,70,Home & Decor,58.39,72.5,1,54.64
P0355,Paper,1117,Low,Yes,Air,1.005,Paper Wrap,0.29,95,40,Food & Beverage,76.05,85.5,1,75.94
P0356,Bioplastic,1308,High,No,Land,0.916,Paper Wrap,0.11,80,40,Pharma & Health,78.17,94.5,0,75.08
P0357,Paper,1191,High,Yes,Air,1.072,Paper Wrap,0.28,95,40,Food & Beverage,74.45,86.0,1,75.59
P0358,Glass,502,Low,Yes,Land,0.753,Bio Bubble Wrap,1.16,15,70,Home & Decor,82.05,42.0,1,52.86
P0359,Paper,1336,Medium,Yes,Land,1.202,Paper Wrap,0.27,95,40,Food & Beverage,71.35,86.5,1,74.78
P0360,Glass,591,High,No,Sea,0.886,Bio Bubble Wrap,0.77,15,70,Home & Decor,78.88,61.5,0,56.79
P0361,Plastic,1437,Medium,Yes,Land,3.018,Recycled Cardboard,0.62,10,65,Cosmetics,28.07,69.0,1,41.17
P0362,Plastic,603,Medium,No,Sea,1.266,Recycled Cardboard,0.53,10,65,Cosmetics,69.83,73.5,0,54.82
P0363,Paper,1069,Low,Yes,Land,0.962,Paper Wrap,0.26,95,40,Food & Beverage,77.07,87.0,1,76.62
P0364,Glass,1365,High,Yes,Air,2.047,Bio Bubble Wrap,1.16,15,70,Home & Decor,51.22,42.0,1,43.62
P0365,Paper,487,Low,Yes,Land,0.438,Paper Wrap,0.22,95,40,Food & Beverage,89.56,89.0,1,80.87
P0366,Bioplastic,700,Low,Yes,Land,0.49,Paper Wrap,0.39,80,40,Pharma & Health,88.32,80.5,1,74.62
P0367,Plastic,378,Medium,Yes,Sea,0.794,Recycled Cardboard,0.75,10,65,Cosmetics,81.08,62.5,1,55.45
P0368,Ceramic,711,Medium,Yes,Sea,0.853,Bio Bubble Wrap,0.64,20,70,Home & Decor,79.67,68.0,1,59.9
P0369,Metal,952,Medium,No,Air,1.714,Recycled Cardboard,0.33,5,65,Industrial,59.15,83.5,0,52.87
P0370,Paper,646,Low,Yes,Sea,0.581,Paper Wrap,0.13,95,40,Food & Beverage,86.15,93.5,1,80.97
P0371,Ceramic,413,Low,No,Air,0.496,Bio Bubble Wrap,0.51,20,70,Home & Decor,88.18,74.5,0,64.08
P0372,Plastic,1946,High,Yes,Land,4.087,Recycled Cardboard,0.35,10,65,E-Commerce,2.6,82.5,1,36.9
P0373,Paper,1810,Low,Yes,Air,1.629,Paper Wrap,0.3,95,40,Food & Beverage,61.18,85.0,1,71.35
P0374,Bioplastic,1940,High,No,Land,1.358,Paper Wrap,0.12,80,40,Pharma & Health,67.64,94.0,0,71.79
P0375,Ceramic,932,Low,No,Land,1.118,Bio Bubble Wrap,0.72,20,70,Home & Decor,73.36,64.0,0,57.01
P0376,Plastic,1790,Low,Yes,Sea,3.759,Recycled Cardboard,0.72,10,65,E-Commerce,10.41,64.0,1,34.62
P0377,Glass,1081,Low,Yes,Sea,1.621,Bio Bubble Wrap,0.52,15,70,Home & Decor,61.37,74.0,1,54.66
P0378,Ceramic,1253,Medium,No,Sea,1.504,Bio Bubble Wrap,1.07,20,70,Home & Decor,64.16,46.5,0,49.87
P0379,Ceramic,1690,Medium,Yes,Sea,2.028,Bio Bubble Wrap,0.7,20,70,Home & Decor,51.67,65.0,1,50.75
P0380,Ceramic,1389,High,Yes,Sea,1.667,Bio Bubble Wrap,0.58,20,70,Home & Decor,60.27,71.0,1,54.83
P0381,Paper,866,Low,No,Sea,0.779,Paper Wrap,0.31,95,40,Food & Beverage,81.43,84.5,0,77.3
P0382,Ceramic,1629,High,No,Air,1.955,Bio Bubble Wrap,0.94,20,70,Home & Decor,53.41,53.0,0,48.27
P0383,Bioplastic,580,Low,No,Air,0.406,Paper Wrap,0.36,80,40,Pharma & Health,90.32,82.0,0,75.6
P0384,Plastic,1658,Low,Yes,Air,3.482,Recycled Cardboard,0.67,10,65,E-Commerce,17.02,66.5,1,37.23
P0385,Paper,878,Low,Yes,Sea,0.79,Paper Wrap,0.34,95,40,Food & Beverage,81.17,83.0,1,76.85
P0386,Glass,1651,Medium,Yes,Land,2.477,Bio Bubble Wrap,0.7,15,70,Home & Decor,40.97,65.0,1,46.29
P0387,Plastic,651,Medium,Yes,Air,1.367,Recycled Cardboard,0.39,10,65,Cosmetics,67.42,80.5,1,55.85
P0388,Ceramic,692,Medium,No,Land,0.83,Bio Bubble Wrap,1.03,20,70,Home & Decor,80.22,48.5,0,55.19
P0389,Bioplastic,527,High,Yes,Air,0.369,Paper Wrap,0.34,80,40,Pharma & Health,91.21,83.0,1,76.11
P0390,Paper,1083,Low,Yes,Air,0.975,Paper Wrap,0.4,95,40,Food & Beverage,76.76,80.0,1,74.78
P0391,Paper,161,High,Yes,Air,0.145,Paper Wrap,0.22,95,40,Food & Beverage,96.54,89.0,1,82.96
P0392,Bioplastic,1516,Low,Yes,Air,1.061,Paper Wrap,0.21,80,40,Pharma & Health,74.71,89.5,1,72.79
P0393,Paper,910,Low,Yes,Land,0.819,Paper Wrap,0.33,95,40,Food & Beverage,80.48,83.5,1,76.77
P0394,Metal,963,High,No,Sea,1.733,Mushroom Foam,1.21,5,75,Electronics,58.7,39.5,0,43.74
P0395,Paper,362,Medium,No,Land,0.326,Paper Wrap,0.38,95,40,Food & Beverage,92.23,81.0,0,79.67
P0396,Glass,1254,Low,Yes,Sea,1.881,Bio Bubble Wrap,1.1,15,70,Home & Decor,55.17,45.0,1,45.55
P0397,Metal,1565,Low,No,Sea,2.817,Paper Wrap,0.23,5,40,Industrial,32.86,88.5,0,41.23
P0398,Metal,1036,Low,No,Air,1.865,Minimalist Pouch,0.5,5,50,Industrial,55.55,75.0,0,46.66
P0399,Plastic,1317,Low,Yes,Land,2.766,Recycled Cardboard,0.68,10,65,E-Commerce,34.08,66.0,1,42.22
P0400,Bioplastic,673,Low,No,Sea,0.471,Paper Wrap,0.13,80,40,Pharma & Health,88.78,93.5,0,78.01
P0401,Metal,889,Low,Yes,Sea,1.6,Cornstarch Wrap,1.41,5,55,Industrial,61.87,29.5,1,38.19
P0402,Ceramic,1392,Low,Yes,Sea,1.67,Bio Bubble Wrap,0.85,20,70,Home & Decor,60.2,57.5,1,51.44
P0403,Paper,778,Low,Yes,Sea,0.7,Paper Wrap,0.35,95,40,Food & Beverage,83.32,82.5,1,77.37
P0404,Plastic,1110,Low,Yes,Sea,2.331,Recycled Cardboard,0.46,10,65,E-Commerce,44.45,77.0,1,48.08
P0405,Metal,981,Low,Yes,Land,1.766,Bio Bubble Wrap,1.13,5,70,Industrial,57.91,43.5,1,43.5
P0406,Glass,1144,Medium,Yes,Sea,1.716,Bio Bubble Wrap,0.77,15,70,Home & Decor,59.1,61.5,1,50.86
P0407,Metal,1030,Low,No,Sea,1.854,Paper Wrap,0.1,5,40,Industrial,55.82,95.0,0,49.75
P0408,Bioplastic,1784,High,Yes,Sea,1.249,Paper Wrap,0.37,80,40,Pharma & Health,70.23,81.5,1,69.44
P0409,Glass,1567,High,Yes,Land,2.35,Bio Bubble Wrap,0.56,15,70,Home & Decor,43.99,72.0,1,48.95
P0410,Plastic,1486,Medium,No,Land,3.121,Recycled Cardboard,0.46,10,65,Cosmetics,25.62,77.0,0,42.44
P0411,Ceramic,1429,Low,Yes,Land,1.715,Bio Bubble Wrap,1.17,20,70,Home & Decor,59.13,41.5,1,47.11
P0412,Plastic,561,Low,Yes,Land,1.178,Recycled Cardboard,0.78,10,65,E-Commerce,71.93,61.0,1,52.33
P0413,Bioplastic,1141,Low,No,Air,0.799,Paper Wrap,0.27,80,40,Pharma & Health,80.96,86.5,0,73.91
P0414,Paper,793,Low,No,Sea,0.714,Paper Wrap,0.29,95,40,Food & Beverage,82.98,85.5,0,78.02
P0415,Metal,1817,Medium,Yes,Sea,3.271,Cornstarch Wrap,1.0,5,55,Industrial,22.04,50.0,1,31.36
P0416,Bioplastic,1982,Medium,Yes,Sea,1.387,Paper Wrap,0.19,80,40,Pharma & Health,66.94,90.5,1,70.71
P0417,Bioplastic,760,High,Yes,Land,0.532,Paper Wrap,0.2,80,40,Pharma & Health,87.32,90.0,1,76.7
P0418,Plastic,1369,Medium,No,Sea,2.875,Recycled Cardboard,0.64,10,65,Cosmetics,31.48,68.0,0,41.94
P0419,Paper,1754,Medium,Yes,Sea,1.579,Paper Wrap,0.33,95,40,Food & Beverage,62.37,83.5,1,71.34
P0420,Glass,1414,Low,Yes,Sea,2.121,Bio Bubble Wrap,1.05,15,70,Home & Decor,49.45,47.5,1,44.46
P0421,Glass,172,Medium,Yes,Air,0.258,Bio Bubble Wrap,1.05,15,70,Home & Decor,93.85,47.5,1,57.78
P0422,Metal,1974,Medium,Yes,Land,3.553,Recycled Cardboard,0.35,5,65,Industrial,15.32,82.5,1,39.47
P0423,Metal,913,High,No,Air,1.643,Cornstarch Wrap,1.04,5,55,Electronics,60.84,48.0,0,42.5
P0424,Paper,279,Low,Yes,Land,0.251,Paper Wrap,0.12,95,40,Food & Beverage,94.02,94.0,1,83.46
P0425,Ceramic,1858,Medium,Yes,Sea,2.23,Bio Bubble Wrap,0.88,20,70,Home & Decor,46.85,56.0,1,47.06
P0426,Paper,1252,Low,Yes,Land,1.127,Paper Wrap,0.23,95,40,Food & Beverage,73.14,88.5,1,75.82
P0427,Glass,1654,Low,No,Sea,2.481,Bio Bubble Wrap,1.12,15,70,Home & Decor,40.87,44.0,0,41.01
P0428,Glass,1395,Low,Yes,Sea,2.092,Bio Bubble Wrap,0.75,15,70,Home & Decor,50.14,62.5,1,48.42
P0429,Bioplastic,1589,Medium,Yes,Air,1.112,Paper Wrap,0.14,80,40,Pharma & Health,73.5,93.0,1,73.3
P0430,Ceramic,1502,Medium,No,Land,1.802,Bio Bubble Wrap,0.6,20,70,Home & Decor,57.05,70.0,0,53.61
P0431,Glass,1629,Low,Yes,Sea,2.443,Bio Bubble Wrap,1.03,15,70,Home & Decor,41.78,48.5,1,42.41
P0432,Paper,1017,Low,No,Land,0.915,Paper Wrap,0.29,95,40,Food & Beverage,78.19,85.5,0,76.58
P0433,Glass,690,High,Yes,Air,1.035,Bio Bubble Wrap,0.57,15,70,Home & Decor,75.33,71.5,1,58.22
P0434,Glass,794,Low,Yes,Sea,1.191,Bio Bubble Wrap,0.56,15,70,Home & Decor,71.62,72.0,1,57.24
P0435,Metal,356,High,No,Sea,0.641,Mushroom Foam,1.64,5,75,Electronics,84.72,18.0,0,46.17
P0436,Bioplastic,1283,Low,Yes,Land,0.898,Paper Wrap,0.12,80,40,Pharma & Health,78.6,94.0,1,75.08
P0437,Bioplastic,698,Medium,Yes,Air,0.489,Paper Wrap,0.35,80,40,Pharma & Health,88.35,82.5,1,75.13
P0438,Glass,765,Low,Yes,Sea,1.147,Bio Bubble Wrap,0.99,15,70,Home & Decor,72.66,50.5,1,52.17
P0439,Metal,953,Low,Yes,Sea,1.715,Recycled Cardboard,0.34,5,65,Industrial,59.13,83.0,1,52.74
P0440,Bioplastic,1756,Medium,Yes,Land,1.229,Paper Wrap,0.13,80,40,Pharma & Health,70.71,93.5,1,72.59
P0441,Metal,1516,High,Yes,Sea,2.729,Paper Wrap,0.4,5,40,Electronics,34.96,80.0,1,39.74
P0442,Metal,1698,Medium,No,Air,3.056,Bio Bubble Wrap,0.76,5,70,Industrial,27.17,62.0,0,38.9
P0443,Metal,1589,Medium,Yes,Land,2.86,Bio Bubble Wrap,0.76,5,70,Industrial,31.84,62.0,1,40.3
P0444,Ceramic,864,Medium,Yes,Land,1.037,Bio Bubble Wrap,1.07,20,70,Home & Decor,75.29,46.5,1,53.21
P0445,Metal,1868,Medium,Yes,Land,3.362,Mushroom Foam,1.94,5,75,Industrial,19.88,3.0,1,22.96
P0446,Paper,1960,Medium,No,Sea,1.764,Paper Wrap,0.4,95,40,Food & Beverage,57.96,80.0,0,69.14
P0447,Ceramic,1780,Low,Yes,Sea,2.136,Bio Bubble Wrap,1.03,20,70,Home & Decor,49.09,48.5,1,45.85
P0448,Plastic,1077,Low,Yes,Land,2.262,Recycled Cardboard,0.49,10,65,E-Commerce,46.09,75.5,1,48.2
P0449,Metal,497,Low,Yes,Sea,0.895,Bio Bubble Wrap,0.56,5,70,Industrial,78.67,72.0,1,56.85
P0450,Ceramic,1284,Medium,Yes,Air,1.541,Bio Bubble Wrap,1.04,20,70,Home & Decor,63.27,48.0,1,49.98
P0451,Metal,1738,Low,Yes,Sea,3.128,Cornstarch Wrap,1.1,5,55,Industrial,25.45,45.0,1,31.14
P0452,Bioplastic,290,Medium,Yes,Air,0.203,Paper Wrap,0.23,80,40,Pharma & Health,95.16,88.5,1,78.67
P0453,Bioplastic,1389,High,Yes,Air,0.972,Paper Wrap,0.37,80,40,Pharma & Health,76.84,81.5,1,71.43
P0454,Glass,963,Low,Yes,Land,1.444,Bio Bubble Wrap,0.58,15,70,Home & Decor,65.59,71.0,1,55.18
P0455,Ceramic,1166,Low,Yes,Land,1.399,Bio Bubble Wrap,0.84,20,70,Home & Decor,66.66,58.0,1,53.5
P0456,Glass,1619,Low,Yes,Sea,2.429,Bio Bubble Wrap,0.51,15,70,Home & Decor,42.11,74.5,1,49.01
P0457,Paper,939,Low,Yes,Air,0.845,Paper Wrap,0.24,95,40,Food & Beverage,79.86,88.0,1,77.71
P0458,Paper,135,Low,Yes,Sea,0.121,Paper Wrap,0.12,95,40,Food & Beverage,97.12,94.0,1,84.39
P0459,Metal,1878,Low,No,Land,3.38,Minimalist Pouch,0.25,5,50,Industrial,19.45,87.5,0,38.96
P0460,Bioplastic,394,Low,Yes,Air,0.276,Paper Wrap,0.14,80,40,Pharma & Health,93.42,93.0,1,79.28
P0461,Paper,1385,Low,Yes,Land,1.246,Paper Wrap,0.29,95,40,Food & Beverage,70.31,85.5,1,74.22
P0462,Glass,379,Low,Yes,Air,0.569,Bio Bubble Wrap,1.02,15,70,Home & Decor,86.44,49.0,1,55.93
P0463,Paper,1036,Low,Yes,Land,0.932,Paper Wrap,0.28,95,40,Food & Beverage,77.79,86.0,1,76.59
P0464,Bioplastic,424,High,Yes,Sea,0.297,Paper Wrap,0.39,80,40,Pharma & Health,92.92,80.5,1,76.0
P0465,Plastic,1261,Low,Yes,Air,2.648,Recycled Cardboard,0.49,10,65,E-Commerce,36.89,75.5,1,45.44
P0466,Ceramic,1870,Medium,Yes,Air,2.244,Bio Bubble Wrap,0.7,20,70,Home & Decor,46.52,65.0,1,49.21
P0467,Paper,100,Medium,Yes,Air,0.09,Paper Wrap,0.36,95,40,Food & Beverage,97.86,82.0,1,81.61
P0468,Glass,1996,High,Yes,Land,2.994,Bio Bubble Wrap,0.66,15,70,Home & Decor,28.65,67.0,1,43.1
P0469,Plastic,1975,Medium,Yes,Sea,4.147,Recycled Cardboard,0.78,10,65,Cosmetics,1.17,61.0,1,31.1
P0470,Glass,1396,Medium,Yes,Air,2.094,Bio Bubble Wrap,0.51,15,70,Home & Decor,50.1,74.5,1,51.4
P0471,Ceramic,1057,Low,Yes,Land,1.268,Bio Bubble Wrap,1.18,20,70,Home & Decor,69.78,41.0,1,50.18
P0472,Paper,503,Medium,No,Air,0.453,Paper Wrap,0.11,95,40,Food & Beverage,89.2,94.5,0,82.14
P0473,Metal,1353,Low,Yes,Air,2.435,Minimalist Pouch,0.56,5,50,Industrial,41.97,72.0,1,41.84
P0474,Paper,1648,Low,Yes,Sea,1.483,Paper Wrap,0.26,95,40,Food & Beverage,64.66,87.0,1,72.9
P0475,Paper,956,Low,Yes,Air,0.86,Paper Wrap,0.4,95,40,Food & Beverage,79.5,80.0,1,75.6
P0476,Plastic,1333,Low,No,Sea,2.799,Recycled Cardboard,0.34,10,65,E-Commerce,33.29,83.0,0,46.24
P0477,Metal,450,Low,Yes,Air,0.81,Bio Bubble Wrap,0.89,5,70,Industrial,80.7,55.5,1,53.34
P0478,Ceramic,518,Low,No,Land,0.622,Bio Bubble Wrap,1.18,20,70,Home & Decor,85.18,41.0,0,54.8
P0479,Plastic,1799,Low,No,Air,3.778,Recycled Cardboard,0.56,10,65,E-Commerce,9.96,72.0,0,36.49
P0480,Plastic,1962,High,Yes,Sea,4.12,Recycled Cardboard,0.61,10,65,E-Commerce,1.81,69.5,1,33.42
P0481,Plastic,1543,High,Yes,Air,3.24,Recycled Cardboard,0.65,10,65,E-Commerce,22.78,67.5,1,39.21
P0482,Bioplastic,117,Medium,Yes,Land,0.082,Paper Wrap,0.24,80,40,Pharma & Health,98.05,88.0,1,79.41
P0483,Plastic,657,Low,Yes,Land,1.38,Recycled Cardboard,0.61,10,65,E-Commerce,67.11,69.5,1,53.01
P0484,Ceramic,1035,Low,Yes,Land,1.242,Bio Bubble Wrap,0.91,20,70,Home & Decor,70.4,54.5,1,53.74
P0485,Plastic,583,High,Yes,Land,1.224,Recycled Cardboard,0.75,10,65,E-Commerce,70.83,62.5,1,52.37
P0486,Paper,1480,Low,Yes,Sea,1.332,Paper Wrap,0.11,95,40,Food & Beverage,68.26,94.5,1,75.85
P0487,Ceramic,435,Low,No,Air,0.522,Bio Bubble Wrap,0.7,20,70,Home & Decor,87.56,65.0,0,61.52
P0488,Ceramic,1289,Medium,Yes,Land,1.547,Bio Bubble Wrap,1.17,20,70,Home & Decor,63.13,41.5,1,48.31
P0489,Plastic,331,High,Yes,Sea,0.695,Recycled Cardboard,0.75,10,65,E-Commerce,83.44,62.5,1,56.16
P0490,Paper,138,High,No,Sea,0.124,Paper Wrap,0.24,95,40,Food & Beverage,97.04,88.0,0,82.86
P0491,Plastic,1993,Medium,Yes,Land,4.185,Recycled Cardboard,0.61,10,65,Cosmetics,0.26,69.5,1,32.95
P0492,Paper,892,Low,Yes,Air,0.803,Paper Wrap,0.18,95,40,Food & Beverage,80.86,91.0,1,78.76
P0493,Metal,1637,Medium,No,Sea,2.947,Bio Bubble Wrap,0.63,5,70,Industrial,29.77,68.5,0,41.31
P0494,Glass,524,Low,Yes,Sea,0.786,Bio Bubble Wrap,0.82,15,70,Home & Decor,81.27,59.0,1,56.88
P0495,Glass,1166,Low,No,Sea,1.749,Bio Bubble Wrap,0.75,15,70,Home & Decor,58.32,62.5,0,50.87
P0496,Bioplastic,473,Medium,Yes,Land,0.331,Paper Wrap,0.28,80,40,Pharma & Health,92.11,86.0,1,77.13
P0497,Plastic,1022,Medium,Yes,Air,2.146,Recycled Cardboard,0.34,10,65,Cosmetics,48.86,83.0,1,50.91
P0498,Glass,1561,Medium,Yes,Land,2.341,Bio Bubble Wrap,1.18,15,70,Home & Decor,44.21,41.0,1,41.26
P0499,Paper,1887,High,Yes,Sea,1.698,Paper Wrap,0.4,95,40,Food & Beverage,59.53,80.0,1,69.61
P0500,Glass,763,Low,No,Air,1.145,Bio Bubble Wrap,0.99,15,70,Home & Decor,72.71,50.5,0,52.19
P0501,Paper,580,High,Yes,Air,0.522,Paper Wrap,0.26,95,40,Food & Beverage,87.56,87.0,1,79.77
P0502,Paper,942,Medium,Yes,Air,0.848,Paper Wrap,0.19,95,40,Food & Beverage,79.79,90.5,1,78.31
P0503,Ceramic,1329,Low,Yes,Land,1.595,Bio Bubble Wrap,1.07,20,70,Home & Decor,61.99,46.5,1,49.22
P0504,Metal,1792,Low,No,Land,3.226,Bio Bubble Wrap,0.98,5,70,Industrial,23.12,51.0,0,34.94
P0505,Plastic,1265,Medium,Yes,Sea,2.656,Recycled Cardboard,0.38,10,65,Cosmetics,36.7,81.0,1,46.76
P0506,Bioplastic,394,Low,Yes,Land,0.276,Paper Wrap,0.37,80,40,Pharma & Health,93.42,81.5,1,76.4
P0507,Bioplastic,877,Medium,No,Sea,0.614,Paper Wrap,0.35,80,40,Pharma & Health,85.37,82.5,0,74.24
P0508,Bioplastic,1303,High,Yes,Air,0.912,Paper Wrap,0.38,80,40,Pharma & Health,78.27,81.0,1,71.73
P0509,Paper,994,High,No,Land,0.895,Paper Wrap,0.32,95,40,Food & Beverage,78.67,84.0,0,76.35
P0510,Paper,1003,Low,No,Sea,0.903,Paper Wrap,0.28,95,40,Food & Beverage,78.48,86.0,0,76.79
P0511,Ceramic,1464,Medium,No,Air,1.757,Bio Bubble Wrap,0.79,20,70,Home & Decor,58.13,60.5,0,51.56
P0512,Bioplastic,1031,Medium,No,Air,0.722,Paper Wrap,0.38,80,40,Pharma & Health,82.79,81.0,0,73.09
P0513,Metal,1800,Medium,No,Land,3.24,Cornstarch Wrap,1.38,5,55,Industrial,22.78,31.0,0,26.83
P0514,Metal,1537,Medium,Yes,Sea,2.767,Paper Wrap,0.11,5,40,Industrial,34.06,94.5,1,43.09
P0515,Metal,495,High,Yes,Air,0.891,Recycled Cardboard,0.31,5,65,Electronics,78.77,84.5,1,59.01
P0516,Paper,1038,Medium,Yes,Sea,0.934,Paper Wrap,0.21,95,40,Food & Beverage,77.74,89.5,1,77.45
P0517,Ceramic,535,Medium,Yes,Land,0.642,Bio Bubble Wrap,1.07,20,70,Home & Decor,84.7,46.5,1,56.04
P0518,Glass,552,Low,Yes,Air,0.828,Bio Bubble Wrap,1.19,15,70,Home & Decor,80.27,40.5,1,51.96
P0519,Bioplastic,605,High,Yes,Sea,0.423,Paper Wrap,0.15,80,40,Pharma & Health,89.92,92.5,1,78.1
P0520,Bioplastic,268,Medium,Yes,Air,0.188,Paper Wrap,0.28,80,40,Pharma & Health,95.52,86.0,1,78.16
P0521,Glass,382,High,Yes,Land,0.573,Bio Bubble Wrap,0.77,15,70,Home & Decor,86.34,61.5,1,59.03
P0522,Glass,594,Low,Yes,Air,0.891,Bio Bubble Wrap,1.18,15,70,Home & Decor,78.77,41.0,1,51.63
P0523,Glass,1748,High,Yes,Air,2.622,Bio Bubble Wrap,1.09,15,70,Home & Decor,37.51,45.5,1,40.38
P0524,Ceramic,761,High,Yes,Land,0.913,Bio Bubble Wrap,1.09,20,70,Home & Decor,78.24,45.5,1,53.85
P0525,Plastic,1992,Medium,No,Air,4.183,Recycled Cardboard,0.53,10,65,Cosmetics,0.31,73.5,0,33.97
P0526,Metal,1550,High,Yes,Air,2.79,Bio Bubble Wrap,0.79,5,70,Electronics,33.51,60.5,1,40.43
P0527,Ceramic,590,Medium,Yes,Air,0.708,Bio Bubble Wrap,0.69,20,70,Home & Decor,83.13,65.5,1,60.31
P0528,Paper,1560,High,Yes,Air,1.404,Paper Wrap,0.12,95,40,Food & Beverage,66.54,94.0,1,75.21
P0529,Glass,1290,Medium,Yes,Air,1.935,Bio Bubble Wrap,1.11,15,70,Home & Decor,53.88,44.5,1,45.04
P0530,Glass,528,Low,Yes,Land,0.792,Bio Bubble Wrap,1.07,15,70,Home & Decor,81.12,46.5,1,53.71
P0531,Plastic,1628,Low,Yes,Sea,3.419,Recycled Cardboard,0.8,10,65,E-Commerce,18.52,60.0,1,36.06
P0532,Metal,792,Medium,Yes,Sea,1.426,Minimalist Pouch,0.6,5,50,Industrial,66.02,70.0,1,48.56
P0533,Ceramic,390,Low,No,Sea,0.468,Bio Bubble Wrap,0.89,20,70,Home & Decor,88.85,55.5,0,59.53
P0534,Bioplastic,1603,Medium,Yes,Air,1.122,Paper Wrap,0.33,80,40,Pharma & Health,73.26,83.5,1,70.85
P0535,Ceramic,1866,Medium,Yes,Air,2.239,Bio Bubble Wrap,1.16,20,70,Home & Decor,46.64,42.0,1,43.49
P0536,Bioplastic,1858,Low,Yes,Air,1.301,Paper Wrap,0.35,80,40,Pharma & Health,68.99,82.5,1,69.32
P0537,Paper,1071,Low,Yes,Land,0.964,Paper Wrap,0.17,95,40,Food & Beverage,77.03,91.5,1,77.73
P0538,Paper,899,Medium,Yes,Air,0.809,Paper Wrap,0.24,95,40,Food & Beverage,80.72,88.0,1,77.97
P0539,Plastic,701,Medium,No,Sea,1.472,Recycled Cardboard,0.36,10,65,Cosmetics,64.92,82.0,0,55.48
P0540,Metal,362,Medium,Yes,Air,0.652,Recycled Cardboard,0.78,5,65,Industrial,84.46,61.0,1,54.84
P0541,Paper,267,Medium,Yes,Sea,0.24,Paper Wrap,0.28,95,40,Food & Beverage,94.28,86.0,1,81.53
P0542,Paper,754,Low,Yes,Sea,0.679,Paper Wrap,0.17,95,40,Food & Beverage,83.82,91.5,1,79.77
P0543,Glass,1826,Low,Yes,Land,2.739,Bio Bubble Wrap,0.97,15,70,Home & Decor,34.72,51.5,1,41.04
P0544,Ceramic,1635,Medium,Yes,Sea,1.962,Bio Bubble Wrap,0.93,20,70,Home & Decor,53.24,53.5,1,48.35
P0545,Paper,1759,Medium,Yes,Air,1.583,Paper Wrap,0.21,95,40,Food & Beverage,62.27,89.5,1,72.81
P0546,Metal,1464,Medium,Yes,Sea,2.635,Recycled Cardboard,0.36,5,65,Industrial,37.2,82.0,1,45.91
P0547,Ceramic,137,Medium,No,Sea,0.164,Bio Bubble Wrap,0.97,20,70,Home & Decor,96.09,51.5,0,60.7
P0548,Bioplastic,714,Low,Yes,Sea,0.5,Paper Wrap,0.26,80,40,Pharma & Health,88.08,87.0,1,76.17
P0549,Glass,590,Medium,Yes,Land,0.885,Bio Bubble Wrap,1.04,15,70,Home & Decor,78.91,48.0,1,53.42
P0550,Ceramic,615,Low,No,Sea,0.738,Bio Bubble Wrap,0.86,20,70,Home & Decor,82.41,57.0,0,57.97
P0551,Ceramic,1475,Medium,No,Sea,1.77,Bio Bubble Wrap,1.1,20,70,Home & Decor,57.82,45.0,0,47.6
P0552,Metal,925,Low,No,Land,1.665,Recycled Cardboard,0.58,5,65,Industrial,60.32,71.0,0,50.1
P0553,Metal,594,Medium,Yes,Air,1.069,Minimalist Pouch,0.42,5,50,Industrial,74.52,79.0,1,53.36
P0554,Glass,849,Medium,Yes,Sea,1.274,Bio Bubble Wrap,1.11,15,70,Home & Decor,69.64,44.5,1,49.77
P0555,Plastic,1985,Low,No,Land,4.168,Recycled Cardboard,0.5,10,65,E-Commerce,0.67,75.0,0,34.45
P0556,Paper,489,Medium,No,Land,0.44,Paper Wrap,0.14,95,40,Food & Beverage,89.51,93.0,0,81.85
P0557,Glass,932,High,Yes,Air,1.398,Bio Bubble Wrap,0.52,15,70,Home & Decor,66.68,74.0,1,56.25
P0558,Plastic,598,High,Yes,Air,1.256,Recycled Cardboard,0.68,10,65,E-Commerce,70.07,66.0,1,53.02
P0559,Paper,1443,Low,Yes,Air,1.299,Paper Wrap,0.29,95,40,Food & Beverage,69.04,85.5,1,73.84
P0560,Ceramic,618,Low,No,Land,0.742,Bio Bubble Wrap,0.99,20,70,Home & Decor,82.32,50.5,0,56.32
P0561,Bioplastic,1158,High,No,Sea,0.811,Paper Wrap,0.16,80,40,Pharma & Health,80.67,92.0,0,75.2
P0562,Metal,1843,Low,Yes,Sea,3.317,Paper Wrap,0.14,5,40,Industrial,20.95,93.0,1,38.78
P0563,Ceramic,1474,High,Yes,Land,1.769,Bio Bubble Wrap,0.51,20,70,Home & Decor,57.84,74.5,1,54.98
P0564,Glass,1454,High,No,Land,2.181,Bio Bubble Wrap,0.75,15,70,Home & Decor,48.02,62.5,0,47.78
P0565,Metal,508,Medium,Yes,Sea,0.914,Recycled Cardboard,0.59,5,65,Industrial,78.22,70.5,1,55.34
P0566,Glass,1818,Low,Yes,Air,2.727,Bio Bubble Wrap,0.77,15,70,Home & Decor,35.01,61.5,1,43.63
P0567,Ceramic,1718,Medium,Yes,Air,2.062,Bio Bubble Wrap,0.81,20,70,Home & Decor,50.86,59.5,1,49.13
P0568,Plastic,822,High,Yes,Land,1.726,Recycled Cardboard,0.75,10,65,E-Commerce,58.87,62.5,1,48.79
P0569,Ceramic,1101,Low,Yes,Air,1.321,Bio Bubble Wrap,0.74,20,70,Home & Decor,68.52,63.0,1,55.31
P0570,Plastic,487,Low,Yes,Sea,1.023,Recycled Cardboard,0.56,10,65,E-Commerce,75.62,72.0,1,56.19
P0571,Plastic,237,Medium,Yes,Air,0.498,Recycled Cardboard,0.69,10,65,Cosmetics,88.13,65.5,1,58.31
P0572,Glass,1894,High,No,Sea,2.841,Bio Bubble Wrap,0.78,15,70,Home & Decor,32.29,61.0,0,42.69
P0573,Paper,1835,High,Yes,Land,1.651,Paper Wrap,0.29,95,40,Food & Beverage,60.65,85.5,1,71.32
P0574,Glass,450,High,No,Land,0.675,Bio Bubble Wrap,1.1,15,70,Home & Decor,83.91,45.0,0,54.17
P0575,Glass,1412,Medium,Yes,Air,2.118,Bio Bubble Wrap,1.16,15,70,Home & Decor,49.52,42.0,1,43.11
P0576,Bioplastic,1201,Low,Yes,Land,0.841,Paper Wrap,0.14,80,40,Pharma & Health,79.96,93.0,1,75.24
P0577,Plastic,435,Low,No,Sea,0.913,Recycled Cardboard,0.76,10,65,E-Commerce,78.24,62.0,0,54.47
P0578,Metal,1998,Low,Yes,Sea,3.596,Minimalist Pouch,0.4,5,50,Industrial,14.3,80.0,1,35.54
P0579,Ceramic,616,Low,Yes,Air,0.739,Bio Bubble Wrap,0.68,20,70,Home & Decor,82.39,66.0,1,60.22
P0580,Glass,1674,Low,Yes,Land,2.511,Bio Bubble Wrap,0.82,15,70,Home & Decor,40.16,59.0,1,44.55
P0581,Ceramic,725,High,Yes,Sea,0.87,Bio Bubble Wrap,1.19,20,70,Home & Decor,79.27,40.5,1,52.91
P0582,Paper,1036,High,Yes,Air,0.932,Paper Wrap,0.25,95,40,Food & Beverage,77.79,87.5,1,76.96
P0583,Glass,186,Medium,Yes,Air,0.279,Bio Bubble Wrap,0.73,15,70,Home & Decor,93.35,63.5,1,61.63
P0584,Paper,1074,Medium,No,Sea,0.967,Paper Wrap,0.29,95,40,Food & Beverage,76.95,85.5,0,76.21
P0585,Plastic,612,Medium,Yes,Land,1.285,Recycled Cardboard,0.42,10,65,Cosmetics,69.38,79.0,1,56.06
P0586,Glass,1111,Medium,Yes,Sea,1.667,Bio Bubble Wrap,0.55,15,70,Home & Decor,60.27,72.5,1,53.96
P0587,Bioplastic,1581,Low,Yes,Air,1.107,Paper Wrap,0.14,80,40,Pharma & Health,73.62,93.0,1,73.34
P0588,Glass,130,Low,No,Sea,0.195,Bio Bubble Wrap,0.59,15,70,Home & Decor,95.35,70.5,0,63.98
P0589,Paper,396,Low,Yes,Land,0.356,Paper Wrap,0.15,95,40,Food & Beverage,91.52,92.5,1,82.33
P0590,Metal,260,Medium,Yes,Sea,0.468,Bio Bubble Wrap,0.6,5,70,Industrial,88.85,70.0,1,59.4
P0591,Metal,847,Low,No,Sea,1.525,Paper Wrap,0.29,5,40,Industrial,63.66,85.5,0,49.72
P0592,Paper,1518,High,Yes,Sea,1.366,Paper Wrap,0.15,95,40,Food & Beverage,67.45,92.5,1,75.11
P0593,Ceramic,218,Low,Yes,Land,0.262,Bio Bubble Wrap,0.74,20,70,Home & Decor,93.76,63.0,1,62.88
P0594,Paper,1605,High,Yes,Sea,1.444,Paper Wrap,0.37,95,40,Food & Beverage,65.59,81.5,1,71.8
P0595,Paper,783,High,Yes,Sea,0.705,Paper Wrap,0.24,95,40,Food & Beverage,83.2,88.0,1,78.71
P0596,Ceramic,1700,Low,Yes,Land,2.04,Bio Bubble Wrap,0.97,20,70,Home & Decor,51.38,51.5,1,47.29
P0597,Plastic,884,Medium,Yes,Sea,1.856,Recycled Cardboard,0.39,10,65,Cosmetics,55.77,80.5,1,52.36
P0598,Metal,1620,Medium,Yes,Air,2.916,Cornstarch Wrap,0.77,5,55,Industrial,30.51,61.5,1,36.78
P0599,Metal,965,Low,No,Air,1.737,Mushroom Foam,0.85,5,75,Industrial,58.6,57.5,0,48.2
P0600,Ceramic,1803,Low,Yes,Sea,2.164,Bio Bubble Wrap,0.62,20,70,Home & Decor,48.43,69.0,1,50.78
P0601,Plastic,1227,Medium,Yes,Air,2.577,Recycled Cardboard,0.44,10,65,Cosmetics,38.58,78.0,1,46.57
P0602,Metal,1885,High,Yes,Sea,3.393,Recycled Cardboard,0.39,5,65,Electronics,19.14,80.5,1,40.12
P0603,Paper,1150,Low,Yes,Land,1.035,Paper Wrap,0.13,95,40,Food & Beverage,75.33,93.5,1,77.72
P0604,Glass,700,High,Yes,Land,1.05,Bio Bubble Wrap,0.58,15,70,Home & Decor,74.98,71.0,1,57.99
P0605,Bioplastic,1717,Low,Yes,Land,1.202,Paper Wrap,0.24,80,40,Pharma & Health,71.35,88.0,1,71.4
P0606,Ceramic,1980,High,Yes,Air,2.376,Bio Bubble Wrap,0.64,20,70,Home & Decor,43.37,68.0,1,49.01
P0607,Bioplastic,1263,Medium,No,Sea,0.884,Paper Wrap,0.21,80,40,Pharma & Health,78.93,89.5,0,74.05
P0608,Ceramic,1488,Medium,No,Sea,1.786,Bio Bubble Wrap,0.85,20,70,Home & Decor,57.44,57.5,0,50.61
P0609,Paper,324,Medium,No,Air,0.292,Paper Wrap,0.31,95,40,Food & Beverage,93.04,84.5,0,80.79
P0610,Glass,580,Medium,Yes,Sea,0.87,Bio Bubble Wrap,0.53,15,70,Home & Decor,79.27,73.5,1,59.91
P0611,Glass,1528,Low,Yes,Land,2.292,Bio Bubble Wrap,1.06,15,70,Home & Decor,45.38,47.0,1,43.11
P0612,Plastic,1370,Low,Yes,Land,2.877,Recycled Cardboard,0.61,10,65,E-Commerce,31.43,69.5,1,42.3
P0613,Bioplastic,1871,Low,No,Land,1.31,Paper Wrap,0.12,80,40,Pharma & Health,68.78,94.0,0,72.13
P0614,Bioplastic,238,Medium,Yes,Land,0.167,Paper Wrap,0.36,80,40,Pharma & Health,96.02,82.0,1,77.31
P0615,Metal,1483,High,Yes,Sea,2.669,Bio Bubble Wrap,1.14,5,70,Electronics,36.39,43.0,1,36.92
P0616,Ceramic,1008,Low,No,Air,1.21,Bio Bubble Wrap,0.54,20,70,Home & Decor,71.16,73.0,0,58.6
P0617,Metal,887,Medium,No,Air,1.597,Bio Bubble Wrap,0.69,5,70,Industrial,61.94,65.5,0,50.21
P0618,Paper,1111,High,No,Air,1.0,Paper Wrap,0.34,95,40,Food & Beverage,76.17,83.0,0,75.35
P0619,Paper,1964,Medium,Yes,Land,1.768,Paper Wrap,0.32,95,40,Food & Beverage,57.86,84.0,1,70.11
P0620,Metal,1243,Low,Yes,Sea,2.237,Cornstarch Wrap,0.77,5,55,Industrial,46.69,61.5,1,41.63
P0621,Metal,1020,Medium,Yes,Sea,1.836,Minimalist Pouch,0.28,5,50,Industrial,56.24,86.0,1,49.62
P0622,Bioplastic,1066,High,Yes,Land,0.746,Paper Wrap,0.21,80,40,Pharma & Health,82.22,89.5,1,75.04
P0623,Ceramic,1171,Medium,Yes,Air,1.405,Bio Bubble Wrap,0.84,20,70,Home & Decor,66.52,58.0,1,53.46
P0624,Ceramic,1815,Low,Yes,Sea,2.178,Bio Bubble Wrap,0.93,20,70,Home & Decor,48.09,53.5,1,46.8
P0625,Bioplastic,1451,Low,Yes,Land,1.016,Paper Wrap,0.21,80,40,Pharma & Health,75.79,89.5,1,73.11
P0626,Glass,592,Low,Yes,Air,0.888,Bio Bubble Wrap,0.82,15,70,Home & Decor,78.84,59.0,1,56.15
P0627,Paper,538,Medium,Yes,Sea,0.484,Paper Wrap,0.32,95,40,Food & Beverage,88.47,84.0,1,79.29
P0628,Metal,1196,Low,Yes,Air,2.153,Bio Bubble Wrap,0.53,5,70,Industrial,48.69,73.5,1,48.23
P0629,Paper,392,Medium,Yes,Air,0.353,Paper Wrap,0.18,95,40,Food & Beverage,91.59,91.0,1,81.98
P0630,Glass,174,Low,No,Air,0.261,Bio Bubble Wrap,1.0,15,70,Home & Decor,93.78,50.0,0,58.38
P0631,Glass,503,Low,Yes,Air,0.754,Bio Bubble Wrap,1.13,15,70,Home & Decor,82.03,43.5,1,53.23
P0632,Paper,1789,Low,Yes,Land,1.61,Paper Wrap,0.25,95,40,Food & Beverage,61.63,87.5,1,72.11
P0633,Metal,1540,Low,Yes,Air,2.772,Minimalist Pouch,0.41,5,50,Industrial,33.94,79.5,1,41.31
P0634,Paper,1050,Low,No,Land,0.945,Paper Wrap,0.13,95,40,Food & Beverage,77.48,93.5,0,78.37
P0635,Ceramic,811,Low,Yes,Land,0.973,Bio Bubble Wrap,0.81,20,70,Home & Decor,76.81,59.5,1,56.92
P0636,Plastic,994,High,Yes,Land,2.087,Recycled Cardboard,0.57,10,65,E-Commerce,50.26,71.5,1,48.45
P0637,Paper,1780,Medium,Yes,Sea,1.602,Paper Wrap,0.17,95,40,Food & Beverage,61.82,91.5,1,73.17
P0638,Plastic,1710,Medium,Yes,Air,3.591,Recycled Cardboard,0.43,10,65,Cosmetics,14.42,78.5,1,39.45
P0639,Glass,1437,Medium,Yes,Sea,2.155,Bio Bubble Wrap,0.76,15,70,Home & Decor,48.64,62.0,1,47.84
P0640,Paper,1018,Low,No,Sea,0.916,Paper Wrap,0.11,95,40,Food & Beverage,78.17,94.5,0,78.83
P0641,Glass,1878,Low,Yes,Land,2.817,Bio Bubble Wrap,0.73,15,70,Home & Decor,32.86,63.5,1,43.48
P0642,Metal,698,High,Yes,Air,1.256,Bio Bubble Wrap,0.65,5,70,Electronics,70.07,67.5,1,53.15
P0643,Bioplastic,181,Low,Yes,Air,0.127,Paper Wrap,0.2,80,40,Pharma & Health,96.97,90.0,1,79.59
P0644,Plastic,298,Medium,Yes,Sea,0.626,Recycled Cardboard,0.36,10,65,Cosmetics,85.08,82.0,1,61.52
P0645,Ceramic,1250,Low,Yes,Sea,1.5,Bio Bubble Wrap,1.12,20,70,Home & Decor,64.25,44.0,1,49.28
P0646,Paper,222,Medium,Yes,Sea,0.2,Paper Wrap,0.28,95,40,Food & Beverage,95.23,86.0,1,81.82
P0647,Ceramic,1064,Low,Yes,Sea,1.277,Bio Bubble Wrap,0.98,20,70,Home & Decor,69.57,51.0,1,52.62
P0648,Ceramic,116,Low,Yes,Sea,0.139,Bio Bubble Wrap,1.05,20,70,Home & Decor,96.69,47.5,1,59.88
P0649,Plastic,916,Medium,Yes,Air,1.924,Recycled Cardboard,0.55,10,65,Cosmetics,54.15,72.5,1,49.87
P0650,Bioplastic,1670,Medium,Yes,Sea,1.169,Paper Wrap,0.13,80,40,Pharma & Health,72.14,93.5,1,73.02
P0651,Plastic,813,Low,Yes,Sea,1.707,Recycled Cardboard,0.57,10,65,E-Commerce,59.32,71.5,1,51.17
P0652,Bioplastic,178,Medium,Yes,Sea,0.125,Paper Wrap,0.28,80,40,Pharma & Health,97.02,86.0,1,78.61
P0653,Glass,753,Low,Yes,Air,1.129,Bio Bubble Wrap,1.02,15,70,Home & Decor,73.09,49.0,1,51.93
P0654,Paper,1473,Medium,Yes,Air,1.326,Paper Wrap,0.23,95,40,Food & Beverage,68.4,88.5,1,74.4
P0655,Plastic,1023,Low,Yes,Air,2.148,Recycled Cardboard,0.36,10,65,E-Commerce,48.81,82.0,1,50.64
P0656,Ceramic,1063,Low,Yes,Air,1.276,Bio Bubble Wrap,0.7,20,70,Home & Decor,69.59,65.0,1,56.13
P0657,Paper,387,High,Yes,Air,0.348,Paper Wrap,0.21,95,40,Food & Beverage,91.71,89.5,1,81.64
P0658,Glass,1442,Medium,Yes,Sea,2.163,Bio Bubble Wrap,0.95,15,70,Home & Decor,48.45,52.5,1,45.41
P0659,Metal,1811,Low,Yes,Land,3.26,Cornstarch Wrap,1.11,5,55,Industrial,22.31,44.5,1,30.07
P0660,Glass,1458,Low,Yes,Sea,2.187,Bio Bubble Wrap,0.75,15,70,Home & Decor,47.88,62.5,1,47.74
P0661,Bioplastic,1384,Low,No,Land,0.969,Paper Wrap,0.4,80,40,Pharma & Health,76.91,80.0,0,71.07
P0662,Ceramic,1609,Medium,Yes,Land,1.931,Bio Bubble Wrap,0.92,20,70,Home & Decor,53.98,54.0,1,48.69
P0663,Bioplastic,440,Low,No,Land,0.308,Paper Wrap,0.17,80,40,Pharma & Health,92.66,91.5,0,78.67
P0664,Ceramic,932,High,Yes,Land,1.118,Bio Bubble Wrap,0.57,20,70,Home & Decor,73.36,71.5,1,58.88
P0665,Ceramic,640,High,No,Sea,0.768,Bio Bubble Wrap,0.61,20,70,Home & Decor,81.7,69.5,0,60.89
P0666,Paper,1668,Medium,Yes,Air,1.501,Paper Wrap,0.17,95,40,Food & Beverage,64.23,91.5,1,73.89
P0667,Bioplastic,635,High,No,Land,0.445,Paper Wrap,0.15,80,40,Pharma & Health,89.39,92.5,0,77.94
P0668,Paper,1351,Low,Yes,Land,1.216,Paper Wrap,0.16,95,40,Food & Beverage,71.02,92.0,1,76.06
P0669,Bioplastic,1652,Low,No,Sea,1.156,Paper Wrap,0.19,80,40,Pharma & Health,72.45,90.5,0,72.36
P0670,Plastic,823,Medium,No,Land,1.728,Recycled Cardboard,0.39,10,65,Cosmetics,58.82,80.5,0,53.27
P0671,Plastic,877,Medium,Yes,Sea,1.842,Recycled Cardboard,0.75,10,65,Cosmetics,56.1,62.5,1,47.96
P0672,Paper,949,Low,No,Air,0.854,Paper Wrap,0.12,95,40,Food & Beverage,79.65,94.0,0,79.14
P0673,Glass,999,Low,Yes,Air,1.498,Bio Bubble Wrap,0.87,15,70,Home & Decor,64.3,56.5,1,51.16
P0674,Plastic,616,Low,Yes,Sea,1.294,Recycled Cardboard,0.51,10,65,E-Commerce,69.16,74.5,1,54.87
P0675,Bioplastic,454,Medium,Yes,Air,0.318,Paper Wrap,0.39,80,40,Pharma & Health,92.42,80.5,1,75.85
P0676,Bioplastic,911,High,Yes,Land,0.638,Paper Wrap,0.13,80,40,Pharma & Health,84.8,93.5,1,76.82
P0677,Metal,1023,High,No,Air,1.841,Recycled Cardboard,0.5,5,65,Electronics,56.12,75.0,0,49.84
P0678,Metal,1112,Low,No,Air,2.002,Recycled Cardboard,0.78,5,65,Industrial,52.29,61.0,0,45.19
P0679,Glass,860,Low,Yes,Air,1.29,Bio Bubble Wrap,1.11,15,70,Home & Decor,69.26,44.5,1,49.65
P0680,Metal,974,Medium,Yes,Sea,1.753,Paper Wrap,0.35,5,40,Industrial,58.22,82.5,1,47.34
P0681,Glass,1670,High,Yes,Land,2.505,Bio Bubble Wrap,0.68,15,70,Home & Decor,40.3,66.0,1,46.34
P0682,Bioplastic,1601,Low,No,Air,1.121,Paper Wrap,0.15,80,40,Pharma & Health,73.28,92.5,0,73.11
P0683,Bioplastic,1271,Medium,Yes,Air,0.89,Paper Wrap,0.3,80,40,Pharma & Health,78.79,85.0,1,72.89
P0684,Metal,1565,High,Yes,Sea,2.817,Bio Bubble Wrap,1.15,5,70,Electronics,32.86,42.5,1,35.73
P0685,Metal,1293,Medium,Yes,Air,2.327,Paper Wrap,0.27,5,40,Industrial,44.54,86.5,1,44.24
P0686,Metal,1038,Low,No,Land,1.868,Bio Bubble Wrap,0.9,5,70,Industrial,55.48,55.0,0,45.64
P0687,Paper,1279,Low,Yes,Land,1.151,Paper Wrap,0.18,95,40,Food & Beverage,72.57,91.0,1,76.27
P0688,Paper,1609,Medium,Yes,Air,1.448,Paper Wrap,0.33,95,40,Food & Beverage,65.49,83.5,1,72.27
P0689,Glass,1932,Low,No,Land,2.898,Bio Bubble Wrap,0.63,15,70,Home & Decor,30.93,68.5,0,44.15
P0690,Ceramic,131,Low,Yes,Land,0.157,Bio Bubble Wrap,0.73,20,70,Home & Decor,96.26,63.5,1,63.75
P0691,Ceramic,1408,Low,Yes,Land,1.69,Bio Bubble Wrap,0.8,20,70,Home & Decor,59.72,60.0,1,51.92
P0692,Glass,769,Medium,No,Sea,1.153,Bio Bubble Wrap,0.86,15,70,Home & Decor,72.52,57.0,0,53.76
P0693,Paper,1955,Medium,Yes,Land,1.76,Paper Wrap,0.17,95,40,Food & Beverage,58.06,91.5,1,72.04
P0694,Ceramic,736,Medium,Yes,Air,0.883,Bio Bubble Wrap,0.58,20,70,Home & Decor,78.96,71.0,1,60.44
P0695,Plastic,349,Medium,Yes,Sea,0.733,Recycled Cardboard,0.61,10,65,Cosmetics,82.53,69.5,1,57.63
P0696,Paper,1700,Low,Yes,Sea,1.53,Paper Wrap,0.19,95,40,Food & Beverage,63.54,90.5,1,73.44
P0697,Ceramic,1984,Medium,Yes,Land,2.381,Bio Bubble Wrap,0.91,20,70,Home & Decor,43.26,54.5,1,45.6
P0698,Plastic,539,Medium,Yes,Air,1.132,Recycled Cardboard,0.38,10,65,Cosmetics,73.02,81.0,1,57.66
P0699,Ceramic,404,High,Yes,Land,0.485,Bio Bubble Wrap,0.84,20,70,Home & Decor,88.44,58.0,1,60.03
P0700,Plastic,875,Low,Yes,Land,1.837,Recycled Cardboard,0.57,10,65,E-Commerce,56.22,71.5,1,50.24
P0701,Ceramic,1638,Medium,Yes,Air,1.966,Bio Bubble Wrap,0.54,20,70,Home & Decor,53.15,73.0,1,53.2
P0702,Glass,386,Medium,Yes,Air,0.579,Bio Bubble Wrap,0.74,15,70,Home & Decor,86.2,63.0,1,59.36
P0703,Plastic,595,High,No,Air,1.25,Recycled Cardboard,0.37,10,65,E-Commerce,70.21,81.5,0,56.94
P0704,Ceramic,931,Medium,Yes,Sea,1.117,Bio Bubble Wrap,0.54,20,70,Home & Decor,73.38,73.0,1,59.26
P0705,Plastic,421,High,Yes,Sea,0.884,Recycled Cardboard,0.79,10,65,E-Commerce,78.93,60.5,1,54.3
P0706,Plastic,1703,Medium,Yes,Land,3.576,Recycled Cardboard,0.46,10,65,Cosmetics,14.78,77.0,1,39.18
P0707,Plastic,406,Medium,Yes,Land,0.853,Recycled Cardboard,0.7,10,65,Cosmetics,79.67,65.0,1,55.65
P0708,Plastic,1103,Low,Yes,Air,2.316,Recycled Cardboard,0.43,10,65,E-Commerce,44.8,78.5,1,48.56
P0709,Paper,1418,High,Yes,Land,1.276,Paper Wrap,0.3,95,40,Food & Beverage,69.59,85.0,1,73.88
P0710,Plastic,204,Low,Yes,Sea,0.428,Recycled Cardboard,0.68,10,65,E-Commerce,89.8,66.0,1,58.94
P0711,Plastic,443,Medium,Yes,Sea,0.93,Recycled Cardboard,0.6,10,65,Cosmetics,77.84,70.0,1,56.35
P0712,Metal,743,High,No,Land,1.337,Paper Wrap,0.24,5,40,Electronics,68.14,88.0,0,51.69
P0713,Bioplastic,1607,Low,Yes,Air,1.125,Paper Wrap,0.22,80,40,Pharma & Health,73.19,89.0,1,72.21
P0714,Plastic,1272,Low,Yes,Air,2.671,Recycled Cardboard,0.47,10,65,E-Commerce,36.34,76.5,1,45.53
P0715,Ceramic,166,High,No,Land,0.199,Bio Bubble Wrap,1.15,20,70,Home & Decor,95.26,42.5,0,58.2
P0716,Bioplastic,615,Low,Yes,Sea,0.43,Paper Wrap,0.35,80,40,Pharma & Health,89.75,82.5,1,75.55
P0717,Plastic,267,Low,Yes,Sea,0.561,Recycled Cardboard,0.78,10,65,E-Commerce,86.63,61.0,1,56.74
P0718,Glass,869,Low,No,Air,1.304,Bio Bubble Wrap,0.59,15,70,Home & Decor,68.92,70.5,0,56.05
P0719,Plastic,563,Medium,Yes,Air,1.182,Recycled Cardboard,0.67,10,65,Cosmetics,71.83,66.5,1,53.67
P0720,Metal,1281,Medium,No,Land,2.306,Paper Wrap,0.38,5,40,Industrial,45.04,81.0,0,43.01
P0721,Bioplastic,2000,Medium,Yes,Land,1.4,Paper Wrap,0.15,80,40,Pharma & Health,66.63,92.5,1,71.11
P0722,Paper,495,Medium,No,Sea,0.446,Paper Wrap,0.12,95,40,Food & Beverage,89.37,94.0,0,82.06
P0723,Glass,893,Low,Yes,Land,1.339,Bio Bubble Wrap,1.02,15,70,Home & Decor,68.09,49.0,1,50.43
P0724,Glass,1272,Medium,Yes,Land,1.908,Bio Bubble Wrap,0.9,15,70,Home & Decor,54.53,55.0,1,47.86
P0725,Metal,343,Low,Yes,Air,0.617,Recycled Cardboard,0.72,5,65,Industrial,85.3,64.0,1,55.84
P0726,Bioplastic,957,Low,Yes,Land,0.67,Paper Wrap,0.14,80,40,Pharma & Health,84.03,93.0,1,76.46
P0727,Ceramic,398,Medium,Yes,Sea,0.478,Bio Bubble Wrap,1.06,20,70,Home & Decor,88.61,47.0,1,57.33
P0728,Metal,676,Medium,Yes,Air,1.217,Cornstarch Wrap,0.78,5,55,Industrial,71.0,61.0,1,48.8
P0729,Ceramic,1622,Medium,Yes,Land,1.946,Bio Bubble Wrap,0.61,20,70,Home & Decor,53.62,69.5,1,52.46
P0730,Glass,1398,Low,Yes,Land,2.097,Bio Bubble Wrap,0.61,15,70,Home & Decor,50.02,69.5,1,50.13
P0731,Ceramic,1805,High,Yes,Air,2.166,Bio Bubble Wrap,1.07,20,70,Home & Decor,48.38,46.5,1,45.14
P0732,Glass,345,Low,No,Sea,0.517,Bio Bubble Wrap,0.97,15,70,Home & Decor,87.68,51.5,0,56.93
P0733,Bioplastic,1073,Low,Yes,Land,0.751,Paper Wrap,0.26,80,40,Pharma & Health,82.1,87.0,1,74.38
P0734,Plastic,564,Medium,Yes,Air,1.184,Recycled Cardboard,0.48,10,65,Cosmetics,71.78,76.0,1,56.03
P0735,Metal,1887,High,No,Air,3.397,Paper Wrap,0.36,5,40,Electronics,19.04,82.0,0,35.46
P0736,Ceramic,160,High,No,Air,0.192,Bio Bubble Wrap,0.77,20,70,Home & Decor,95.42,61.5,0,63.0
P0737,Plastic,682,Low,Yes,Air,1.432,Recycled Cardboard,0.71,10,65,E-Commerce,65.87,64.5,1,51.39
P0738,Ceramic,1929,High,No,Air,2.315,Bio Bubble Wrap,0.81,20,70,Home & Decor,44.83,59.5,0,47.32
P0739,Bioplastic,322,Low,Yes,Air,0.225,Paper Wrap,0.21,80,40,Pharma & Health,94.64,89.5,1,78.77
P0740,Bioplastic,532,Medium,Yes,Sea,0.372,Paper Wrap,0.24,80,40,Pharma & Health,91.13,88.0,1,77.34
P0741,Ceramic,1196,Medium,No,Sea,1.435,Bio Bubble Wrap,0.71,20,70,Home & Decor,65.8,64.5,0,54.86
P0742,Bioplastic,1975,Medium,Yes,Sea,1.383,Paper Wrap,0.32,80,40,Pharma & Health,67.04,84.0,1,69.11
P0743,Bioplastic,434,High,Yes,Sea,0.304,Paper Wrap,0.25,80,40,Pharma & Health,92.76,87.5,1,77.7
P0744,Bioplastic,1106,Low,Yes,Air,0.774,Paper Wrap,0.17,80,40,Pharma & Health,81.55,91.5,1,75.34
P0745,Bioplastic,1048,Low,No,Land,0.734,Paper Wrap,0.37,80,40,Pharma & Health,82.51,81.5,0,73.13
P0746,Paper,1694,Medium,Yes,Sea,1.525,Paper Wrap,0.22,95,40,Food & Beverage,63.66,89.0,1,73.1
P0747,Metal,471,High,Yes,Air,0.848,Minimalist Pouch,0.42,5,50,Electronics,79.79,79.0,1,54.94
P0748,Glass,1248,Medium,Yes,Sea,1.872,Bio Bubble Wrap,1.13,15,70,Home & Decor,55.39,43.5,1,45.24
P0749,Plastic,834,Medium,Yes,Land,1.751,Recycled Cardboard,0.61,10,65,Cosmetics,58.27,69.5,1,50.36
P0750,Paper,338,Medium,No,Air,0.304,Paper Wrap,0.14,95,40,Food & Beverage,92.76,93.0,0,82.83
P0751,Metal,1341,High,Yes,Sea,2.414,Recycled Cardboard,0.77,5,65,Electronics,42.47,61.5,1,42.37
P0752,Glass,488,Medium,Yes,Land,0.732,Bio Bubble Wrap,0.94,15,70,Home & Decor,82.55,53.0,1,55.76
P0753,Metal,1002,High,No,Sea,1.804,Paper Wrap,0.2,5,40,Electronics,57.01,90.0,0,48.85
P0754,Glass,1678,Low,No,Air,2.517,Bio Bubble Wrap,0.6,15,70,Home & Decor,40.01,70.0,0,47.25
P0755,Bioplastic,143,Medium,No,Land,0.1,Paper Wrap,0.34,80,40,Pharma & Health,97.62,83.0,0,78.04
P0756,Paper,774,Low,Yes,Land,0.697,Paper Wrap,0.29,95,40,Food & Beverage,83.39,85.5,1,78.14
P0757,Metal,519,Low,Yes,Land,0.934,Mushroom Foam,1.44,5,75,Industrial,77.74,28.0,1,46.57
P0758,Bioplastic,1444,High,Yes,Land,1.011,Paper Wrap,0.37,80,40,Pharma & Health,75.91,81.5,1,71.15
P0759,Bioplastic,795,Medium,Yes,Air,0.556,Paper Wrap,0.34,80,40,Pharma & Health,86.75,83.0,1,74.78
P0760,Paper,135,Low,Yes,Sea,0.121,Paper Wrap,0.15,95,40,Food & Beverage,97.12,92.5,1,84.01
P0761,Ceramic,1557,Medium,Yes,Sea,1.868,Bio Bubble Wrap,0.72,20,70,Home & Decor,55.48,64.0,1,51.64
P0762,Plastic,1984,Low,Yes,Sea,4.166,Recycled Cardboard,0.42,10,65,E-Commerce,0.71,79.0,1,35.46
P0763,Metal,1845,Medium,Yes,Land,3.321,Cornstarch Wrap,1.27,5,55,Industrial,20.85,36.5,1,27.63
P0764,Ceramic,331,Low,Yes,Land,0.397,Bio Bubble Wrap,0.52,20,70,Home & Decor,90.54,74.0,1,64.66
P0765,Metal,1101,Medium,Yes,Land,1.982,Recycled Cardboard,0.58,5,65,Industrial,52.76,71.0,1,47.83
P0766,Ceramic,808,Low,Yes,Land,0.97,Bio Bubble Wrap,1.03,20,70,Home & Decor,76.88,48.5,1,54.19
P0767,Glass,713,Medium,Yes,Land,1.069,Bio Bubble Wrap,1.11,15,70,Home & Decor,74.52,44.5,1,51.23
P0768,Ceramic,1104,Medium,No,Sea,1.325,Bio Bubble Wrap,0.74,20,70,Home & Decor,68.42,63.0,0,55.28
P0769,Bioplastic,144,Low,Yes,Sea,0.101,Paper Wrap,0.35,80,40,Pharma & Health,97.59,82.5,1,77.9
P0770,Glass,1247,Medium,Yes,Land,1.871,Bio Bubble Wrap,0.58,15,70,Home & Decor,55.41,71.0,1,52.12
P0771,Paper,762,Low,Yes,Sea,0.686,Paper Wrap,0.35,95,40,Food & Beverage,83.65,82.5,1,77.47
P0772,Plastic,582,High,Yes,Land,1.222,Recycled Cardboard,0.36,10,65,E-Commerce,70.88,82.0,1,57.26
P0773,Plastic,1380,Low,Yes,Sea,2.898,Recycled Cardboard,0.5,10,65,E-Commerce,30.93,75.0,1,43.53
P0774,Ceramic,1700,Medium,Yes,Air,2.04,Bio Bubble Wrap,1.06,20,70,Home & Decor,51.38,47.0,1,46.16
P0775,Glass,1906,Medium,No,Sea,2.859,Bio Bubble Wrap,0.6,15,70,Home & Decor,31.86,70.0,0,44.81
P0776,Paper,1475,Low,Yes,Air,1.327,Paper Wrap,0.17,95,40,Food & Beverage,68.37,91.5,1,75.14
P0777,Bioplastic,924,Low,Yes,Sea,0.647,Paper Wrap,0.32,80,40,Pharma & Health,84.58,84.0,1,74.37
P0778,Metal,1926,High,Yes,Land,3.467,Cornstarch Wrap,1.25,5,55,Electronics,17.37,37.5,1,26.84
P0779,Metal,1820,Medium,Yes,Air,3.276,Recycled Cardboard,0.62,5,65,Industrial,21.93,69.0,1,38.08
P0780,Metal,333,High,No,Sea,0.599,Cornstarch Wrap,1.22,5,55,Electronics,85.72,39.0,0,47.72
P0781,Bioplastic,1115,Low,No,Sea,0.78,Paper Wrap,0.26,80,40,Pharma & Health,81.41,87.0,0,74.17
P0782,Ceramic,1635,Medium,No,Air,1.962,Bio Bubble Wrap,0.68,20,70,Home & Decor,53.24,66.0,0,51.47
P0783,Plastic,1161,Medium,Yes,Land,2.438,Recycled Cardboard,0.47,10,65,Cosmetics,41.9,76.5,1,47.2
P0784,Glass,666,Medium,Yes,Land,0.999,Bio Bubble Wrap,0.63,15,70,Home & Decor,76.19,68.5,1,57.73
P0785,Metal,1307,Low,Yes,Air,2.353,Recycled Cardboard,0.75,5,65,Industrial,43.92,62.5,1,43.05
P0786,Paper,584,High,Yes,Air,0.526,Paper Wrap,0.28,95,40,Food & Beverage,87.46,86.0,1,79.49
P0787,Glass,455,Low,Yes,Air,0.682,Bio Bubble Wrap,0.78,15,70,Home & Decor,83.75,61.0,1,58.12
P0788,Glass,1542,Medium,Yes,Air,2.313,Bio Bubble Wrap,0.82,15,70,Home & Decor,44.88,59.0,1,45.96
P0789,Bioplastic,303,Medium,Yes,Sea,0.212,Paper Wrap,0.38,80,40,Pharma & Health,94.95,81.0,1,76.74
P0790,Plastic,1934,Medium,Yes,Air,4.061,Recycled Cardboard,0.38,10,65,Cosmetics,3.22,81.0,1,36.72
P0791,Bioplastic,636,High,Yes,Air,0.445,Paper Wrap,0.28,80,40,Pharma & Health,89.39,86.0,1,76.32
P0792,Paper,574,Medium,Yes,Land,0.517,Paper Wrap,0.25,95,40,Food & Beverage,87.68,87.5,1,79.93
P0793,Plastic,1156,Low,Yes,Sea,2.428,Recycled Cardboard,0.61,10,65,E-Commerce,42.14,69.5,1,45.52
P0794,Bioplastic,1120,High,Yes,Land,0.784,Paper Wrap,0.11,80,40,Pharma & Health,81.32,94.5,1,76.02
P0795,Paper,1181,Low,Yes,Sea,1.063,Paper Wrap,0.36,95,40,Food & Beverage,74.67,82.0,1,74.65
P0796,Paper,417,Low,Yes,Air,0.375,Paper Wrap,0.38,95,40,Food & Beverage,91.06,81.0,1,79.32
P0797,Plastic,1277,Medium,Yes,Air,2.682,Recycled Cardboard,0.58,10,65,Cosmetics,36.08,71.0,1,44.07
P0798,Ceramic,975,Low,Yes,Sea,1.17,Bio Bubble Wrap,0.99,20,70,Home & Decor,72.12,50.5,1,53.26
P0799,Paper,1842,Medium,Yes,Land,1.658,Paper Wrap,0.38,95,40,Food & Beverage,60.49,81.0,1,70.15
P0800,Glass,798,Medium,No,Sea,1.197,Bio Bubble Wrap,1.0,15,70,Home & Decor,71.47,50.0,0,51.69
P0801,Paper,1476,Medium,Yes,Land,1.328,Paper Wrap,0.15,95,40,Food & Beverage,68.35,92.5,1,75.38
P0802,Bioplastic,537,High,No,Sea,0.376,Paper Wrap,0.27,80,40,Pharma & Health,91.04,86.5,0,76.94
P0803,Paper,359,Medium,Yes,Air,0.323,Paper Wrap,0.28,95,40,Food & Beverage,92.3,86.0,1,80.94
P0804,Plastic,1753,Medium,Yes,Land,3.681,Recycled Cardboard,0.51,10,65,Cosmetics,12.27,74.5,1,37.81
P0805,Plastic,936,Low,Yes,Land,1.966,Recycled Cardboard,0.67,10,65,E-Commerce,53.15,66.5,1,48.07
P0806,Glass,1260,Low,Yes,Land,1.89,Bio Bubble Wrap,1.15,15,70,Home & Decor,54.96,42.5,1,44.86
P0807,Paper,1739,High,No,Air,1.565,Paper Wrap,0.38,95,40,Food & Beverage,62.7,81.0,0,70.81
P0808,Bioplastic,1732,High,Yes,Sea,1.212,Paper Wrap,0.24,80,40,Pharma & Health,71.12,88.0,1,71.34
P0809,Bioplastic,265,High,Yes,Land,0.185,Paper Wrap,0.13,80,40,Pharma & Health,95.59,93.5,1,80.05
P0810,Metal,1738,Medium,Yes,Sea,3.128,Minimalist Pouch,0.59,5,50,Industrial,25.45,70.5,1,36.51
P0811,Paper,1716,Medium,Yes,Sea,1.544,Paper Wrap,0.35,95,40,Food & Beverage,63.2,82.5,1,71.34
P0812,Bioplastic,1946,Medium,Yes,Land,1.362,Paper Wrap,0.14,80,40,Pharma & Health,67.54,93.0,1,71.51
P0813,Paper,1892,Medium,Yes,Air,1.703,Paper Wrap,0.38,95,40,Food & Beverage,59.41,81.0,1,69.82
P0814,Paper,1410,Medium,Yes,Air,1.269,Paper Wrap,0.36,95,40,Food & Beverage,69.76,82.0,1,73.18
P0815,Glass,1926,Medium,Yes,Land,2.889,Bio Bubble Wrap,0.86,15,70,Home & Decor,31.15,57.0,1,41.34
P0816,Metal,1390,Medium,Yes,Air,2.502,Mushroom Foam,1.51,5,75,Industrial,40.37,24.5,1,34.49
P0817,Metal,1689,High,Yes,Air,3.04,Paper Wrap,0.22,5,40,Electronics,27.55,89.0,1,39.76
P0818,Metal,1045,High,Yes,Air,1.881,Cornstarch Wrap,0.65,5,55,Electronics,55.17,67.5,1,45.68
P0819,Plastic,917,Medium,No,Land,1.926,Recycled Cardboard,0.47,10,65,Cosmetics,54.1,76.5,0,50.86
P0820,Glass,1266,Low,Yes,Sea,1.899,Bio Bubble Wrap,1.06,15,70,Home & Decor,54.74,47.0,1,45.92
P0821,Metal,555,Low,No,Sea,0.999,Minimalist Pouch,0.2,5,50,Industrial,76.19,90.0,0,56.61
P0822,Plastic,1206,Low,Yes,Land,2.533,Recycled Cardboard,0.47,10,65,E-Commerce,39.63,76.5,1,46.51
P0823,Plastic,987,Low,Yes,Air,2.073,Recycled Cardboard,0.5,10,65,E-Commerce,50.6,75.0,1,49.43
P0824,Metal,1310,Medium,Yes,Air,2.358,Bio Bubble Wrap,0.88,5,70,Industrial,43.8,56.0,1,42.39
P0825,Metal,1419,High,Yes,Sea,2.554,Recycled Cardboard,0.76,5,65,Electronics,39.13,62.0,1,41.49
P0826,Metal,1890,High,Yes,Land,3.402,Paper Wrap,0.2,5,40,Electronics,18.92,90.0,1,37.43
P0827,Paper,1158,Low,Yes,Land,1.042,Paper Wrap,0.2,95,40,Food & Beverage,75.17,90.0,1,76.8
P0828,Bioplastic,293,High,No,Air,0.205,Paper Wrap,0.32,80,40,Pharma & Health,95.11,84.0,0,77.53
P0829,Ceramic,363,Low,Yes,Air,0.436,Bio Bubble Wrap,0.82,20,70,Home & Decor,89.61,59.0,1,60.63
P0830,Paper,1557,Low,Yes,Sea,1.401,Paper Wrap,0.17,95,40,Food & Beverage,66.61,91.5,1,74.61
P0831,Paper,1335,Low,Yes,Land,1.202,Paper Wrap,0.24,95,40,Food & Beverage,71.35,88.0,1,75.16
P0832,Ceramic,1344,Low,Yes,Land,1.613,Bio Bubble Wrap,0.6,20,70,Home & Decor,61.56,70.0,1,54.97
P0833,Glass,965,High,Yes,Air,1.448,Bio Bubble Wrap,0.62,15,70,Home & Decor,65.49,69.0,1,54.65
P0834,Ceramic,1862,Medium,Yes,Land,2.234,Bio Bubble Wrap,0.85,20,70,Home & Decor,46.76,57.5,1,47.4
P0835,Metal,483,Medium,Yes,Air,0.869,Recycled Cardboard,0.51,5,65,Industrial,79.29,74.5,1,56.66
P0836,Bioplastic,1564,High,Yes,Land,1.095,Paper Wrap,0.37,80,40,Pharma & Health,73.9,81.5,1,70.54
P0837,Bioplastic,1779,High,Yes,Sea,1.245,Paper Wrap,0.21,80,40,Pharma & Health,70.33,89.5,1,71.47
P0838,Glass,1286,Low,Yes,Air,1.929,Bio Bubble Wrap,0.91,15,70,Home & Decor,54.03,54.5,1,47.58
P0839,Paper,1228,Low,No,Land,1.105,Paper Wrap,0.29,95,40,Food & Beverage,73.67,85.5,0,75.23
P0840,Bioplastic,453,Low,Yes,Air,0.317,Paper Wrap,0.1,80,40,Pharma & Health,92.45,95.0,1,79.48
P0841,Metal,822,Low,No,Sea,1.48,Bio Bubble Wrap,0.96,5,70,Industrial,64.73,52.0,0,47.67
P0842,Metal,1706,Low,Yes,Sea,3.071,Cornstarch Wrap,0.76,5,55,Industrial,26.81,62.0,1,35.79
P0843,Paper,1366,Low,Yes,Air,1.229,Paper Wrap,0.39,95,40,Food & Beverage,70.71,80.5,1,73.09
P0844,Glass,1649,Medium,Yes,Air,2.474,Bio Bubble Wrap,0.6,15,70,Home & Decor,41.04,70.0,1,47.56
P0845,Ceramic,1597,Medium,Yes,Land,1.916,Bio Bubble Wrap,0.79,20,70,Home & Decor,54.34,60.5,1,50.43
P0846,Paper,1862,High,Yes,Sea,1.676,Paper Wrap,0.13,95,40,Food & Beverage,60.06,93.5,1,73.14
P0847,Paper,149,Low,Yes,Air,0.134,Paper Wrap,0.4,95,40,Food & Beverage,96.81,80.0,1,80.79
P0848,Ceramic,566,Medium,Yes,Sea,0.679,Bio Bubble Wrap,0.85,20,70,Home & Decor,83.82,57.5,1,58.52
P0849,Plastic,251,Medium,Yes,Sea,0.527,Recycled Cardboard,0.6,10,65,Cosmetics,87.44,70.0,1,59.23
P0850,Paper,855,Low,Yes,Air,0.769,Paper Wrap,0.12,95,40,Food & Beverage,81.67,94.0,1,79.75
P0851,Ceramic,1007,Medium,Yes,Land,1.208,Bio Bubble Wrap,1.02,20,70,Home & Decor,71.21,49.0,1,52.61
P0852,Glass,1026,Low,No,Sea,1.539,Bio Bubble Wrap,0.65,15,70,Home & Decor,63.32,67.5,0,53.62
P0853,Metal,1993,Medium,Yes,Sea,3.587,Recycled Cardboard,0.75,5,65,Industrial,14.51,62.5,1,34.23
P0854,Glass,1844,Medium,Yes,Sea,2.766,Bio Bubble Wrap,0.64,15,70,Home & Decor,34.08,68.0,1,44.97
P0855,Ceramic,1496,Medium,Yes,Sea,1.795,Bio Bubble Wrap,0.63,20,70,Home & Decor,57.22,68.5,1,53.29
P0856,Metal,1844,Medium,No,Air,3.319,Paper Wrap,0.11,5,40,Industrial,20.9,94.5,0,39.14
P0857,Plastic,768,Medium,Yes,Sea,1.613,Recycled Cardboard,0.54,10,65,Cosmetics,61.56,73.0,1,52.22
P0858,Bioplastic,1901,Low,Yes,Land,1.331,Paper Wrap,0.27,80,40,Pharma & Health,68.28,86.5,1,70.11
P0859,Bioplastic,1983,Medium,Yes,Land,1.388,Paper Wrap,0.12,80,40,Pharma & Health,66.92,94.0,1,71.58
P0860,Glass,144,Low,No,Sea,0.216,Bio Bubble Wrap,1.04,15,70,Home & Decor,94.85,48.0,0,58.2
P0861,Ceramic,1636,Medium,No,Land,1.963,Bio Bubble Wrap,0.82,20,70,Home & Decor,53.22,59.0,0,49.72
P0862,Paper,1163,Low,Yes,Land,1.047,Paper Wrap,0.26,95,40,Food & Beverage,75.05,87.0,1,76.02
P0863,Ceramic,1344,Low,Yes,Air,1.613,Bio Bubble Wrap,0.81,20,70,Home & Decor,61.56,59.5,1,52.34
P0864,Ceramic,238,Low,Yes,Air,0.286,Bio Bubble Wrap,0.78,20,70,Home & Decor,93.18,61.0,1,62.2
P0865,Plastic,1547,High,Yes,Sea,3.249,Recycled Cardboard,0.58,10,65,E-Commerce,22.57,71.0,1,40.02
P0866,Paper,384,High,Yes,Air,0.346,Paper Wrap,0.15,95,40,Food & Beverage,91.75,92.5,1,82.4
P0867,Metal,868,Medium,Yes,Air,1.562,Paper Wrap,0.15,5,40,Industrial,62.77,92.5,1,51.21
P0868,Paper,1875,Low,Yes,Sea,1.688,Paper Wrap,0.36,95,40,Food & Beverage,59.77,82.0,1,70.18
P0869,Bioplastic,1869,Low,Yes,Land,1.308,Paper Wrap,0.38,80,40,Pharma & Health,68.83,81.0,1,68.9
P0870,Glass,1426,Medium,No,Air,2.139,Bio Bubble Wrap,0.76,15,70,Home & Decor,49.02,62.0,0,47.96
P0871,Bioplastic,1418,Low,Yes,Air,0.993,Paper Wrap,0.18,80,40,Pharma & Health,76.33,91.0,1,73.65
P0872,Plastic,884,Low,No,Sea,1.856,Recycled Cardboard,0.62,10,65,E-Commerce,55.77,69.0,0,49.48
P0873,Paper,1944,Low,No,Sea,1.75,Paper Wrap,0.22,95,40,Food & Beverage,58.29,89.0,0,71.49
P0874,Ceramic,1280,Medium,No,Land,1.536,Bio Bubble Wrap,0.52,20,70,Home & Decor,63.39,74.0,0,56.52
P0875,Glass,601,Low,No,Sea,0.901,Bio Bubble Wrap,0.61,15,70,Home & Decor,78.53,69.5,0,58.68
P0876,Glass,1237,Medium,Yes,Sea,1.855,Bio Bubble Wrap,1.0,15,70,Home & Decor,55.79,50.0,1,46.99
P0877,Paper,1434,High,Yes,Land,1.291,Paper Wrap,0.3,95,40,Food & Beverage,69.23,85.0,1,73.77
P0878,Bioplastic,1258,Low,Yes,Sea,0.881,Paper Wrap,0.11,80,40,Pharma & Health,79.0,94.5,1,75.32
P0879,Plastic,259,Low,No,Land,0.544,Recycled Cardboard,0.41,10,65,E-Commerce,87.04,79.5,0,61.49
P0880,Glass,802,High,Yes,Land,1.203,Bio Bubble Wrap,0.66,15,70,Home & Decor,71.33,67.0,1,55.9
P0881,Plastic,1885,Medium,Yes,Land,3.958,Recycled Cardboard,0.64,10,65,Cosmetics,5.67,68.0,1,34.2
P0882,Paper,777,Medium,Yes,Sea,0.699,Paper Wrap,0.11,95,40,Food & Beverage,83.34,94.5,1,80.38
P0883,Bioplastic,592,High,Yes,Land,0.414,Paper Wrap,0.13,80,40,Pharma & Health,90.13,93.5,1,78.41
P0884,Ceramic,174,Low,Yes,Sea,0.209,Bio Bubble Wrap,1.06,20,70,Home & Decor,95.02,47.0,1,59.26
P0885,Plastic,538,Low,Yes,Sea,1.13,Recycled Cardboard,0.39,10,65,E-Commerce,73.07,80.5,1,57.55
P0886,Bioplastic,667,Low,Yes,Land,0.467,Paper Wrap,0.3,80,40,Pharma & Health,88.87,85.0,1,75.91
P0887,Glass,612,Medium,Yes,Land,0.918,Bio Bubble Wrap,0.67,15,70,Home & Decor,78.12,66.5,1,57.81
P0888,Metal,1072,Low,Yes,Air,1.93,Minimalist Pouch,0.24,5,50,Industrial,54.0,88.0,1,49.45
P0889,Bioplastic,233,Low,No,Air,0.163,Paper Wrap,0.17,80,40,Pharma & Health,96.12,91.5,0,79.71
P0890,Plastic,1634,Medium,Yes,Air,3.431,Recycled Cardboard,0.66,10,65,Cosmetics,18.23,67.0,1,37.72
P0891,Bioplastic,1982,Low,Yes,Sea,1.387,Paper Wrap,0.36,80,40,Pharma & Health,66.94,82.0,1,68.58
P0892,Paper,423,Low,No,Land,0.381,Paper Wrap,0.35,95,40,Food & Beverage,90.92,82.5,0,79.65
P0893,Paper,470,Low,Yes,Air,0.423,Paper Wrap,0.22,95,40,Food & Beverage,89.92,89.0,1,80.98
P0894,Metal,1936,Medium,No,Land,3.485,Bio Bubble Wrap,0.97,5,70,Industrial,16.94,51.5,0,33.21
P0895,Plastic,1640,Medium,No,Sea,3.444,Recycled Cardboard,0.4,10,65,Cosmetics,17.92,80.0,0,40.88
P0896,Paper,1584,Low,Yes,Sea,1.426,Paper Wrap,0.19,95,40,Food & Beverage,66.02,90.5,1,74.18
P0897,Metal,742,Low,Yes,Land,1.336,Mushroom Foam,1.88,5,75,Industrial,68.16,6.0,1,38.2
P0898,Ceramic,1992,Medium,Yes,Air,2.39,Bio Bubble Wrap,0.51,20,70,Home & Decor,43.04,74.5,1,50.54
P0899,Metal,1434,Medium,Yes,Land,2.581,Cornstarch Wrap,0.68,5,55,Industrial,38.49,66.0,1,40.3
P0900,Paper,1005,Medium,Yes,Land,0.904,Paper Wrap,0.16,95,40,Food & Beverage,78.46,92.0,1,78.29
P0901,Bioplastic,391,Medium,No,Sea,0.274,Paper Wrap,0.11,80,40,Pharma & Health,93.47,94.5,0,79.67
P0902,Metal,711,Low,Yes,Air,1.28,Paper Wrap,0.15,5,40,Industrial,69.49,92.5,1,53.22
P0903,Metal,1172,Medium,Yes,Land,2.11,Mushroom Foam,1.5,5,75,Industrial,49.71,25.0,1,37.41
P0904,Ceramic,1295,Medium,Yes,Land,1.554,Bio Bubble Wrap,0.79,20,70,Home & Decor,62.96,60.5,1,53.01
P0905,Glass,1307,Medium,Yes,Land,1.96,Bio Bubble Wrap,1.12,15,70,Home & Decor,53.29,44.0,1,44.74
P0906,Bioplastic,508,High,Yes,Air,0.356,Paper Wrap,0.35,80,40,Pharma & Health,91.52,82.5,1,76.08
P0907,Paper,788,Medium,Yes,Air,0.709,Paper Wrap,0.2,95,40,Food & Beverage,83.1,90.0,1,79.18
P0908,Plastic,1603,Medium,No,Sea,3.366,Recycled Cardboard,0.43,10,65,Cosmetics,19.78,78.5,0,41.06
P0909,Glass,1522,High,No,Sea,2.283,Bio Bubble Wrap,0.77,15,70,Home & Decor,45.59,61.5,0,46.8
P0910,Plastic,1877,Medium,Yes,Sea,3.942,Recycled Cardboard,0.6,10,65,Cosmetics,6.05,70.0,1,34.82
P0911,Plastic,1116,Low,Yes,Sea,2.344,Recycled Cardboard,0.43,10,65,E-Commerce,44.14,78.5,1,48.37
P0912,Ceramic,1572,Low,Yes,Sea,1.886,Bio Bubble Wrap,0.94,20,70,Home & Decor,55.05,53.0,1,48.76
P0913,Paper,1154,Medium,Yes,Sea,1.039,Paper Wrap,0.22,95,40,Food & Beverage,75.24,89.0,1,76.57
P0914,Ceramic,541,Medium,Yes,Air,0.649,Bio Bubble Wrap,0.89,20,70,Home & Decor,84.53,55.5,1,58.23
P0915,Glass,1273,Medium,Yes,Land,1.909,Bio Bubble Wrap,0.81,15,70,Home & Decor,54.5,59.5,1,48.97
P0916,Glass,450,Medium,No,Land,0.675,Bio Bubble Wrap,0.71,15,70,Home & Decor,83.91,64.5,0,59.05
P0917,Ceramic,465,Low,No,Land,0.558,Bio Bubble Wrap,1.16,20,70,Home & Decor,86.7,42.0,0,55.51
P0918,Plastic,1067,Low,Yes,Sea,2.241,Recycled Cardboard,0.68,10,65,E-Commerce,46.59,66.0,1,45.98
P0919,Plastic,1407,Low,Yes,Sea,2.955,Recycled Cardboard,0.37,10,65,E-Commerce,29.58,81.5,1,44.75
P0920,Ceramic,1687,Low,Yes,Sea,2.024,Bio Bubble Wrap,1.11,20,70,Home & Decor,51.76,44.5,1,45.65
P0921,Glass,935,Low,No,Sea,1.403,Bio Bubble Wrap,0.84,15,70,Home & Decor,66.56,58.0,0,52.22
P0922,Bioplastic,1277,Medium,Yes,Air,0.894,Paper Wrap,0.37,80,40,Pharma & Health,78.69,81.5,1,71.98
P0923,Plastic,1388,Low,Yes,Sea,2.915,Recycled Cardboard,0.7,10,65,E-Commerce,30.53,65.0,1,40.91
P0924,Paper,580,Medium,Yes,Sea,0.522,Paper Wrap,0.23,95,40,Food & Beverage,87.56,88.5,1,80.14
P0925,Bioplastic,1070,Medium,Yes,Sea,0.749,Paper Wrap,0.11,80,40,Pharma & Health,82.15,94.5,1,76.27
P0926,Bioplastic,598,Medium,Yes,Land,0.419,Paper Wrap,0.18,80,40,Pharma & Health,90.01,91.0,1,77.75
P0927,Glass,771,Medium,Yes,Sea,1.157,Bio Bubble Wrap,0.88,15,70,Home & Decor,72.43,56.0,1,53.48
P0928,Paper,1984,Low,No,Land,1.786,Paper Wrap,0.29,95,40,Food & Beverage,57.44,85.5,0,70.36
P0929,Metal,830,Low,Yes,Sea,1.494,Paper Wrap,0.18,5,40,Industrial,64.39,91.0,1,51.32
P0930,Glass,1100,Medium,No,Land,1.65,Bio Bubble Wrap,0.6,15,70,Home & Decor,60.68,70.0,0,53.45
P0931,Metal,564,High,Yes,Sea,1.015,Bio Bubble Wrap,1.08,5,70,Electronics,75.81,46.0,1,49.49
P0932,Paper,1229,High,Yes,Air,1.106,Paper Wrap,0.4,95,40,Food & Beverage,73.64,80.0,1,73.84
P0933,Ceramic,336,Low,Yes,Land,0.403,Bio Bubble Wrap,0.87,20,70,Home & Decor,90.4,56.5,1,60.24
P0934,Glass,1008,Medium,Yes,Sea,1.512,Bio Bubble Wrap,0.62,15,70,Home & Decor,63.97,69.0,1,54.19
P0935,Bioplastic,1180,Medium,Yes,Sea,0.826,Paper Wrap,0.18,80,40,Pharma & Health,80.31,91.0,1,74.84
P0936,Metal,1900,Medium,Yes,Sea,3.42,Bio Bubble Wrap,0.51,5,70,Industrial,18.49,74.5,1,39.42
P0937,Plastic,420,Low,Yes,Land,0.882,Recycled Cardboard,0.76,10,65,E-Commerce,78.98,62.0,1,54.69
P0938,Ceramic,782,High,Yes,Air,0.938,Bio Bubble Wrap,0.58,20,70,Home & Decor,77.65,71.0,1,60.04
P0939,Plastic,1677,Low,Yes,Sea,3.522,Recycled Cardboard,0.59,10,65,E-Commerce,16.06,70.5,1,37.94
P0940,Glass,1616,Medium,Yes,Sea,2.424,Bio Bubble Wrap,0.69,15,70,Home & Decor,42.23,65.5,1,46.79
P0941,Bioplastic,417,High,Yes,Land,0.292,Paper Wrap,0.27,80,40,Pharma & Health,93.04,86.5,1,77.54
P0942,Bioplastic,417,Medium,Yes,Sea,0.292,Paper Wrap,0.3,80,40,Pharma & Health,93.04,85.0,1,77.16
P0943,Bioplastic,550,Low,Yes,Sea,0.385,Paper Wrap,0.35,80,40,Pharma & Health,90.82,82.5,1,75.87
P0944,Plastic,1023,Medium,No,Air,2.148,Recycled Cardboard,0.4,10,65,Cosmetics,48.81,80.0,0,50.14
P0945,Plastic,1875,Low,No,Sea,3.938,Recycled Cardboard,0.31,10,65,E-Commerce,6.15,84.5,0,38.47
P0946,Bioplastic,559,Medium,Yes,Sea,0.391,Paper Wrap,0.14,80,40,Pharma & Health,90.68,93.0,1,78.45
P0947,Ceramic,442,Medium,Yes,Air,0.53,Bio Bubble Wrap,1.13,20,70,Home & Decor,87.37,43.5,1,56.09
P0948,Ceramic,1774,Medium,Yes,Land,2.129,Bio Bubble Wrap,1.11,20,70,Home & Decor,49.26,44.5,1,44.9
P0949,Paper,1201,High,Yes,Air,1.081,Paper Wrap,0.28,95,40,Food & Beverage,74.24,86.0,1,75.52
P0950,Glass,352,Medium,Yes,Air,0.528,Bio Bubble Wrap,0.92,15,70,Home & Decor,87.42,54.0,1,57.48
P0951,Paper,127,Low,Yes,Sea,0.114,Paper Wrap,0.3,95,40,Food & Beverage,97.28,85.0,1,82.18
P0952,Ceramic,1595,Low,Yes,Air,1.914,Bio Bubble Wrap,0.62,20,70,Home & Decor,54.39,69.0,1,52.57
P0953,Glass,950,Medium,Yes,Land,1.425,Bio Bubble Wrap,1.14,15,70,Home & Decor,66.04,43.0,1,48.31
P0954,Plastic,1099,Low,Yes,Land,2.308,Recycled Cardboard,0.51,10,65,E-Commerce,45.0,74.5,1,47.62
P0955,Paper,165,Low,Yes,Land,0.148,Paper Wrap,0.21,95,40,Food & Beverage,96.47,89.5,1,83.07
P0956,Ceramic,862,Low,Yes,Sea,1.034,Bio Bubble Wrap,0.86,20,70,Home & Decor,75.36,57.0,1,55.86
P0957,Ceramic,1741,Medium,No,Land,2.089,Bio Bubble Wrap,0.53,20,70,Home & Decor,50.21,73.5,0,52.44
P0958,Ceramic,1823,Medium,Yes,Sea,2.188,Bio Bubble Wrap,0.62,20,70,Home & Decor,47.86,69.0,1,50.61
P0959,Ceramic,1965,Low,Yes,Air,2.358,Bio Bubble Wrap,1.02,20,70,Home & Decor,43.8,49.0,1,44.39
P0960,Paper,434,High,Yes,Land,0.391,Paper Wrap,0.12,95,40,Food & Beverage,90.68,94.0,1,82.45
P0961,Bioplastic,792,Low,Yes,Air,0.554,Paper Wrap,0.28,80,40,Pharma & Health,86.8,86.0,1,75.54
P0962,Plastic,1468,High,Yes,Air,3.083,Recycled Cardboard,0.42,10,65,E-Commerce,26.53,79.0,1,43.21
P0963,Ceramic,148,Medium,Yes,Land,0.178,Bio Bubble Wrap,0.77,20,70,Home & Decor,95.76,61.5,1,63.1
P0964,Metal,605,Medium,No,Land,1.089,Recycled Cardboard,0.44,5,65,Industrial,74.05,78.0,0,55.96
P0965,Glass,253,Low,Yes,Air,0.38,Bio Bubble Wrap,0.75,15,70,Home & Decor,90.94,62.5,1,60.66
P0966,Bioplastic,412,Low,No,Air,0.288,Paper Wrap,0.32,80,40,Pharma & Health,93.14,84.0,0,76.94
P0967,Paper,1153,Medium,Yes,Sea,1.038,Paper Wrap,0.19,95,40,Food & Beverage,75.26,90.5,1,76.95
P0968,Paper,129,Medium,Yes,Air,0.116,Paper Wrap,0.27,95,40,Food & Beverage,97.24,86.5,1,82.55
P0969,Bioplastic,888,Low,Yes,Sea,0.622,Paper Wrap,0.24,80,40,Pharma & Health,85.18,88.0,1,75.55
P0970,Paper,1673,Low,Yes,Land,1.506,Paper Wrap,0.3,95,40,Food & Beverage,64.11,85.0,1,72.23
P0971,Glass,444,Medium,Yes,Sea,0.666,Bio Bubble Wrap,1.16,15,70,Home & Decor,84.13,42.0,1,53.49
P0972,Paper,1559,Low,Yes,Air,1.403,Paper Wrap,0.32,95,40,Food & Beverage,66.56,84.0,1,72.72
P0973,Glass,816,Low,No,Sea,1.224,Bio Bubble Wrap,0.65,15,70,Home & Decor,70.83,67.5,0,55.87
P0974,Ceramic,265,Medium,Yes,Land,0.318,Bio Bubble Wrap,0.52,20,70,Home & Decor,92.42,74.0,1,65.23
P0975,Paper,903,High,Yes,Sea,0.813,Paper Wrap,0.18,95,40,Food & Beverage,80.62,91.0,1,78.69
P0976,Plastic,1914,High,No,Air,4.019,Recycled Cardboard,0.6,10,65,E-Commerce,4.22,70.0,0,34.27
P0977,Ceramic,1115,Medium,Yes,Air,1.338,Bio Bubble Wrap,0.54,20,70,Home & Decor,68.11,73.0,1,57.68
P0978,Ceramic,787,High,Yes,Land,0.944,Bio Bubble Wrap,0.85,20,70,Home & Decor,77.5,57.5,1,56.62
P0979,Paper,1724,High,No,Land,1.552,Paper Wrap,0.28,95,40,Food & Beverage,63.01,86.0,0,72.15
P0980,Ceramic,747,Low,No,Sea,0.896,Bio Bubble Wrap,0.73,20,70,Home & Decor,78.65,63.5,0,58.47
P0981,Paper,969,Medium,Yes,Land,0.872,Paper Wrap,0.33,95,40,Food & Beverage,79.22,83.5,1,76.39
P0982,Glass,929,Low,No,Air,1.393,Bio Bubble Wrap,0.57,15,70,Home & Decor,66.8,71.5,0,55.66
P0983,Bioplastic,846,High,Yes,Land,0.592,Paper Wrap,0.12,80,40,Pharma & Health,85.89,94.0,1,77.27
P0984,Ceramic,1358,High,No,Air,1.63,Bio Bubble Wrap,1.01,20,70,Home & Decor,61.15,49.5,0,49.72
P0985,Metal,440,Medium,Yes,Air,0.792,Recycled Cardboard,0.55,5,65,Industrial,81.12,72.5,1,56.71
P0986,Ceramic,1818,Medium,No,Air,2.182,Bio Bubble Wrap,0.98,20,70,Home & Decor,48.0,51.0,0,46.15
P0987,Metal,531,High,Yes,Land,0.956,Recycled Cardboard,0.52,5,65,Electronics,77.22,74.0,1,55.92
P0988,Paper,988,Medium,Yes,Air,0.889,Paper Wrap,0.17,95,40,Food & Beverage,78.81,91.5,1,78.27
P0989,Ceramic,109,Low,Yes,Sea,0.131,Bio Bubble Wrap,1.07,20,70,Home & Decor,96.88,46.5,1,59.69
P0990,Bioplastic,1369,Medium,No,Sea,0.958,Paper Wrap,0.34,80,40,Pharma & Health,77.17,83.0,0,71.9
P0991,Plastic,664,Medium,Yes,Land,1.394,Recycled Cardboard,0.65,10,65,Cosmetics,66.78,67.5,1,52.41
P0992,Bioplastic,1996,Medium,Yes,Land,1.397,Paper Wrap,0.18,80,40,Pharma & Health,66.71,91.0,1,70.76
P0993,Paper,1232,Low,Yes,Land,1.109,Paper Wrap,0.28,95,40,Food & Beverage,73.57,86.0,1,75.32
P0994,Paper,736,High,Yes,Air,0.662,Paper Wrap,0.21,95,40,Food & Beverage,84.22,89.5,1,79.39
P0995,Ceramic,464,Low,Yes,Sea,0.557,Bio Bubble Wrap,0.56,20,70,Home & Decor,86.73,72.0,1,63.02
P0996,Ceramic,407,Low,Yes,Sea,0.488,Bio Bubble Wrap,1.14,20,70,Home & Decor,88.37,43.0,1,56.26
P0997,Glass,320,Low,Yes,Air,0.48,Bio Bubble Wrap,0.6,15,70,Home & Decor,88.56,70.0,1,61.82
P0998,Glass,1379,Medium,Yes,Sea,2.068,Bio Bubble Wrap,1.17,15,70,Home & Decor,50.71,41.5,1,43.34
P0999,Metal,413,Medium,Yes,Land,0.743,Minimalist Pouch,0.38,5,50,Industrial,82.29,81.0,1,56.19
P1000,Plastic,1929,Low,Yes,Sea,4.051,Recycled Cardboard,0.39,10,65,E-Commerce,3.46,80.5,1,36.66
P1001,Glass,577,Medium,No,Air,0.866,Bio Bubble Wrap,0.88,15,70,Home & Decor,79.36,56.0,0,55.56
P1002,Ceramic,191,Medium,Yes,Sea,0.229,Bio Bubble Wrap,1.11,20,70,Home & Decor,94.54,44.5,1,58.49
P1003,Bioplastic,189,Low,No,Sea,0.132,Paper Wrap,0.32,80,40,Pharma & Health,96.85,84.0,0,78.05
P1004,Ceramic,1513,Medium,Yes,Land,1.816,Bio Bubble Wrap,1.06,20,70,Home & Decor,56.72,47.0,1,47.77
P1005,Ceramic,682,Low,No,Sea,0.818,Bio Bubble Wrap,0.96,20,70,Home & Decor,80.51,52.0,0,56.15
P1006,Glass,186,Medium,Yes,Sea,0.279,Bio Bubble Wrap,0.98,15,70,Home & Decor,93.35,51.0,1,58.5
P1007,Glass,1639,Medium,Yes,Land,2.458,Bio Bubble Wrap,1.09,15,70,Home & Decor,41.42,45.5,1,41.55
P1008,Glass,1109,Medium,Yes,Land,1.663,Bio Bubble Wrap,0.67,15,70,Home & Decor,60.37,66.5,1,52.49
P1009,Metal,967,Low,Yes,Sea,1.741,Paper Wrap,0.25,5,40,Industrial,58.51,87.5,1,48.68
P1010,Metal,1967,Low,Yes,Land,3.541,Recycled Cardboard,0.41,5,65,Industrial,15.61,79.5,1,38.81
P1011,Glass,913,Medium,Yes,Land,1.369,Bio Bubble Wrap,1.19,15,70,Home & Decor,67.37,40.5,1,48.09
P1012,Paper,918,Low,Yes,Sea,0.826,Paper Wrap,0.38,95,40,Food & Beverage,80.31,81.0,1,76.09
P1013,Bioplastic,1600,Low,Yes,Land,1.12,Paper Wrap,0.11,80,40,Pharma & Health,73.31,94.5,1,73.62
P1014,Ceramic,1209,Medium,No,Air,1.451,Bio Bubble Wrap,0.99,20,70,Home & Decor,65.42,50.5,0,51.25
P1015,Plastic,1698,Low,Yes,Air,3.566,Recycled Cardboard,0.76,10,65,E-Commerce,15.01,62.0,1,35.5
P1016,Metal,1841,Low,Yes,Air,3.314,Minimalist Pouch,0.27,5,50,Industrial,21.02,86.5,1,39.18
P1017,Plastic,399,Low,No,Land,0.838,Recycled Cardboard,0.58,10,65,E-Commerce,80.03,71.0,0,57.26
P1018,Paper,1297,Low,Yes,Air,1.167,Paper Wrap,0.37,95,40,Food & Beverage,72.19,81.5,1,73.78
P1019,Plastic,1410,Low,Yes,Sea,2.961,Recycled Cardboard,0.32,10,65,E-Commerce,29.43,84.0,1,45.33
P1020,Metal,1369,Medium,Yes,Land,2.464,Recycled Cardboard,0.65,5,65,Industrial,41.28,67.5,1,43.51
P1021,Plastic,863,Low,Yes,Air,1.812,Recycled Cardboard,0.45,10,65,E-Commerce,56.82,77.5,1,51.92
P1022,Bioplastic,205,Medium,No,Land,0.143,Paper Wrap,0.38,80,40,Pharma & Health,96.59,81.0,0,77.23
P1023,Glass,342,High,Yes,Air,0.513,Bio Bubble Wrap,1.18,15,70,Home & Decor,87.77,41.0,1,54.33
P1024,Paper,1764,Medium,Yes,Air,1.588,Paper Wrap,0.38,95,40,Food & Beverage,62.15,81.0,1,70.64
P1025,Paper,1487,Medium,Yes,Sea,1.338,Paper Wrap,0.24,95,40,Food & Beverage,68.11,88.0,1,74.18
P1026,Paper,966,Medium,No,Air,0.869,Paper Wrap,0.36,95,40,Food & Beverage,79.29,82.0,0,76.04
P1027,Ceramic,1567,Low,Yes,Land,1.88,Bio Bubble Wrap,1.09,20,70,Home & Decor,55.2,45.5,1,46.94
P1028,Paper,1868,Low,Yes,Sea,1.681,Paper Wrap,0.2,95,40,Food & Beverage,59.94,90.0,1,72.23
P1029,Plastic,822,Medium,No,Air,1.726,Recycled Cardboard,0.71,10,65,Cosmetics,58.87,64.5,0,49.29
P1030,Paper,1969,Medium,No,Land,1.772,Paper Wrap,0.11,95,40,Food & Beverage,57.77,94.5,0,72.71
P1031,Metal,1329,High,Yes,Sea,2.392,Minimalist Pouch,0.44,5,50,Electronics,42.99,78.0,1,43.65
P1032,Bioplastic,165,High,Yes,Sea,0.115,Paper Wrap,0.17,80,40,Pharma & Health,97.26,91.5,1,80.05
P1033,Glass,1227,Low,No,Air,1.841,Bio Bubble Wrap,0.58,15,70,Home & Decor,56.12,71.0,0,52.34
P1034,Paper,661,Medium,Yes,Land,0.595,Paper Wrap,0.12,95,40,Food & Beverage,85.82,94.0,1,81.0
P1035,Metal,234,Medium,Yes,Sea,0.421,Bio Bubble Wrap,0.99,5,70,Industrial,89.97,50.5,1,54.87
P1036,Paper,589,Medium,Yes,Air,0.53,Paper Wrap,0.2,95,40,Food & Beverage,87.37,90.0,1,80.46
P1037,Ceramic,1572,Low,Yes,Land,1.886,Bio Bubble Wrap,1.01,20,70,Home & Decor,55.05,49.5,1,47.89
P1038,Plastic,1503,Medium,Yes,Land,3.156,Recycled Cardboard,0.33,10,65,Cosmetics,24.79,83.5,1,43.81
P1039,Paper,330,Low,Yes,Air,0.297,Paper Wrap,0.19,95,40,Food & Beverage,92.92,90.5,1,82.25
P1040,Metal,422,Low,Yes,Sea,0.76,Minimalist Pouch,0.42,5,50,Industrial,81.89,79.0,1,55.57
P1041,Glass,437,Medium,Yes,Air,0.655,Bio Bubble Wrap,1.05,15,70,Home & Decor,84.39,47.5,1,54.94
P1042,Paper,698,Low,Yes,Sea,0.628,Paper Wrap,0.2,95,40,Food & Beverage,85.03,90.0,1,79.76
P1043,Bioplastic,447,Low,No,Sea,0.313,Paper Wrap,0.29,80,40,Pharma & Health,92.54,85.5,0,77.14
P1044,Glass,269,Medium,Yes,Air,0.404,Bio Bubble Wrap,1.12,15,70,Home & Decor,90.37,44.0,1,55.86
P1045,Plastic,434,Low,Yes,Land,0.911,Recycled Cardboard,0.61,10,65,E-Commerce,78.29,69.5,1,56.36
P1046,Plastic,1871,High,Yes,Land,3.929,Recycled Cardboard,0.42,10,65,E-Commerce,6.36,79.0,1,37.16
P1047,Paper,1020,Low,Yes,Land,0.918,Paper Wrap,0.11,95,40,Food & Beverage,78.12,94.5,1,78.81
P1048,Metal,1823,Medium,Yes,Air,3.281,Bio Bubble Wrap,1.11,5,70,Industrial,21.81,44.5,1,32.92
P1049,Plastic,1790,High,No,Land,3.759,Recycled Cardboard,0.31,10,65,E-Commerce,10.41,84.5,0,39.75
P1050,Metal,835,Medium,Yes,Sea,1.503,Recycled Cardboard,0.74,5,65,Industrial,64.18,63.0,1,49.25
P1051,Ceramic,1632,Low,Yes,Air,1.958,Bio Bubble Wrap,0.87,20,70,Home & Decor,53.34,56.5,1,49.13
P1052,Glass,1245,Medium,No,Land,1.867,Bio Bubble Wrap,1.16,15,70,Home & Decor,55.51,42.0,0,44.9
P1053,Paper,1789,High,Yes,Sea,1.61,Paper Wrap,0.34,95,40,Food & Beverage,61.63,83.0,1,70.99
P1054,Paper,423,Medium,No,Sea,0.381,Paper Wrap,0.4,95,40,Food & Beverage,90.92,80.0,0,79.03
P1055,Paper,1003,Medium,Yes,Air,0.903,Paper Wrap,0.21,95,40,Food & Beverage,78.48,89.5,1,77.67
P1056,Plastic,1755,Low,Yes,Sea,3.686,Recycled Cardboard,0.68,10,65,E-Commerce,12.15,66.0,1,35.64
P1057,Glass,1071,Low,No,Sea,1.607,Bio Bubble Wrap,0.78,15,70,Home & Decor,61.7,61.0,0,51.51
P1058,Bioplastic,1138,Medium,Yes,Air,0.797,Paper Wrap,0.24,80,40,Pharma & Health,81.01,88.0,1,74.3
P1059,Glass,1770,Low,No,Sea,2.655,Bio Bubble Wrap,0.94,15,70,Home & Decor,36.73,53.0,0,42.02
P1060,Glass,993,High,Yes,Air,1.49,Bio Bubble Wrap,1.11,15,70,Home & Decor,64.49,44.5,1,48.22
P1061,Bioplastic,1943,Low,Yes,Land,1.36,Paper Wrap,0.4,80,40,Pharma & Health,67.59,80.0,1,68.28
P1062,Glass,1726,Low,No,Land,2.589,Bio Bubble Wrap,1.04,15,70,Home & Decor,38.3,48.0,0,41.24
P1063,Paper,528,Low,Yes,Sea,0.475,Paper Wrap,0.23,95,40,Food & Beverage,88.68,88.5,1,80.48
P1064,Glass,661,Low,Yes,Sea,0.992,Bio Bubble Wrap,0.79,15,70,Home & Decor,76.36,60.5,1,55.78
P1065,Ceramic,821,Low,Yes,Sea,0.985,Bio Bubble Wrap,1.02,20,70,Home & Decor,76.53,49.0,1,54.21
P1066,Plastic,1474,Low,Yes,Sea,3.095,Recycled Cardboard,0.42,10,65,E-Commerce,26.24,79.0,1,43.12
P1067,Ceramic,487,High,No,Air,0.584,Bio Bubble Wrap,0.58,20,70,Home & Decor,86.08,71.0,0,62.57
P1068,Plastic,463,Medium,No,Land,0.972,Recycled Cardboard,0.48,10,65,Cosmetics,76.84,76.0,0,57.55
P1069,Ceramic,605,High,Yes,Air,0.726,Bio Bubble Wrap,0.7,20,70,Home & Decor,82.7,65.0,1,60.06
P1070,Metal,1684,Medium,Yes,Air,3.031,Paper Wrap,0.19,5,40,Industrial,27.76,90.5,1,40.2
P1071,Plastic,866,Low,No,Air,1.819,Recycled Cardboard,0.42,10,65,E-Commerce,56.65,79.0,0,52.24
P1072,Plastic,1734,Medium,Yes,Sea,3.641,Recycled Cardboard,0.32,10,65,Cosmetics,13.23,84.0,1,40.47
P1073,Glass,569,Low,Yes,Sea,0.854,Bio Bubble Wrap,0.51,15,70,Home & Decor,79.65,74.5,1,60.27
P1074,Ceramic,1545,Medium,No,Air,1.854,Bio Bubble Wrap,1.19,20,70,Home & Decor,55.82,40.5,0,45.87
P1075,Bioplastic,1786,Low,Yes,Sea,1.25,Paper Wrap,0.23,80,40,Pharma & Health,70.21,88.5,1,71.19
P1076,Plastic,1513,High,Yes,Air,3.177,Recycled Cardboard,0.49,10,65,E-Commerce,24.29,75.5,1,41.66
P1077,Ceramic,498,Medium,Yes,Air,0.598,Bio Bubble Wrap,0.98,20,70,Home & Decor,85.75,51.0,1,57.47
P1078,Bioplastic,1431,Medium,Yes,Air,1.002,Paper Wrap,0.17,80,40,Pharma & Health,76.12,91.5,1,73.71
P1079,Paper,170,Medium,Yes,Land,0.153,Paper Wrap,0.38,95,40,Food & Beverage,96.35,81.0,1,80.9
P1080,Paper,477,High,Yes,Land,0.429,Paper Wrap,0.34,95,40,Food & Beverage,89.78,83.0,1,79.43
P1081,Metal,545,Low,No,Air,0.981,Mushroom Foam,0.91,5,75,Industrial,76.62,54.5,0,52.86
P1082,Paper,463,High,Yes,Land,0.417,Paper Wrap,0.23,95,40,Food & Beverage,90.06,88.5,1,80.89
P1083,Ceramic,1818,Medium,Yes,Land,2.182,Bio Bubble Wrap,1.12,20,70,Home & Decor,48.0,44.0,1,44.4
P1084,Paper,1304,High,Yes,Sea,1.174,Paper Wrap,0.38,95,40,Food & Beverage,72.02,81.0,1,73.61
P1085,Paper,1835,Low,Yes,Sea,1.651,Paper Wrap,0.24,95,40,Food & Beverage,60.65,88.0,1,71.94
P1086,Plastic,743,Medium,No,Sea,1.56,Recycled Cardboard,0.61,10,65,Cosmetics,62.82,69.5,0,51.72
P1087,Paper,164,Low,No,Land,0.148,Paper Wrap,0.15,95,40,Food & Beverage,96.47,92.5,0,83.82
P1088,Glass,1008,High,Yes,Land,1.512,Bio Bubble Wrap,1.19,15,70,Home & Decor,63.97,40.5,1,47.07
P1089,Metal,178,Low,Yes,Land,0.32,Recycled Cardboard,0.42,5,65,Industrial,92.37,79.0,1,61.71
P1090,Bioplastic,505,High,Yes,Air,0.353,Paper Wrap,0.38,80,40,Pharma & Health,91.59,81.0,1,75.73
P1091,Plastic,983,Medium,Yes,Air,2.064,Recycled Cardboard,0.62,10,65,Cosmetics,50.81,69.0,1,47.99
P1092,Glass,1383,Low,Yes,Sea,2.075,Bio Bubble Wrap,0.93,15,70,Home & Decor,50.55,53.5,1,46.29
P1093,Paper,811,Low,Yes,Sea,0.73,Paper Wrap,0.25,95,40,Food & Beverage,82.6,87.5,1,78.4
P1094,Paper,1348,Low,Yes,Sea,1.213,Paper Wrap,0.17,95,40,Food & Beverage,71.09,91.5,1,75.95
P1095,Ceramic,1883,Low,Yes,Sea,2.26,Bio Bubble Wrap,0.62,20,70,Home & Decor,46.14,69.0,1,50.09
P1096,Paper,1281,Low,No,Air,1.153,Paper Wrap,0.17,95,40,Food & Beverage,72.52,91.5,0,76.38
P1097,Paper,1523,Low,Yes,Sea,1.371,Paper Wrap,0.16,95,40,Food & Beverage,67.33,92.0,1,74.95
P1098,Metal,1294,Low,Yes,Air,2.329,Minimalist Pouch,0.51,5,50,Industrial,44.49,74.5,1,43.22
P1099,Glass,1253,Low,Yes,Land,1.879,Bio Bubble Wrap,0.75,15,70,Home & Decor,55.22,62.5,1,49.94
P1100,Paper,927,Medium,Yes,Air,0.834,Paper Wrap,0.12,95,40,Food & Beverage,80.12,94.0,1,79.29
P1101,Ceramic,1580,High,Yes,Land,1.896,Bio Bubble Wrap,1.18,20,70,Home & Decor,54.81,41.0,1,45.69
P1102,Glass,1463,Medium,Yes,Land,2.195,Bio Bubble Wrap,1.12,15,70,Home & Decor,47.69,44.0,1,43.06
P1103,Plastic,1781,High,Yes,Land,3.74,Recycled Cardboard,0.76,10,65,E-Commerce,10.87,62.0,1,34.26
P1104,Plastic,1092,Low,Yes,Land,2.293,Recycled Cardboard,0.8,10,65,E-Commerce,45.35,60.0,1,44.1
P1105,Bioplastic,607,Low,Yes,Land,0.425,Paper Wrap,0.15,80,40,Pharma & Health,89.87,92.5,1,78.09
P1106,Metal,585,Medium,Yes,Land,1.053,Mushroom Foam,1.28,5,75,Industrial,74.9,36.0,1,47.72
P1107,Plastic,907,Low,No,Air,1.905,Recycled Cardboard,0.68,10,65,E-Commerce,54.6,66.0,0,48.38
P1108,Paper,276,Medium,Yes,Sea,0.248,Paper Wrap,0.31,95,40,Food & Beverage,94.09,84.5,1,81.1
P1109,Plastic,1799,Low,Yes,Air,3.778,Recycled Cardboard,0.38,10,65,E-Commerce,9.96,81.0,1,38.74
P1110,Glass,865,Medium,Yes,Land,1.298,Bio Bubble Wrap,1.07,15,70,Home & Decor,69.07,46.5,1,50.1
P1111,Plastic,645,Low,Yes,Air,1.355,Recycled Cardboard,0.41,10,65,E-Commerce,67.71,79.5,1,55.69
P1112,Plastic,1409,Medium,Yes,Land,2.959,Recycled Cardboard,0.41,10,65,Cosmetics,29.48,79.5,1,44.22
P1113,Glass,1026,Medium,No,Air,1.539,Bio Bubble Wrap,0.88,15,70,Home & Decor,63.32,56.0,0,50.75
P1114,Plastic,117,Medium,Yes,Land,0.246,Recycled Cardboard,0.6,10,65,Cosmetics,94.14,70.0,1,61.24
P1115,Bioplastic,559,Low,Yes,Sea,0.391,Paper Wrap,0.27,80,40,Pharma & Health,90.68,86.5,1,76.83
P1116,Plastic,665,Medium,No,Land,1.397,Recycled Cardboard,0.35,10,65,Cosmetics,66.71,82.5,0,56.14
P1117,Glass,248,Medium,Yes,Air,0.372,Bio Bubble Wrap,1.11,15,70,Home & Decor,91.13,44.5,1,56.21
P1118,Glass,1725,Low,Yes,Sea,2.587,Bio Bubble Wrap,0.69,15,70,Home & Decor,38.35,65.5,1,45.63
P1119,Paper,1953,Medium,Yes,Air,1.758,Paper Wrap,0.14,95,40,Food & Beverage,58.1,93.0,1,72.43
P1120,Paper,1677,Medium,Yes,Air,1.509,Paper Wrap,0.37,95,40,Food & Beverage,64.04,81.5,1,71.34
P1121,Plastic,1621,Medium,Yes,Air,3.404,Recycled Cardboard,0.78,10,65,Cosmetics,18.88,61.0,1,36.41
P1122,Glass,1635,Medium,Yes,Land,2.453,Bio Bubble Wrap,1.1,15,70,Home & Decor,41.54,45.0,1,41.46
P1123,Paper,1254,Medium,Yes,Land,1.129,Paper Wrap,0.34,95,40,Food & Beverage,73.09,83.0,1,74.43
P1124,Glass,676,Low,Yes,Sea,1.014,Bio Bubble Wrap,0.96,15,70,Home & Decor,75.83,52.0,1,53.5
P1125,Glass,812,Medium,Yes,Sea,1.218,Bio Bubble Wrap,0.89,15,70,Home & Decor,70.97,55.5,1,52.92
P1126,Bioplastic,1989,Low,Yes,Air,1.392,Paper Wrap,0.13,80,40,Pharma & Health,66.83,93.5,1,71.42
P1127,Paper,1325,Medium,Yes,Air,1.192,Paper Wrap,0.22,95,40,Food & Beverage,71.59,89.0,1,75.48
P1128,Plastic,750,Medium,No,Air,1.575,Recycled Cardboard,0.49,10,65,Cosmetics,62.46,75.5,0,53.11
P1129,Ceramic,1102,High,Yes,Land,1.322,Bio Bubble Wrap,0.68,20,70,Home & Decor,68.49,66.0,1,56.05
P1130,Ceramic,283,Low,No,Sea,0.34,Bio Bubble Wrap,1.01,20,70,Home & Decor,91.9,49.5,0,58.94
P1131,Ceramic,1828,Medium,Yes,Air,2.194,Bio Bubble Wrap,0.85,20,70,Home & Decor,47.71,57.5,1,47.69
P1132,Glass,1131,Low,Yes,Air,1.696,Bio Bubble Wrap,0.56,15,70,Home & Decor,59.58,72.0,1,53.62
P1133,Glass,1925,Medium,Yes,Sea,2.888,Bio Bubble Wrap,0.65,15,70,Home & Decor,31.17,67.5,1,43.98
P1134,Glass,1319,Low,Yes,Sea,1.978,Bio Bubble Wrap,0.98,15,70,Home & Decor,52.86,51.0,1,46.36
P1135,Bioplastic,1146,Medium,Yes,Land,0.802,Paper Wrap,0.12,80,40,Pharma & Health,80.89,94.0,1,75.77
P1136,Paper,1939,Low,Yes,Land,1.745,Paper Wrap,0.36,95,40,Food & Beverage,58.41,82.0,1,69.77
P1137,Metal,596,High,Yes,Land,1.073,Paper Wrap,0.25,5,40,Electronics,74.43,87.5,1,53.45
P1138,Ceramic,639,Medium,No,Sea,0.767,Bio Bubble Wrap,0.84,20,70,Home & Decor,81.72,58.0,0,58.02
P1139,Ceramic,914,Medium,No,Air,1.097,Bio Bubble Wrap,0.91,20,70,Home & Decor,73.86,54.5,0,54.78
P1140,Paper,1011,Medium,Yes,Air,0.91,Paper Wrap,0.35,95,40,Food & Beverage,78.31,82.5,1,75.87
P1141,Metal,1382,Medium,Yes,Sea,2.488,Recycled Cardboard,0.47,5,65,Industrial,40.71,76.5,1,45.59
P1142,Metal,250,Low,Yes,Sea,0.45,Recycled Cardboard,0.64,5,65,Industrial,89.28,68.0,1,58.03
P1143,Plastic,1995,Medium,Yes,Sea,4.189,Recycled Cardboard,0.58,10,65,Cosmetics,0.17,71.0,1,33.3
P1144,Plastic,1365,Medium,Yes,Air,2.866,Recycled Cardboard,0.43,10,65,Cosmetics,31.7,78.5,1,44.64
P1145,Paper,1196,High,Yes,Air,1.076,Paper Wrap,0.36,95,40,Food & Beverage,74.36,82.0,1,74.56
P1146,Plastic,205,High,Yes,Sea,0.43,Recycled Cardboard,0.7,10,65,E-Commerce,89.75,65.0,1,58.68
P1147,Metal,1866,Low,Yes,Land,3.359,Mushroom Foam,1.59,5,75,Industrial,19.95,20.5,1,27.36
P1148,Bioplastic,1520,Medium,No,Air,1.064,Paper Wrap,0.36,80,40,Pharma & Health,74.64,82.0,0,70.89
P1149,Paper,240,Low,Yes,Sea,0.216,Paper Wrap,0.36,95,40,Food & Beverage,94.85,82.0,1,80.7
P1150,Bioplastic,444,Medium,Yes,Land,0.311,Paper Wrap,0.31,80,40,Pharma & Health,92.59,84.5,1,76.9
P1151,Glass,646,High,Yes,Air,0.969,Bio Bubble Wrap,1.09,15,70,Home & Decor,76.91,45.5,1,52.2
P1152,Plastic,1623,Low,Yes,Air,3.408,Recycled Cardboard,0.65,10,65,E-Commerce,18.78,67.5,1,38.01
P1153,Paper,1840,High,No,Air,1.656,Paper Wrap,0.3,95,40,Food & Beverage,60.53,85.0,0,71.16
P1154,Metal,549,Low,No,Sea,0.988,Cornstarch Wrap,1.16,5,55,Industrial,76.45,42.0,0,45.68
P1155,Ceramic,1998,High,Yes,Sea,2.398,Bio Bubble Wrap,1.03,20,70,Home & Decor,42.85,48.5,1,43.98
P1156,Plastic,566,Low,No,Land,1.189,Recycled Cardboard,0.38,10,65,E-Commerce,71.66,81.0,0,57.25
P1157,Ceramic,1172,High,Yes,Land,1.406,Bio Bubble Wrap,1.12,20,70,Home & Decor,66.49,44.0,1,49.95
P1158,Metal,410,Medium,Yes,Air,0.738,Bio Bubble Wrap,1.11,5,70,Industrial,82.41,44.5,1,51.1
P1159,Plastic,791,Medium,Yes,Land,1.661,Recycled Cardboard,0.31,10,65,Cosmetics,60.41,84.5,1,54.75
P1160,Glass,725,Low,No,Air,1.087,Bio Bubble Wrap,1.08,15,70,Home & Decor,74.09,46.0,0,51.48
P1161,Metal,284,Low,Yes,Land,0.511,Recycled Cardboard,0.36,5,65,Industrial,87.82,82.0,1,61.1
P1162,Metal,1492,Low,No,Sea,2.686,Minimalist Pouch,0.33,5,50,Industrial,35.99,83.5,0,42.92
P1163,Plastic,1922,High,Yes,Sea,4.036,Recycled Cardboard,0.67,10,65,E-Commerce,3.81,66.5,1,33.27
P1164,Ceramic,1728,Low,Yes,Sea,2.074,Bio Bubble Wrap,0.61,20,70,Home & Decor,50.57,69.5,1,51.55
P1165,Plastic,1775,Medium,Yes,Sea,3.728,Recycled Cardboard,0.71,10,65,Cosmetics,11.15,64.5,1,34.97
P1166,Ceramic,742,Medium,Yes,Land,0.89,Bio Bubble Wrap,1.08,20,70,Home & Decor,78.79,46.0,1,54.14
P1167,Plastic,465,High,Yes,Sea,0.977,Recycled Cardboard,0.55,10,65,E-Commerce,76.72,72.5,1,56.64
P1168,Glass,1668,Low,Yes,Land,2.502,Bio Bubble Wrap,0.5,15,70,Home & Decor,40.37,75.0,1,48.61
P1169,Metal,875,Low,No,Sea,1.575,Cornstarch Wrap,0.86,5,55,Industrial,62.46,57.0,0,45.24
P1170,Glass,633,High,Yes,Land,0.95,Bio Bubble Wrap,0.93,15,70,Home & Decor,77.36,53.5,1,54.33
P1171,Paper,532,Medium,No,Sea,0.479,Paper Wrap,0.39,95,40,Food & Beverage,88.58,80.5,0,78.45
P1172,Bioplastic,1826,High,Yes,Land,1.278,Paper Wrap,0.29,80,40,Pharma & Health,69.54,85.5,1,70.24
P1173,Metal,1621,Low,No,Sea,2.918,Mushroom Foam,1.11,5,75,Industrial,30.46,44.5,0,36.51
P1174,Plastic,1858,Medium,Yes,Land,3.902,Recycled Cardboard,0.62,10,65,Cosmetics,7.01,69.0,1,34.85
P1175,Ceramic,1841,High,Yes,Land,2.209,Bio Bubble Wrap,0.88,20,70,Home & Decor,47.35,56.0,1,47.2
P1176,Ceramic,211,High,No,Sea,0.253,Bio Bubble Wrap,1.05,20,70,Home & Decor,93.97,47.5,0,59.07
P1177,Paper,1221,Medium,Yes,Sea,1.099,Paper Wrap,0.13,95,40,Food & Beverage,73.81,93.5,1,77.27
P1178,Bioplastic,1264,High,No,Land,0.885,Paper Wrap,0.33,80,40,Pharma & Health,78.91,83.5,0,72.55
P1179,Paper,1405,Low,Yes,Air,1.264,Paper Wrap,0.26,95,40,Food & Beverage,69.88,87.0,1,74.46
P1180,Ceramic,548,High,Yes,Land,0.658,Bio Bubble Wrap,1.17,20,70,Home & Decor,84.32,41.5,1,54.67
P1181,Glass,1401,Low,No,Air,2.102,Bio Bubble Wrap,0.74,15,70,Home & Decor,49.9,63.0,0,48.47
P1182,Plastic,251,Medium,Yes,Sea,0.527,Recycled Cardboard,0.62,10,65,Cosmetics,87.44,69.0,1,58.98
P1183,Glass,426,Medium,Yes,Land,0.639,Bio Bubble Wrap,1.15,15,70,Home & Decor,84.77,42.5,1,53.81
P1184,Plastic,1840,Medium,Yes,Land,3.864,Recycled Cardboard,0.35,10,65,Cosmetics,7.91,82.5,1,38.5
P1185,Bioplastic,1596,Medium,Yes,Sea,1.117,Paper Wrap,0.38,80,40,Pharma & Health,73.38,81.0,1,70.26
P1186,Paper,1675,Low,Yes,Land,1.508,Paper Wrap,0.31,95,40,Food & Beverage,64.06,84.5,1,72.09
P1187,Plastic,1948,Low,Yes,Air,4.091,Recycled Cardboard,0.33,10,65,E-Commerce,2.5,83.5,1,37.12
P1188,Bioplastic,1917,Low,No,Sea,1.342,Paper Wrap,0.19,80,40,Pharma & Health,68.02,90.5,0,71.03
P1189,Bioplastic,878,Low,No,Land,0.615,Paper Wrap,0.31,80,40,Pharma & Health,85.34,84.5,0,74.73
P1190,Metal,803,High,Yes,Air,1.445,Bio Bubble Wrap,0.55,5,70,Electronics,65.56,72.5,1,53.04
P1191,Plastic,351,High,No,Air,0.737,Recycled Cardboard,0.59,10,65,E-Commerce,82.44,70.5,0,57.86
P1192,Ceramic,893,Low,Yes,Land,1.072,Bio Bubble Wrap,0.74,20,70,Home & Decor,74.45,63.0,1,57.08
P1193,Ceramic,513,High,Yes,Land,0.616,Bio Bubble Wrap,0.93,20,70,Home & Decor,85.32,53.5,1,57.97
P1194,Ceramic,1904,Medium,No,Air,2.285,Bio Bubble Wrap,0.53,20,70,Home & Decor,45.54,73.5,0,51.04
P1195,Plastic,490,Medium,No,Land,1.029,Recycled Cardboard,0.74,10,65,Cosmetics,75.48,63.0,0,53.89
P1196,Paper,1594,Medium,Yes,Sea,1.435,Paper Wrap,0.39,95,40,Food & Beverage,65.8,80.5,1,71.61
P1197,Bioplastic,350,Low,Yes,Land,0.245,Paper Wrap,0.39,80,40,Pharma & Health,94.16,80.5,1,76.37
P1198,Ceramic,1017,Low,Yes,Land,1.22,Bio Bubble Wrap,1.02,20,70,Home & Decor,70.92,49.0,1,52.53
P1199,Ceramic,327,Low,Yes,Air,0.392,Bio Bubble Wrap,0.59,20,70,Home & Decor,90.66,70.5,1,63.82
P1200,Glass,566,Medium,No,Air,0.849,Bio Bubble Wrap,1.03,15,70,Home & Decor,79.77,48.5,0,53.81
P1201,Paper,444,Medium,Yes,Sea,0.4,Paper Wrap,0.11,95,40,Food & Beverage,90.47,94.5,1,82.52
P1202,Ceramic,1744,Medium,Yes,Sea,2.093,Bio Bubble Wrap,0.52,20,70,Home & Decor,50.12,74.0,1,52.54
P1203,Metal,448,Low,No,Land,0.806,Cornstarch Wrap,0.89,5,55,Industrial,80.79,55.5,0,50.36
P1204,Metal,1273,Medium,Yes,Land,2.291,Minimalist Pouch,0.4,5,50,Industrial,45.4,80.0,1,44.87
P1205,Metal,1417,Low,No,Sea,2.551,Mushroom Foam,1.72,5,75,Industrial,39.2,14.0,0,31.51
P1206,Paper,1372,Medium,Yes,Sea,1.235,Paper Wrap,0.3,95,40,Food & Beverage,70.57,85.0,1,74.17
P1207,Paper,1708,High,Yes,Land,1.537,Paper Wrap,0.23,95,40,Food & Beverage,63.37,88.5,1,72.89
P1208,Bioplastic,1970,Low,Yes,Land,1.379,Paper Wrap,0.18,80,40,Pharma & Health,67.14,91.0,1,70.89
P1209,Glass,1945,Medium,Yes,Land,2.917,Bio Bubble Wrap,1.2,15,70,Home & Decor,30.48,40.0,1,36.89
P1210,Ceramic,1264,Medium,Yes,Sea,1.517,Bio Bubble Wrap,0.8,20,70,Home & Decor,63.85,60.0,1,53.16
P1211,Plastic,431,Medium,Yes,Sea,0.905,Recycled Cardboard,0.53,10,65,Cosmetics,78.43,73.5,1,57.4
P1212,Plastic,1090,Medium,Yes,Sea,2.289,Recycled Cardboard,0.38,10,65,Cosmetics,45.45,81.0,1,49.38
P1213,Bioplastic,382,Medium,Yes,Sea,0.267,Paper Wrap,0.34,80,40,Pharma & Health,93.64,83.0,1,76.84
P1214,Bioplastic,287,Medium,Yes,Air,0.201,Paper Wrap,0.31,80,40,Pharma & Health,95.21,84.5,1,77.69
P1215,Paper,1387,High,Yes,Air,1.248,Paper Wrap,0.17,95,40,Food & Beverage,70.26,91.5,1,75.7
P1216,Glass,396,Medium,No,Sea,0.594,Bio Bubble Wrap,0.56,15,70,Home & Decor,85.84,72.0,0,61.5
P1217,Paper,856,High,Yes,Air,0.77,Paper Wrap,0.3,95,40,Food & Beverage,81.65,85.0,1,77.5
P1218,Glass,657,High,No,Sea,0.986,Bio Bubble Wrap,0.96,15,70,Home & Decor,76.5,52.0,0,53.7
P1219,Paper,1724,Medium,No,Land,1.552,Paper Wrap,0.18,95,40,Food & Beverage,63.01,91.0,0,73.4
P1220,Metal,1470,High,Yes,Sea,2.646,Mushroom Foam,1.94,5,75,Electronics,36.94,3.0,1,28.08
P1221,Paper,1185,Low,Yes,Sea,1.067,Paper Wrap,0.15,95,40,Food & Beverage,74.57,92.5,1,77.25
P1222,Bioplastic,757,Low,Yes,Land,0.53,Paper Wrap,0.23,80,40,Pharma & Health,87.37,88.5,1,76.34
P1223,Ceramic,837,Medium,Yes,Air,1.004,Bio Bubble Wrap,1.16,20,70,Home & Decor,76.07,42.0,1,52.32
P1224,Metal,1046,Medium,Yes,Air,1.883,Minimalist Pouch,0.37,5,50,Industrial,55.12,81.5,1,48.16
P1225,Metal,263,High,No,Sea,0.473,Cornstarch Wrap,1.17,5,55,Electronics,88.73,41.5,0,49.24
P1226,Plastic,167,Low,Yes,Air,0.351,Recycled Cardboard,0.5,10,65,E-Commerce,91.63,75.0,1,61.74
P1227,Paper,1065,Medium,Yes,Land,0.959,Paper Wrap,0.18,95,40,Food & Beverage,77.14,91.0,1,77.64
P1228,Paper,199,Low,Yes,Land,0.179,Paper Wrap,0.4,95,40,Food & Beverage,95.73,80.0,1,80.47
P1229,Metal,1696,Medium,Yes,Air,3.053,Recycled Cardboard,0.5,5,65,Industrial,27.24,75.0,1,41.17
P1230,Plastic,1308,Medium,Yes,Sea,2.747,Recycled Cardboard,0.75,10,65,Cosmetics,34.53,62.5,1,41.48
P1231,Plastic,452,Medium,Yes,Land,0.949,Recycled Cardboard,0.41,10,65,Cosmetics,77.38,79.5,1,58.59
P1232,Bioplastic,1104,Medium,Yes,Air,0.773,Paper Wrap,0.16,80,40,Pharma & Health,81.58,92.0,1,75.47
P1233,Glass,294,Medium,No,Air,0.441,Bio Bubble Wrap,0.52,15,70,Home & Decor,89.49,74.0,0,63.1
P1234,Paper,653,High,Yes,Land,0.588,Paper Wrap,0.3,95,40,Food & Beverage,85.99,85.0,1,78.8
P1235,Metal,834,Low,Yes,Sea,1.501,Cornstarch Wrap,0.93,5,55,Industrial,64.23,53.5,1,44.89
P1236,Plastic,1425,High,Yes,Air,2.993,Recycled Cardboard,0.73,10,65,E-Commerce,28.67,63.5,1,39.98
P1237,Plastic,629,Low,No,Air,1.321,Recycled Cardboard,0.54,10,65,E-Commerce,68.52,73.0,0,54.31
P1238,Ceramic,685,Medium,No,Air,0.822,Bio Bubble Wrap,1.18,20,70,Home & Decor,80.41,41.0,0,53.37
P1239,Ceramic,1553,High,Yes,Land,1.864,Bio Bubble Wrap,0.63,20,70,Home & Decor,55.58,68.5,1,52.8
P1240,Plastic,988,Low,Yes,Sea,2.075,Recycled Cardboard,0.73,10,65,E-Commerce,50.55,63.5,1,46.54
P1241,Plastic,562,Low,No,Sea,1.18,Recycled Cardboard,0.69,10,65,E-Commerce,71.88,65.5,0,53.44
P1242,Plastic,633,Low,Yes,Land,1.329,Recycled Cardboard,0.69,10,65,E-Commerce,68.33,65.5,1,52.37
P1243,Metal,1120,Medium,Yes,Sea,2.016,Minimalist Pouch,0.54,5,50,Industrial,51.95,73.0,1,45.08
P1244,Metal,820,High,Yes,Sea,1.476,Mushroom Foam,1.71,5,75,Electronics,64.82,14.5,1,39.32
P1245,Metal,1817,Low,Yes,Air,3.271,Cornstarch Wrap,1.16,5,55,Industrial,22.04,42.0,1,29.36
P1246,Ceramic,602,Low,Yes,Land,0.722,Bio Bubble Wrap,0.59,20,70,Home & Decor,82.79,70.5,1,61.46
P1247,Metal,1770,Low,Yes,Air,3.186,Bio Bubble Wrap,0.52,5,70,Industrial,24.07,74.0,1,40.97
P1248,Plastic,1065,Low,Yes,Land,2.236,Recycled Cardboard,0.76,10,65,E-Commerce,46.71,62.0,1,45.01
P1249,Glass,1124,Low,Yes,Land,1.686,Bio Bubble Wrap,0.93,15,70,Home & Decor,59.82,53.5,1,49.07
P1250,Bioplastic,1906,Low,Yes,Sea,1.334,Paper Wrap,0.34,80,40,Pharma & Health,68.21,83.0,1,69.21
P1251,Metal,1251,Medium,No,Sea,2.252,Recycled Cardboard,0.54,5,65,Industrial,46.33,73.0,0,46.4
P1252,Paper,1995,Medium,Yes,Land,1.796,Paper Wrap,0.14,95,40,Food & Beverage,57.2,93.0,1,72.16
P1253,Glass,1293,Medium,Yes,Air,1.94,Bio Bubble Wrap,0.59,15,70,Home & Decor,53.77,70.5,1,51.51
P1254,Paper,625,Medium,Yes,Air,0.562,Paper Wrap,0.31,95,40,Food & Beverage,86.61,84.5,1,78.86
P1255,Glass,518,Low,Yes,Sea,0.777,Bio Bubble Wrap,0.8,15,70,Home & Decor,81.48,60.0,1,57.19
P1256,Paper,702,Low,Yes,Air,0.632,Paper Wrap,0.16,95,40,Food & Beverage,84.94,92.0,1,80.23
P1257,Ceramic,279,Low,No,Land,0.335,Bio Bubble Wrap,0.84,20,70,Home & Decor,92.02,58.0,0,61.11
P1258,Glass,1091,Low,Yes,Sea,1.637,Bio Bubble Wrap,0.54,15,70,Home & Decor,60.99,73.0,1,54.3
P1259,Paper,1628,Low,Yes,Sea,1.465,Paper Wrap,0.27,95,40,Food & Beverage,65.09,86.5,1,72.9
P1260,Bioplastic,1883,Low,No,Sea,1.318,Paper Wrap,0.18,80,40,Pharma & Health,68.59,91.0,0,71.33
P1261,Paper,657,Medium,No,Air,0.591,Paper Wrap,0.34,95,40,Food & Beverage,85.92,83.0,0,78.28
P1262,Paper,951,Low,Yes,Land,0.856,Paper Wrap,0.19,95,40,Food & Beverage,79.6,90.5,1,78.26
P1263,Glass,1857,Low,No,Sea,2.785,Bio Bubble Wrap,0.82,15,70,Home & Decor,33.63,59.0,0,42.59
P1264,Glass,338,Medium,Yes,Air,0.507,Bio Bubble Wrap,0.51,15,70,Home & Decor,87.92,74.5,1,62.75
P1265,Paper,1308,Low,Yes,Land,1.177,Paper Wrap,0.12,95,40,Food & Beverage,71.95,94.0,1,76.84
P1266,Metal,1979,High,Yes,Air,3.562,Recycled Cardboard,0.5,5,65,Electronics,15.11,75.0,1,37.53
P1267,Paper,314,Low,Yes,Sea,0.283,Paper Wrap,0.24,95,40,Food & Beverage,93.26,88.0,1,81.73
P1268,Metal,1161,Medium,Yes,Air,2.09,Cornstarch Wrap,1.14,5,55,Industrial,50.19,43.0,1,38.06
P1269,Paper,1181,Low,Yes,Air,1.063,Paper Wrap,0.19,95,40,Food & Beverage,74.67,90.5,1,76.78
P1270,Glass,1106,High,Yes,Air,1.659,Bio Bubble Wrap,0.99,15,70,Home & Decor,60.46,50.5,1,48.51
P1271,Plastic,807,Low,Yes,Air,1.695,Recycled Cardboard,0.73,10,65,E-Commerce,59.6,63.5,1,49.26
P1272,Metal,599,Medium,Yes,Sea,1.078,Bio Bubble Wrap,1.05,5,70,Industrial,74.31,47.5,1,49.42
P1273,Ceramic,670,High,Yes,Air,0.804,Bio Bubble Wrap,0.53,20,70,Home & Decor,80.84,73.5,1,61.63
P1274,Glass,1634,Low,Yes,Air,2.451,Bio Bubble Wrap,0.84,15,70,Home & Decor,41.59,58.0,1,44.73
P1275,Ceramic,1776,Low,Yes,Sea,2.131,Bio Bubble Wrap,0.57,20,70,Home & Decor,49.21,71.5,1,51.64
P1276,Ceramic,1586,Low,Yes,Land,1.903,Bio Bubble Wrap,0.67,20,70,Home & Decor,54.65,66.5,1,52.02
P1277,Plastic,362,High,Yes,Land,0.76,Recycled Cardboard,0.79,10,65,E-Commerce,81.89,60.5,1,55.19
P1278,Plastic,226,Low,No,Land,0.475,Recycled Cardboard,0.37,10,65,E-Commerce,88.68,81.5,0,62.48
P1279,Glass,618,Medium,Yes,Sea,0.927,Bio Bubble Wrap,0.85,15,70,Home & Decor,77.91,57.5,1,55.5
P1280,Plastic,1017,Low,No,Land,2.136,Recycled Cardboard,0.61,10,65,E-Commerce,49.09,69.5,0,47.6
P1281,Glass,297,Medium,No,Air,0.446,Bio Bubble Wrap,0.99,15,70,Home & Decor,89.37,50.5,0,57.19
P1282,Plastic,1629,Low,Yes,Air,3.421,Recycled Cardboard,0.58,10,65,E-Commerce,18.47,71.0,1,38.79
P1283,Paper,375,Medium,Yes,Sea,0.338,Paper Wrap,0.1,95,40,Food & Beverage,91.94,95.0,1,83.08
P1284,Bioplastic,1440,High,No,Sea,1.008,Paper Wrap,0.2,80,40,Pharma & Health,75.98,90.0,0,73.29
P1285,Metal,341,High,Yes,Sea,0.614,Mushroom Foam,1.42,5,75,Electronics,85.37,29.0,1,49.11
P1286,Paper,771,High,Yes,Air,0.694,Paper Wrap,0.13,95,40,Food & Beverage,83.46,93.5,1,80.16
P1287,Glass,607,Low,Yes,Sea,0.91,Bio Bubble Wrap,0.75,15,70,Home & Decor,78.31,62.5,1,56.87
P1288,Glass,850,Medium,Yes,Air,1.275,Bio Bubble Wrap,0.52,15,70,Home & Decor,69.61,74.0,1,57.13
P1289,Ceramic,991,Low,No,Land,1.189,Bio Bubble Wrap,0.56,20,70,Home & Decor,71.66,72.0,0,58.5
P1290,Glass,1318,Low,Yes,Sea,1.977,Bio Bubble Wrap,0.78,15,70,Home & Decor,52.88,61.0,1,48.86
P1291,Glass,212,Medium,No,Sea,0.318,Bio Bubble Wrap,0.59,15,70,Home & Decor,92.42,70.5,0,63.1
P1292,Metal,130,Medium,Yes,Air,0.234,Cornstarch Wrap,1.11,5,55,Industrial,94.42,44.5,1,51.7
P1293,Metal,1944,Low,Yes,Air,3.499,Paper Wrap,0.31,5,40,Industrial,16.61,84.5,1,35.36
P1294,Ceramic,1647,Low,Yes,Air,1.976,Bio Bubble Wrap,1.06,20,70,Home & Decor,52.91,47.0,1,46.62
P1295,Paper,711,High,Yes,Sea,0.64,Paper Wrap,0.16,95,40,Food & Beverage,84.75,92.0,1,80.18
P1296,Ceramic,724,Low,Yes,Land,0.869,Bio Bubble Wrap,0.62,20,70,Home & Decor,79.29,69.0,1,60.04
P1297,Bioplastic,1413,High,Yes,Sea,0.989,Paper Wrap,0.13,80,40,Pharma & Health,76.43,93.5,1,74.3
P1298,Ceramic,1053,Medium,Yes,Sea,1.264,Bio Bubble Wrap,0.95,20,70,Home & Decor,69.88,52.5,1,53.09
P1299,Glass,1474,Low,No,Sea,2.211,Bio Bubble Wrap,0.99,15,70,Home & Decor,47.31,50.5,0,44.57
P1300,Glass,1536,High,No,Air,2.304,Bio Bubble Wrap,0.52,15,70,Home & Decor,45.09,74.0,0,49.78
P1301,Ceramic,1088,Low,Yes,Air,1.306,Bio Bubble Wrap,1.16,20,70,Home & Decor,68.88,42.0,1,50.16
P1302,Bioplastic,996,Low,Yes,Sea,0.697,Paper Wrap,0.12,80,40,Pharma & Health,83.39,94.0,1,76.52
P1303,Paper,1775,Medium,Yes,Air,1.597,Paper Wrap,0.26,95,40,Food & Beverage,61.94,87.0,1,72.08
P1304,Ceramic,1862,Medium,Yes,Land,2.234,Bio Bubble Wrap,1.0,20,70,Home & Decor,46.76,50.0,1,45.53
P1305,Paper,752,High,Yes,Air,0.677,Paper Wrap,0.36,95,40,Food & Beverage,83.87,82.0,1,77.41
P1306,Ceramic,726,Medium,Yes,Air,0.871,Bio Bubble Wrap,1.0,20,70,Home & Decor,79.24,50.0,1,55.27
P1307,Paper,1791,Low,Yes,Air,1.612,Paper Wrap,0.34,95,40,Food & Beverage,61.58,83.0,1,70.97
P1308,Glass,145,Medium,Yes,Sea,0.217,Bio Bubble Wrap,0.74,15,70,Home & Decor,94.83,63.0,1,61.95
P1309,Glass,1881,Medium,Yes,Air,2.821,Bio Bubble Wrap,1.07,15,70,Home & Decor,32.77,46.5,1,39.21
P1310,Bioplastic,1665,Medium,Yes,Sea,1.165,Paper Wrap,0.12,80,40,Pharma & Health,72.24,94.0,1,73.17
P1311,Metal,152,High,Yes,Land,0.274,Cornstarch Wrap,1.41,5,55,Electronics,93.47,29.5,1,47.67
P1312,Glass,1677,Low,No,Sea,2.515,Bio Bubble Wrap,0.88,15,70,Home & Decor,40.06,56.0,0,43.77
P1313,Glass,769,High,Yes,Air,1.153,Bio Bubble Wrap,1.07,15,70,Home & Decor,72.52,46.5,1,51.13
P1314,Paper,1579,Low,Yes,Land,1.421,Paper Wrap,0.24,95,40,Food & Beverage,66.13,88.0,1,73.59
P1315,Paper,1894,Medium,Yes,Land,1.705,Paper Wrap,0.29,95,40,Food & Beverage,59.37,85.5,1,70.94
P1316,Metal,939,Low,Yes,Land,1.69,Cornstarch Wrap,1.07,5,55,Industrial,59.72,46.5,1,41.79
P1317,Ceramic,1888,Medium,Yes,Sea,2.266,Bio Bubble Wrap,1.01,20,70,Home & Decor,46.0,49.5,1,45.18
P1318,Metal,1271,Medium,Yes,Air,2.288,Bio Bubble Wrap,0.56,5,70,Industrial,45.47,72.0,1,46.89
P1319,Bioplastic,393,Low,Yes,Air,0.275,Paper Wrap,0.12,80,40,Pharma & Health,93.45,94.0,1,79.54
P1320,Paper,1752,Low,Yes,Air,1.577,Paper Wrap,0.17,95,40,Food & Beverage,62.42,91.5,1,73.35
P1321,Paper,1643,Low,Yes,Air,1.479,Paper Wrap,0.15,95,40,Food & Beverage,64.75,92.5,1,74.3
P1322,Metal,1556,High,Yes,Sea,2.801,Minimalist Pouch,0.55,5,50,Electronics,33.25,72.5,1,39.35
P1323,Paper,519,High,No,Land,0.467,Paper Wrap,0.17,95,40,Food & Beverage,88.87,91.5,0,81.29
P1324,Bioplastic,463,Low,Yes,Sea,0.324,Paper Wrap,0.39,80,40,Pharma & Health,92.28,80.5,1,75.81
P1325,Ceramic,733,Medium,Yes,Land,0.88,Bio Bubble Wrap,0.74,20,70,Home & Decor,79.03,63.0,1,58.46
P1326,Glass,1632,High,Yes,Land,2.448,Bio Bubble Wrap,0.63,15,70,Home & Decor,41.66,68.5,1,47.37
P1327,Plastic,1668,High,No,Air,3.503,Recycled Cardboard,0.69,10,65,E-Commerce,16.52,65.5,0,36.83
P1328,Ceramic,232,High,No,Land,0.278,Bio Bubble Wrap,0.96,20,70,Home & Decor,93.37,52.0,0,60.01
P1329,Metal,1322,High,Yes,Air,2.38,Minimalist Pouch,0.4,5,50,Electronics,43.28,80.0,1,44.23
P1330,Metal,1856,Medium,Yes,Land,3.341,Mushroom Foam,1.47,5,75,Industrial,20.38,26.5,1,28.99
P1331,Ceramic,420,Low,Yes,Sea,0.504,Bio Bubble Wrap,1.0,20,70,Home & Decor,87.99,50.0,1,57.9
P1332,Glass,1056,Medium,Yes,Air,1.584,Bio Bubble Wrap,0.66,15,70,Home & Decor,62.25,67.0,1,53.18
P1333,Glass,750,Low,No,Air,1.125,Bio Bubble Wrap,1.2,15,70,Home & Decor,73.19,40.0,0,49.71
P1334,Glass,217,Medium,Yes,Land,0.326,Bio Bubble Wrap,1.18,15,70,Home & Decor,92.23,41.0,1,55.67
P1335,Ceramic,1984,Low,Yes,Land,2.381,Bio Bubble Wrap,0.96,20,70,Home & Decor,43.26,52.0,1,44.98
P1336,Ceramic,1078,High,Yes,Air,1.294,Bio Bubble Wrap,0.64,20,70,Home & Decor,69.16,68.0,1,56.75
P1337,Ceramic,1712,Low,Yes,Land,2.054,Bio Bubble Wrap,0.98,20,70,Home & Decor,51.05,51.0,1,47.06
P1338,Paper,1040,Low,Yes,Sea,0.936,Paper Wrap,0.12,95,40,Food & Beverage,77.69,94.0,1,78.56
P1339,Glass,668,Low,Yes,Air,1.002,Bio Bubble Wrap,0.52,15,70,Home & Decor,76.12,74.0,1,59.09
P1340,Ceramic,287,Low,Yes,Sea,0.344,Bio Bubble Wrap,0.68,20,70,Home & Decor,91.8,66.0,1,63.04
P1341,Paper,646,Medium,Yes,Sea,0.581,Paper Wrap,0.24,95,40,Food & Beverage,86.15,88.0,1,79.6
P1342,Bioplastic,1980,Medium,No,Sea,1.386,Paper Wrap,0.36,80,40,Pharma & Health,66.97,82.0,0,68.59
P1343,Paper,1736,Medium,No,Air,1.562,Paper Wrap,0.32,95,40,Food & Beverage,62.77,84.0,0,71.58
P1344,Plastic,1165,Medium,Yes,Sea,2.446,Recycled Cardboard,0.67,10,65,Cosmetics,41.71,66.5,1,44.64
P1345,Paper,685,Low,Yes,Sea,0.617,Paper Wrap,0.23,95,40,Food & Beverage,85.3,88.5,1,79.46
P1346,Glass,719,Medium,Yes,Air,1.079,Bio Bubble Wrap,0.74,15,70,Home & Decor,74.29,63.0,1,55.79
P1347,Ceramic,454,Low,No,Sea,0.545,Bio Bubble Wrap,0.76,20,70,Home & Decor,87.01,62.0,0,60.6
P1348,Plastic,502,Medium,No,Land,1.054,Recycled Cardboard,0.79,10,65,Cosmetics,74.88,60.5,0,53.09
P1349,Plastic,549,Low,Yes,Air,1.153,Recycled Cardboard,0.32,10,65,E-Commerce,72.52,84.0,1,58.26
P1350,Glass,535,Medium,Yes,Air,0.802,Bio Bubble Wrap,1.11,15,70,Home & Decor,80.89,44.5,1,53.14
P1351,Ceramic,258,Low,Yes,Air,0.31,Bio Bubble Wrap,0.91,20,70,Home & Decor,92.61,54.5,1,60.41
P1352,Paper,527,Low,Yes,Sea,0.474,Paper Wrap,0.23,95,40,Food & Beverage,88.7,88.5,1,80.48
P1353,Plastic,918,Low,No,Sea,1.928,Recycled Cardboard,0.66,10,65,E-Commerce,54.05,67.0,0,48.46
P1354,Plastic,394,Low,Yes,Sea,0.827,Recycled Cardboard,0.54,10,65,E-Commerce,80.29,73.0,1,57.84
P1355,Plastic,1912,Medium,No,Sea,4.015,Recycled Cardboard,0.74,10,65,Cosmetics,4.31,63.0,0,32.54
P1356,Paper,1378,High,Yes,Land,1.24,Paper Wrap,0.37,95,40,Food & Beverage,70.45,81.5,1,73.26
P1357,Bioplastic,892,High,Yes,Air,0.624,Paper Wrap,0.23,80,40,Pharma & Health,85.13,88.5,1,75.66
P1358,Paper,1873,Low,Yes,Land,1.686,Paper Wrap,0.18,95,40,Food & Beverage,59.82,91.0,1,72.45
P1359,Bioplastic,1745,Low,Yes,Sea,1.222,Paper Wrap,0.28,80,40,Pharma & Health,70.88,86.0,1,70.76
P1360,Plastic,754,Low,Yes,Sea,1.583,Recycled Cardboard,0.76,10,65,E-Commerce,62.27,62.0,1,49.68
P1361,Glass,527,Medium,No,Land,0.79,Bio Bubble Wrap,0.65,15,70,Home & Decor,81.17,67.5,0,58.98
P1362,Glass,432,Medium,Yes,Land,0.648,Bio Bubble Wrap,0.94,15,70,Home & Decor,84.56,53.0,1,56.37
P1363,Ceramic,1785,Medium,Yes,Sea,2.142,Bio Bubble Wrap,0.94,20,70,Home & Decor,48.95,53.0,1,46.94
P1364,Plastic,1625,Medium,No,Land,3.413,Recycled Cardboard,0.67,10,65,Cosmetics,18.66,66.5,0,37.72
P1365,Metal,620,High,Yes,Air,1.116,Paper Wrap,0.14,5,40,Electronics,73.4,93.0,1,54.52
P1366,Glass,1094,Medium,Yes,Sea,1.641,Bio Bubble Wrap,1.0,15,70,Home & Decor,60.89,50.0,1,48.52
P1367,Plastic,1260,Medium,No,Sea,2.646,Recycled Cardboard,0.75,10,65,Cosmetics,36.94,62.5,0,42.21
P1368,Metal,1770,High,Yes,Sea,3.186,Minimalist Pouch,0.27,5,50,Electronics,24.07,86.5,1,40.1
P1369,Plastic,467,High,No,Land,0.981,Recycled Cardboard,0.42,10,65,E-Commerce,76.62,79.0,0,58.24
P1370,Bioplastic,154,Low,No,Sea,0.108,Paper Wrap,0.39,80,40,Pharma & Health,97.43,80.5,0,77.35
P1371,Paper,1123,High,Yes,Land,1.011,Paper Wrap,0.15,95,40,Food & Beverage,75.91,92.5,1,77.65
P1372,Ceramic,1912,Low,Yes,Sea,2.294,Bio Bubble Wrap,1.1,20,70,Home & Decor,45.33,45.0,1,43.85
P1373,Paper,1858,High,Yes,Air,1.672,Paper Wrap,0.25,95,40,Food & Beverage,60.15,87.5,1,71.67
P1374,Metal,1803,Medium,Yes,Land,3.245,Recycled Cardboard,0.42,5,65,Industrial,22.66,79.0,1,40.8
P1375,Paper,1153,High,No,Land,1.038,Paper Wrap,0.36,95,40,Food & Beverage,75.26,82.0,0,74.83
P1376,Plastic,1284,Medium,Yes,Sea,2.696,Recycled Cardboard,0.52,10,65,Cosmetics,35.75,74.0,1,44.72
P1377,Ceramic,1091,High,Yes,Land,1.309,Bio Bubble Wrap,0.86,20,70,Home & Decor,68.8,57.0,1,53.89
P1378,Paper,718,Medium,Yes,Land,0.646,Paper Wrap,0.21,95,40,Food & Beverage,84.6,89.5,1,79.5
P1379,Ceramic,1729,Low,Yes,Land,2.075,Bio Bubble Wrap,0.92,20,70,Home & Decor,50.55,54.0,1,47.66
P1380,Ceramic,1321,Medium,No,Land,1.585,Bio Bubble Wrap,0.61,20,70,Home & Decor,62.23,69.5,0,55.04
P1381,Metal,1348,High,Yes,Land,2.426,Paper Wrap,0.22,5,40,Electronics,42.18,89.0,1,44.15
P1382,Glass,588,High,No,Air,0.882,Bio Bubble Wrap,1.18,15,70,Home & Decor,78.98,41.0,0,51.69
P1383,Glass,886,Low,Yes,Land,1.329,Bio Bubble Wrap,0.68,15,70,Home & Decor,68.33,66.0,1,54.75
P1384,Paper,615,Low,Yes,Air,0.553,Paper Wrap,0.3,95,40,Food & Beverage,86.82,85.0,1,79.05
P1385,Plastic,1480,Low,Yes,Sea,3.108,Recycled Cardboard,0.46,10,65,E-Commerce,25.93,77.0,1,42.53
P1386,Bioplastic,530,Low,Yes,Sea,0.371,Paper Wrap,0.33,80,40,Pharma & Health,91.16,83.5,1,76.22
P1387,Metal,1045,High,Yes,Air,1.881,Recycled Cardboard,0.37,5,65,Electronics,55.17,81.5,1,51.18
P1388,Plastic,1729,Low,Yes,Air,3.631,Recycled Cardboard,0.78,10,65,E-Commerce,13.47,61.0,1,34.79
P1389,Ceramic,1635,High,Yes,Air,1.962,Bio Bubble Wrap,0.82,20,70,Home & Decor,53.24,59.0,1,49.72
P1390,Bioplastic,419,Medium,Yes,Sea,0.293,Paper Wrap,0.17,80,40,Pharma & Health,93.02,91.5,1,78.78
P1391,Glass,802,High,Yes,Air,1.203,Bio Bubble Wrap,0.55,15,70,Home & Decor,71.33,72.5,1,57.27
P1392,Paper,1095,High,Yes,Sea,0.986,Paper Wrap,0.15,95,40,Food & Beverage,76.5,92.5,1,77.82
P1393,Paper,1193,Medium,Yes,Land,1.074,Paper Wrap,0.26,95,40,Food & Beverage,74.4,87.0,1,75.82
P1394,Paper,1850,Medium,Yes,Air,1.665,Paper Wrap,0.2,95,40,Food & Beverage,60.32,90.0,1,72.35
P1395,Ceramic,893,Low,No,Sea,1.072,Bio Bubble Wrap,1.08,20,70,Home & Decor,74.45,46.0,0,52.84
P1396,Bioplastic,502,Low,Yes,Sea,0.351,Paper Wrap,0.23,80,40,Pharma & Health,91.63,88.5,1,77.61
P1397,Bioplastic,990,Medium,Yes,Air,0.693,Paper Wrap,0.17,80,40,Pharma & Health,83.48,91.5,1,75.92
P1398,Paper,521,High,Yes,Land,0.469,Paper Wrap,0.29,95,40,Food & Beverage,88.82,85.5,1,79.77
P1399,Ceramic,871,High,No,Sea,1.045,Bio Bubble Wrap,0.99,20,70,Home & Decor,75.1,50.5,0,54.16
P1400,Ceramic,1253,Low,No,Sea,1.504,Bio Bubble Wrap,0.62,20,70,Home & Decor,64.16,69.0,0,55.5
P1401,Glass,1755,High,Yes,Sea,2.632,Bio Bubble Wrap,0.62,15,70,Home & Decor,37.27,69.0,1,46.18
P1402,Glass,1080,Low,Yes,Air,1.62,Bio Bubble Wrap,0.53,15,70,Home & Decor,61.39,73.5,1,54.54
P1403,Ceramic,399,Medium,Yes,Sea,0.479,Bio Bubble Wrap,1.02,20,70,Home & Decor,88.58,49.0,1,57.82
P1404,Bioplastic,393,Medium,Yes,Sea,0.275,Paper Wrap,0.3,80,40,Pharma & Health,93.45,85.0,1,77.28
P1405,Plastic,461,Low,Yes,Air,0.968,Recycled Cardboard,0.54,10,65,E-Commerce,76.93,73.0,1,56.83
P1406,Glass,1583,Low,Yes,Sea,2.374,Bio Bubble Wrap,1.09,15,70,Home & Decor,43.42,45.5,1,42.15
P1407,Paper,1997,Low,Yes,Air,1.797,Paper Wrap,0.34,95,40,Food & Beverage,57.17,83.0,1,69.65
P1408,Metal,1933,Medium,Yes,Land,3.479,Minimalist Pouch,0.43,5,50,Industrial,17.09,78.5,1,36.0
P1409,Plastic,684,High,No,Sea,1.436,Recycled Cardboard,0.73,10,65,E-Commerce,65.78,63.5,0,51.11
P1410,Paper,1388,Medium,Yes,Air,1.249,Paper Wrap,0.16,95,40,Food & Beverage,70.23,92.0,1,75.82
P1411,Paper,1620,Medium,Yes,Land,1.458,Paper Wrap,0.13,95,40,Food & Beverage,65.25,93.5,1,74.7
P1412,Bioplastic,888,High,No,Air,0.622,Paper Wrap,0.18,80,40,Pharma & Health,85.18,91.0,0,76.3
P1413,Plastic,1475,Low,Yes,Air,3.098,Recycled Cardboard,0.33,10,65,E-Commerce,26.17,83.5,1,44.23
P1414,Ceramic,330,Low,Yes,Sea,0.396,Bio Bubble Wrap,0.87,20,70,Home & Decor,90.56,56.5,1,60.29
P1415,Ceramic,929,Low,Yes,Sea,1.115,Bio Bubble Wrap,1.16,20,70,Home & Decor,73.43,42.0,1,51.53
P1416,Metal,1993,Low,Yes,Air,3.587,Cornstarch Wrap,0.64,5,55,Industrial,14.51,68.0,1,33.6
P1417,Metal,888,Medium,Yes,Air,1.598,Cornstarch Wrap,0.71,5,55,Industrial,61.92,64.5,1,46.95
P1418,Bioplastic,1567,Low,Yes,Land,1.097,Paper Wrap,0.24,80,40,Pharma & Health,73.86,88.0,1,72.16
P1419,Bioplastic,1191,High,Yes,Sea,0.834,Paper Wrap,0.38,80,40,Pharma & Health,80.12,81.0,1,72.29
P1420,Paper,229,Low,No,Land,0.206,Paper Wrap,0.19,95,40,Food & Beverage,95.09,90.5,0,82.9
P1421,Bioplastic,967,Low,No,Air,0.677,Paper Wrap,0.25,80,40,Pharma & Health,83.87,87.5,0,75.04
P1422,Ceramic,497,Low,Yes,Land,0.596,Bio Bubble Wrap,0.53,20,70,Home & Decor,85.8,73.5,1,63.11
P1423,Metal,136,High,No,Land,0.245,Mushroom Foam,0.98,5,75,Electronics,94.16,51.0,0,57.25
P1424,Plastic,1207,High,Yes,Sea,2.535,Recycled Cardboard,0.79,10,65,E-Commerce,39.59,60.5,1,42.5
P1425,Glass,1428,Low,Yes,Sea,2.142,Bio Bubble Wrap,1.18,15,70,Home & Decor,48.95,41.0,1,42.68
P1426,Plastic,1687,Low,Yes,Air,3.543,Recycled Cardboard,0.3,10,65,E-Commerce,15.56,85.0,1,41.42
P1427,Glass,865,High,Yes,Land,1.298,Bio Bubble Wrap,1.17,15,70,Home & Decor,69.07,41.5,1,48.85
P1428,Bioplastic,1813,Low,No,Land,1.269,Paper Wrap,0.29,80,40,Pharma & Health,69.76,85.5,0,70.3
P1429,Ceramic,1636,Medium,No,Air,1.963,Bio Bubble Wrap,1.11,20,70,Home & Decor,53.22,44.5,0,46.09
P1430,Plastic,426,Medium,No,Sea,0.895,Recycled Cardboard,0.53,10,65,Cosmetics,78.67,73.5,0,57.48
P1431,Bioplastic,1112,High,Yes,Land,0.778,Paper Wrap,0.25,80,40,Pharma & Health,81.46,87.5,1,74.31
P1432,Bioplastic,371,Medium,Yes,Sea,0.26,Paper Wrap,0.25,80,40,Pharma & Health,93.8,87.5,1,78.02
P1433,Plastic,567,Low,Yes,Land,1.191,Recycled Cardboard,0.63,10,65,E-Commerce,71.62,68.5,1,54.11
P1434,Paper,979,Medium,Yes,Air,0.881,Paper Wrap,0.14,95,40,Food & Beverage,79.0,93.0,1,78.7
P1435,Plastic,620,Low,No,Sea,1.302,Recycled Cardboard,0.31,10,65,E-Commerce,68.97,84.5,0,57.32
P1436,Metal,1872,High,No,Sea,3.37,Recycled Cardboard,0.45,5,65,Electronics,19.69,77.5,0,39.53
P1437,Metal,633,Low,Yes,Sea,1.139,Recycled Cardboard,0.65,5,65,Industrial,72.86,67.5,1,52.98
P1438,Metal,1413,Low,Yes,Sea,2.543,Mushroom Foam,1.04,5,75,Industrial,39.39,48.0,1,40.07
P1439,Ceramic,634,Low,Yes,Sea,0.761,Bio Bubble Wrap,0.97,20,70,Home & Decor,81.86,51.5,1,56.43
P1440,Paper,544,Low,No,Land,0.49,Paper Wrap,0.39,95,40,Food & Beverage,88.32,80.5,0,78.37
P1441,Paper,1491,Low,No,Air,1.342,Paper Wrap,0.13,95,40,Food & Beverage,68.02,93.5,0,75.53
P1442,Bioplastic,1790,Medium,Yes,Sea,1.253,Paper Wrap,0.3,80,40,Pharma & Health,70.14,85.0,1,70.29
P1443,Bioplastic,1727,Medium,Yes,Air,1.209,Paper Wrap,0.23,80,40,Pharma & Health,71.19,88.5,1,71.48
P1444,Ceramic,710,Medium,Yes,Air,0.852,Bio Bubble Wrap,1.11,20,70,Home & Decor,79.69,44.5,1,54.03
P1445,Metal,1049,High,Yes,Sea,1.888,Mushroom Foam,1.01,5,75,Electronics,55.0,49.5,1,45.12
P1446,Paper,1976,High,Yes,Sea,1.778,Paper Wrap,0.31,95,40,Food & Beverage,57.63,84.5,1,70.16
P1447,Bioplastic,808,High,Yes,Land,0.566,Paper Wrap,0.35,80,40,Pharma & Health,86.51,82.5,1,74.58
P1448,Glass,1588,Medium,Yes,Air,2.382,Bio Bubble Wrap,1.16,15,70,Home & Decor,43.23,42.0,1,41.22
P1449,Ceramic,1519,Low,Yes,Sea,1.823,Bio Bubble Wrap,0.98,20,70,Home & Decor,56.55,51.0,1,48.72
P1450,Plastic,315,Medium,Yes,Air,0.661,Recycled Cardboard,0.55,10,65,Cosmetics,84.25,72.5,1,58.9
P1451,Metal,692,Low,Yes,Air,1.246,Mushroom Foam,1.54,5,75,Industrial,70.31,23.0,1,43.09
P1452,Ceramic,895,Low,No,Sea,1.074,Bio Bubble Wrap,1.11,20,70,Home & Decor,74.4,44.5,0,52.44
P1453,Plastic,1239,Medium,Yes,Land,2.602,Recycled Cardboard,0.59,10,65,Cosmetics,37.99,70.5,1,44.52
P1454,Metal,781,Low,Yes,Sea,1.406,Bio Bubble Wrap,0.52,5,70,Industrial,66.49,74.0,1,53.7
P1455,Paper,760,Medium,Yes,Sea,0.684,Paper Wrap,0.38,95,40,Food & Beverage,83.7,81.0,1,77.11
P1456,Ceramic,1039,High,No,Sea,1.247,Bio Bubble Wrap,0.98,20,70,Home & Decor,70.28,51.0,0,52.83
P1457,Metal,1540,Medium,No,Sea,2.772,Bio Bubble Wrap,0.97,5,70,Industrial,33.94,51.5,0,38.31
P1458,Plastic,1063,Medium,Yes,Sea,2.232,Recycled Cardboard,0.41,10,65,Cosmetics,46.81,79.5,1,49.42
P1459,Ceramic,1277,Low,Yes,Sea,1.532,Bio Bubble Wrap,0.96,20,70,Home & Decor,63.49,52.0,1,51.05
P1460,Paper,967,Medium,No,Air,0.87,Paper Wrap,0.22,95,40,Food & Beverage,79.27,89.0,0,77.78
P1461,Bioplastic,1366,High,Yes,Air,0.956,Paper Wrap,0.3,80,40,Pharma & Health,77.22,85.0,1,72.42
P1462,Bioplastic,1879,High,Yes,Air,1.315,Paper Wrap,0.13,80,40,Pharma & Health,68.66,93.5,1,71.97
P1463,Paper,853,High,Yes,Land,0.768,Paper Wrap,0.3,95,40,Food & Beverage,81.7,85.0,1,77.51
P1464,Plastic,1024,Low,Yes,Land,2.15,Recycled Cardboard,0.8,10,65,E-Commerce,48.76,60.0,1,45.13
P1465,Glass,887,Medium,Yes,Land,1.331,Bio Bubble Wrap,0.53,15,70,Home & Decor,68.28,73.5,1,56.61
P1466,Glass,1674,High,Yes,Sea,2.511,Bio Bubble Wrap,1.18,15,70,Home & Decor,40.16,41.0,1,40.05
P1467,Paper,139,Medium,Yes,Land,0.125,Paper Wrap,0.22,95,40,Food & Beverage,97.02,89.0,1,83.11
P1468,Metal,1108,Medium,Yes,Air,1.994,Recycled Cardboard,0.74,5,65,Industrial,52.48,63.0,1,45.74
P1469,Glass,1057,Low,Yes,Sea,1.585,Bio Bubble Wrap,1.05,15,70,Home & Decor,62.23,47.5,1,48.29
P1470,Plastic,992,High,Yes,Sea,2.083,Recycled Cardboard,0.58,10,65,E-Commerce,50.36,71.0,1,48.36
P1471,Ceramic,319,Low,Yes,Sea,0.383,Bio Bubble Wrap,1.02,20,70,Home & Decor,90.87,49.0,1,58.51
P1472,Paper,852,High,Yes,Sea,0.767,Paper Wrap,0.36,95,40,Food & Beverage,81.72,82.0,1,76.77
P1473,Metal,1017,Medium,Yes,Land,1.831,Cornstarch Wrap,0.96,5,55,Industrial,56.36,52.0,1,42.16
P1474,Metal,1351,Low,Yes,Air,2.432,Recycled Cardboard,0.46,5,65,Industrial,42.04,77.0,1,46.11
P1475,Metal,1158,High,Yes,Air,2.084,Mushroom Foam,1.6,5,75,Electronics,50.33,20.0,1,36.35
P1476,Plastic,324,Low,No,Land,0.68,Recycled Cardboard,0.7,10,65,E-Commerce,83.79,65.0,0,56.89
P1477,Bioplastic,259,Medium,No,Sea,0.181,Paper Wrap,0.33,80,40,Pharma & Health,95.69,83.5,0,77.58
P1478,Ceramic,1349,Medium,Yes,Air,1.619,Bio Bubble Wrap,1.06,20,70,Home & Decor,61.42,47.0,1,49.18
P1479,Glass,898,Medium,Yes,Sea,1.347,Bio Bubble Wrap,0.8,15,70,Home & Decor,67.9,60.0,1,53.12
P1480,Glass,1277,Medium,Yes,Land,1.915,Bio Bubble Wrap,1.07,15,70,Home & Decor,54.36,46.5,1,45.68
P1481,Bioplastic,227,Medium,Yes,Air,0.159,Paper Wrap,0.14,80,40,Pharma & Health,96.21,93.0,1,80.11
P1482,Paper,990,Low,Yes,Air,0.891,Paper Wrap,0.26,95,40,Food & Beverage,78.77,87.0,1,77.13
P1483,Ceramic,1775,Low,Yes,Sea,2.13,Bio Bubble Wrap,0.5,20,70,Home & Decor,49.24,75.0,1,52.52
P1484,Ceramic,154,Medium,Yes,Air,0.185,Bio Bubble Wrap,0.73,20,70,Home & Decor,95.59,63.5,1,63.55
P1485,Metal,1960,Low,Yes,Sea,3.528,Recycled Cardboard,0.48,5,65,Industrial,15.92,76.0,1,38.03
P1486,Paper,1087,Medium,Yes,Sea,0.978,Paper Wrap,0.22,95,40,Food & Beverage,76.69,89.0,1,77.01
P1487,Plastic,554,Low,No,Land,1.163,Recycled Cardboard,0.65,10,65,E-Commerce,72.28,67.5,0,54.06
P1488,Metal,1555,Medium,Yes,Land,2.799,Cornstarch Wrap,0.95,5,55,Industrial,33.29,52.5,1,35.36
P1489,Ceramic,933,High,Yes,Land,1.12,Bio Bubble Wrap,0.81,20,70,Home & Decor,73.31,59.5,1,55.87
P1490,Ceramic,1023,Medium,Yes,Sea,1.228,Bio Bubble Wrap,0.67,20,70,Home & Decor,70.73,66.5,1,56.84
P1491,Ceramic,819,Low,Yes,Sea,0.983,Bio Bubble Wrap,0.76,20,70,Home & Decor,76.57,62.0,1,57.47
P1492,Metal,1057,Low,Yes,Land,1.903,Recycled Cardboard,0.41,5,65,Industrial,54.65,79.5,1,50.52
P1493,Paper,1009,Low,Yes,Air,0.908,Paper Wrap,0.12,95,40,Food & Beverage,78.36,94.0,1,78.76
P1494,Metal,497,Medium,Yes,Sea,0.895,Bio Bubble Wrap,0.92,5,70,Industrial,78.67,54.0,1,52.35
P1495,Glass,1590,Low,Yes,Air,2.385,Bio Bubble Wrap,0.97,15,70,Home & Decor,43.16,51.5,1,43.57
P1496,Metal,1405,Low,Yes,Land,2.529,Cornstarch Wrap,1.16,5,55,Industrial,39.73,42.0,1,34.67
P1497,Ceramic,741,Medium,Yes,Sea,0.889,Bio Bubble Wrap,0.82,20,70,Home & Decor,78.81,59.0,1,57.39
P1498,Glass,125,Low,Yes,Sea,0.188,Bio Bubble Wrap,0.77,15,70,Home & Decor,95.52,61.5,1,61.78
P1499,Bioplastic,690,High,Yes,Land,0.483,Paper Wrap,0.36,80,40,Pharma & Health,88.49,82.0,1,75.05
P1500,Bioplastic,1395,Medium,No,Air,0.976,Paper Wrap,0.26,80,40,Pharma & Health,76.74,87.0,0,72.77
P1501,Glass,1949,Medium,Yes,Sea,2.924,Bio Bubble Wrap,0.84,15,70,Home & Decor,30.31,58.0,1,41.34
P1502,Glass,1576,Medium,Yes,Sea,2.364,Bio Bubble Wrap,0.52,15,70,Home & Decor,43.66,74.0,1,49.35
P1503,Metal,171,Low,Yes,Sea,0.308,Paper Wrap,0.2,5,40,Industrial,92.66,90.0,1,59.55
P1504,Bioplastic,1772,High,Yes,Land,1.24,Paper Wrap,0.21,80,40,Pharma & Health,70.45,89.5,1,71.51
P1505,Paper,1452,High,Yes,Land,1.307,Paper Wrap,0.22,95,40,Food & Beverage,68.85,89.0,1,74.66
P1506,Plastic,1961,Medium,Yes,Sea,4.118,Recycled Cardboard,0.59,10,65,Cosmetics,1.86,70.5,1,33.68
P1507,Glass,1688,Low,Yes,Air,2.532,Bio Bubble Wrap,0.87,15,70,Home & Decor,39.66,56.5,1,43.77
P1508,Plastic,1258,Low,Yes,Air,2.642,Recycled Cardboard,0.6,10,65,E-Commerce,37.04,70.0,1,44.11
P1509,Bioplastic,534,Low,Yes,Air,0.374,Paper Wrap,0.33,80,40,Pharma & Health,91.09,83.5,1,76.2
P1510,Metal,452,Low,No,Air,0.814,Bio Bubble Wrap,1.07,5,70,Industrial,80.6,46.5,0,51.05
P1511,Ceramic,327,Low,Yes,Sea,0.392,Bio Bubble Wrap,1.0,20,70,Home & Decor,90.66,50.0,1,58.7
P1512,Metal,1603,Medium,Yes,Land,2.885,Cornstarch Wrap,1.46,5,55,Industrial,31.24,27.0,1,28.37
P1513,Paper,427,Low,Yes,Air,0.384,Paper Wrap,0.11,95,40,Food & Beverage,90.85,94.5,1,82.63
P1514,Glass,1536,Low,Yes,Air,2.304,Bio Bubble Wrap,0.64,15,70,Home & Decor,45.09,68.0,1,48.28
P1515,Plastic,171,Low,Yes,Air,0.359,Recycled Cardboard,0.3,10,65,E-Commerce,91.44,85.0,1,64.18
P1516,Bioplastic,1516,High,Yes,Air,1.061,Paper Wrap,0.29,80,40,Pharma & Health,74.71,85.5,1,71.79
P1517,Plastic,596,Medium,Yes,Air,1.252,Recycled Cardboard,0.75,10,65,Cosmetics,70.16,62.5,1,52.17
P1518,Glass,339,Medium,Yes,Air,0.508,Bio Bubble Wrap,0.67,15,70,Home & Decor,87.89,66.5,1,60.74
P1519,Bioplastic,1761,Medium,Yes,Sea,1.233,Paper Wrap,0.38,80,40,Pharma & Health,70.61,81.0,1,69.43
P1520,Ceramic,241,Medium,Yes,Sea,0.289,Bio Bubble Wrap,0.54,20,70,Home & Decor,93.11,73.0,1,65.18
P1521,Metal,340,Medium,Yes,Sea,0.612,Cornstarch Wrap,1.44,5,55,Industrial,85.41,28.0,1,44.87
P1522,Paper,1250,Medium,Yes,Land,1.125,Paper Wrap,0.21,95,40,Food & Beverage,73.19,89.5,1,76.08
P1523,Plastic,720,Low,Yes,Air,1.512,Recycled Cardboard,0.35,10,65,E-Commerce,63.97,82.5,1,55.32
P1524,Plastic,1179,High,Yes,Land,2.476,Recycled Cardboard,0.54,10,65,E-Commerce,40.99,73.0,1,46.05
P1525,Metal,1653,Medium,No,Sea,2.975,Mushroom Foam,1.11,5,75,Industrial,29.1,44.5,0,36.11
P1526,Plastic,567,Low,Yes,Air,1.191,Recycled Cardboard,0.44,10,65,E-Commerce,71.62,78.0,1,56.49
P1527,Bioplastic,624,Medium,Yes,Land,0.437,Paper Wrap,0.19,80,40,Pharma & Health,89.59,90.5,1,77.5
P1528,Bioplastic,841,Medium,Yes,Land,0.589,Paper Wrap,0.34,80,40,Pharma & Health,85.96,83.0,1,74.54
P1529,Metal,1871,Medium,No,Sea,3.368,Paper Wrap,0.26,5,40,Industrial,19.73,87.0,0,36.92
P1530,Paper,1368,Low,Yes,Air,1.231,Paper Wrap,0.19,95,40,Food & Beverage,70.66,90.5,1,75.57
P1531,Paper,1596,Medium,Yes,Land,1.436,Paper Wrap,0.28,95,40,Food & Beverage,65.78,86.0,1,72.98
P1532,Paper,1893,Medium,Yes,Sea,1.704,Paper Wrap,0.31,95,40,Food & Beverage,59.39,84.5,1,70.69
P1533,Plastic,1487,Medium,Yes,Sea,3.123,Recycled Cardboard,0.44,10,65,Cosmetics,25.57,78.0,1,42.67
P1534,Glass,1544,Medium,Yes,Sea,2.316,Bio Bubble Wrap,0.79,15,70,Home & Decor,44.8,60.5,1,46.32
P1535,Metal,1196,Low,Yes,Land,2.153,Recycled Cardboard,0.36,5,65,Industrial,48.69,82.0,1,49.36
P1536,Paper,914,Low,No,Land,0.823,Paper Wrap,0.15,95,40,Food & Beverage,80.39,92.5,0,78.99
P1537,Plastic,1543,Low,Yes,Sea,3.24,Recycled Cardboard,0.64,10,65,E-Commerce,22.78,68.0,1,39.33
P1538,Bioplastic,1024,High,Yes,Air,0.717,Paper Wrap,0.15,80,40,Pharma & Health,82.91,92.5,1,76.0
P1539,Metal,1500,Medium,Yes,Air,2.7,Paper Wrap,0.26,5,40,Industrial,35.65,87.0,1,41.7
P1540,Ceramic,748,Medium,Yes,Air,0.898,Bio Bubble Wrap,1.0,20,70,Home & Decor,78.6,50.0,1,55.08
P1541,Plastic,699,Medium,Yes,Air,1.468,Recycled Cardboard,0.35,10,65,Cosmetics,65.01,82.5,1,55.63
P1542,Paper,781,Low,Yes,Land,0.703,Paper Wrap,0.27,95,40,Food & Beverage,83.25,86.5,1,78.35
P1543,Glass,1442,High,Yes,Air,2.163,Bio Bubble Wrap,0.68,15,70,Home & Decor,48.45,66.0,1,48.78
P1544,Metal,248,Low,Yes,Sea,0.446,Paper Wrap,0.39,5,40,Industrial,89.37,80.5,1,56.19
P1545,Paper,500,Low,Yes,Air,0.45,Paper Wrap,0.25,95,40,Food & Beverage,89.28,87.5,1,80.41
P1546,Glass,1305,Medium,Yes,Land,1.958,Bio Bubble Wrap,1.06,15,70,Home & Decor,53.34,47.0,1,45.5
P1547,Plastic,956,High,No,Air,2.008,Recycled Cardboard,0.58,10,65,E-Commerce,52.14,71.0,0,48.89
P1548,Ceramic,1095,Low,Yes,Land,1.314,Bio Bubble Wrap,0.53,20,70,Home & Decor,68.68,73.5,1,57.98
P1549,Plastic,523,High,Yes,Sea,1.098,Recycled Cardboard,0.62,10,65,E-Commerce,73.83,69.0,1,54.9
P1550,Plastic,925,Medium,No,Air,1.942,Recycled Cardboard,0.78,10,65,Cosmetics,53.72,61.0,0,46.87
P1551,Bioplastic,1137,Medium,Yes,Land,0.796,Paper Wrap,0.28,80,40,Pharma & Health,81.03,86.0,1,73.81
P1552,Ceramic,903,High,Yes,Land,1.084,Bio Bubble Wrap,1.07,20,70,Home & Decor,74.17,46.5,1,52.88
P1553,Ceramic,1870,High,No,Sea,2.244,Bio Bubble Wrap,1.12,20,70,Home & Decor,46.52,44.0,0,43.96
P1554,Metal,1687,Low,No,Air,3.037,Mushroom Foam,1.07,5,75,Industrial,27.62,46.5,0,36.16
P1555,Glass,842,Medium,No,Air,1.263,Bio Bubble Wrap,0.65,15,70,Home & Decor,69.9,67.5,0,55.6
P1556,Glass,1215,Low,Yes,Air,1.823,Bio Bubble Wrap,0.93,15,70,Home & Decor,56.55,53.5,1,48.09
P1557,Metal,784,High,Yes,Air,1.411,Minimalist Pouch,0.36,5,50,Electronics,66.37,82.0,1,51.66
P1558,Bioplastic,324,High,Yes,Sea,0.227,Paper Wrap,0.35,80,40,Pharma & Health,94.59,82.5,1,77.0
P1559,Paper,890,High,No,Sea,0.801,Paper Wrap,0.37,95,40,Food & Beverage,80.91,81.5,0,76.4
P1560,Paper,905,Low,Yes,Land,0.815,Paper Wrap,0.21,95,40,Food & Beverage,80.58,89.5,1,78.3
P1561,Plastic,612,Medium,Yes,Sea,1.285,Recycled Cardboard,0.42,10,65,Cosmetics,69.38,79.0,1,56.06
P1562,Paper,724,Low,Yes,Air,0.652,Paper Wrap,0.33,95,40,Food & Beverage,84.46,83.5,1,77.96
P1563,Plastic,626,High,Yes,Land,1.315,Recycled Cardboard,0.44,10,65,E-Commerce,68.66,78.0,1,55.6
P1564,Paper,172,Low,Yes,Air,0.155,Paper Wrap,0.35,95,40,Food & Beverage,96.31,82.5,1,81.27
P1565,Plastic,479,Low,Yes,Sea,1.006,Recycled Cardboard,0.51,10,65,E-Commerce,76.02,74.5,1,56.93
P1566,Metal,632,Low,Yes,Air,1.138,Bio Bubble Wrap,0.97,5,70,Industrial,72.88,51.5,1,49.99
P1567,Metal,361,Medium,Yes,Air,0.65,Mushroom Foam,0.91,5,75,Industrial,84.51,54.5,1,55.23
P1568,Bioplastic,994,Medium,Yes,Land,0.696,Paper Wrap,0.29,80,40,Pharma & Health,83.41,85.5,1,74.4
P1569,Glass,607,Medium,Yes,Air,0.91,Bio Bubble Wrap,0.82,15,70,Home & Decor,78.31,59.0,1,55.99
P1570,Ceramic,1369,High,Yes,Land,1.643,Bio Bubble Wrap,0.91,20,70,Home & Decor,60.84,54.5,1,50.88
P1571,Paper,1233,High,No,Air,1.11,Paper Wrap,0.15,95,40,Food & Beverage,73.55,92.5,0,76.94
P1572,Plastic,1370,Low,Yes,Sea,2.877,Recycled Cardboard,0.67,10,65,E-Commerce,31.43,66.5,1,41.55
P1573,Glass,1635,Low,No,Land,2.453,Bio Bubble Wrap,1.1,15,70,Home & Decor,41.54,45.0,0,41.46
P1574,Glass,1344,Low,Yes,Land,2.016,Bio Bubble Wrap,0.65,15,70,Home & Decor,51.95,67.5,1,50.21
P1575,Paper,1720,High,No,Air,1.548,Paper Wrap,0.13,95,40,Food & Beverage,63.11,93.5,0,74.06
P1576,Paper,642,Low,Yes,Land,0.578,Paper Wrap,0.11,95,40,Food & Beverage,86.22,94.5,1,81.24
P1577,Glass,1760,Low,Yes,Air,2.64,Bio Bubble Wrap,0.95,15,70,Home & Decor,37.08,52.5,1,42.0
P1578,Paper,371,High,Yes,Sea,0.334,Paper Wrap,0.28,95,40,Food & Beverage,92.04,86.0,1,80.86
P1579,Paper,595,Medium,Yes,Sea,0.535,Paper Wrap,0.26,95,40,Food & Beverage,87.25,87.0,1,79.68
P1580,Metal,642,High,Yes,Air,1.156,Recycled Cardboard,0.42,5,65,Electronics,72.45,79.0,1,55.74
P1581,Ceramic,744,Medium,Yes,Land,0.893,Bio Bubble Wrap,0.77,20,70,Home & Decor,78.72,61.5,1,57.99
P1582,Metal,535,Medium,No,Land,0.963,Paper Wrap,0.28,5,40,Industrial,77.05,86.0,0,53.86
P1583,Paper,220,Medium,Yes,Sea,0.198,Paper Wrap,0.25,95,40,Food & Beverage,95.28,87.5,1,82.21
P1584,Metal,1985,High,Yes,Land,3.573,Paper Wrap,0.4,5,40,Electronics,14.85,80.0,1,33.7
P1585,Ceramic,502,Low,No,Sea,0.602,Bio Bubble Wrap,0.6,20,70,Home & Decor,85.65,70.0,0,62.2
P1586,Ceramic,1962,Medium,Yes,Sea,2.354,Bio Bubble Wrap,0.99,20,70,Home & Decor,43.9,50.5,1,44.8
P1587,Glass,755,Low,Yes,Land,1.133,Bio Bubble Wrap,0.78,15,70,Home & Decor,73.0,61.0,1,54.9
P1588,Paper,329,Medium,Yes,Land,0.296,Paper Wrap,0.23,95,40,Food & Beverage,92.95,88.5,1,81.76
P1589,Glass,750,Low,Yes,Sea,1.125,Bio Bubble Wrap,1.0,15,70,Home & Decor,73.19,50.0,1,52.21
P1590,Glass,1296,Low,Yes,Land,1.944,Bio Bubble Wrap,0.98,15,70,Home & Decor,53.67,51.0,1,46.6
P1591,Metal,857,Medium,Yes,Air,1.543,Minimalist Pouch,0.6,5,50,Industrial,63.23,70.0,1,47.72
P1592,Glass,1856,High,No,Sea,2.784,Bio Bubble Wrap,0.59,15,70,Home & Decor,33.65,70.5,0,45.47
P1593,Glass,791,Low,Yes,Land,1.187,Bio Bubble Wrap,0.57,15,70,Home & Decor,71.71,71.5,1,57.14
P1594,Paper,1136,Medium,Yes,Land,1.022,Paper Wrap,0.32,95,40,Food & Beverage,75.64,84.0,1,75.44
P1595,Plastic,234,High,Yes,Land,0.491,Recycled Cardboard,0.59,10,65,E-Commerce,88.3,70.5,1,59.61
P1596,Metal,1029,Medium,No,Land,1.852,Bio Bubble Wrap,0.69,5,70,Industrial,55.86,65.5,0,48.38
P1597,Glass,409,Medium,Yes,Land,0.614,Bio Bubble Wrap,0.56,15,70,Home & Decor,85.37,72.0,1,61.36
P1598,Paper,824,High,Yes,Sea,0.742,Paper Wrap,0.13,95,40,Food & Beverage,82.32,93.5,1,79.82
P1599,Metal,1704,Medium,Yes,Air,3.067,Recycled Cardboard,0.75,5,65,Industrial,26.91,62.5,1,37.95
P1600,Glass,476,Low,Yes,Air,0.714,Bio Bubble Wrap,0.63,15,70,Home & Decor,82.98,68.5,1,59.77
P1601,Plastic,534,Medium,Yes,Land,1.121,Recycled Cardboard,0.46,10,65,Cosmetics,73.28,77.0,1,56.73
P1602,Ceramic,427,Medium,Yes,Land,0.512,Bio Bubble Wrap,0.66,20,70,Home & Decor,87.8,67.0,1,62.09
P1603,Plastic,343,High,No,Sea,0.72,Recycled Cardboard,0.48,10,65,E-Commerce,82.84,76.0,0,59.35
P1604,Glass,416,Medium,Yes,Sea,0.624,Bio Bubble Wrap,0.55,15,70,Home & Decor,85.13,72.5,1,61.41
P1605,Glass,405,Low,No,Land,0.608,Bio Bubble Wrap,0.86,15,70,Home & Decor,85.51,57.0,0,57.65
P1606,Ceramic,1780,Medium,Yes,Land,2.136,Bio Bubble Wrap,0.55,20,70,Home & Decor,49.09,72.5,1,51.85
P1607,Metal,623,Medium,Yes,Sea,1.121,Recycled Cardboard,0.7,5,65,Industrial,73.28,65.0,1,52.48
P1608,Glass,1546,High,Yes,Air,2.319,Bio Bubble Wrap,0.66,15,70,Home & Decor,44.73,67.0,1,47.92
P1609,Plastic,1280,High,Yes,Air,2.688,Recycled Cardboard,0.57,10,65,E-Commerce,35.94,71.5,1,44.16
P1610,Paper,1451,Low,Yes,Sea,1.306,Paper Wrap,0.36,95,40,Food & Beverage,68.88,82.0,1,72.91
P1611,Glass,1444,Medium,Yes,Land,2.166,Bio Bubble Wrap,0.96,15,70,Home & Decor,48.38,52.0,1,45.26
P1612,Glass,1498,Medium,No,Sea,2.247,Bio Bubble Wrap,0.87,15,70,Home & Decor,46.45,56.5,0,45.81
P1613,Metal,1135,Low,Yes,Sea,2.043,Paper Wrap,0.2,5,40,Industrial,51.31,90.0,1,47.14
P1614,Metal,416,Medium,No,Air,0.749,Minimalist Pouch,0.33,5,50,Industrial,82.15,83.5,0,56.77
P1615,Metal,848,High,Yes,Land,1.526,Paper Wrap,0.3,5,40,Electronics,63.63,85.0,1,49.59
P1616,Plastic,1002,Low,Yes,Land,2.104,Recycled Cardboard,0.8,10,65,E-Commerce,49.86,60.0,1,45.46
P1617,Bioplastic,1876,Medium,Yes,Sea,1.313,Paper Wrap,0.3,80,40,Pharma & Health,68.71,85.0,1,69.86
P1618,Paper,1898,Medium,No,Sea,1.708,Paper Wrap,0.27,95,40,Food & Beverage,59.29,86.5,0,71.16
P1619,Bioplastic,1310,Medium,Yes,Land,0.917,Paper Wrap,0.32,80,40,Pharma & Health,78.15,84.0,1,72.44
P1620,Plastic,575,Low,Yes,Air,1.208,Recycled Cardboard,0.53,10,65,E-Commerce,71.21,73.5,1,55.24
P1621,Metal,1903,Low,Yes,Sea,3.425,Minimalist Pouch,0.22,5,50,Industrial,18.37,89.0,1,39.01
P1622,Metal,1344,Medium,Yes,Air,2.419,Bio Bubble Wrap,0.89,5,70,Industrial,42.35,55.5,1,41.83
P1623,Glass,314,Low,No,Sea,0.471,Bio Bubble Wrap,1.17,15,70,Home & Decor,88.78,41.5,0,54.76
P1624,Plastic,1733,Medium,Yes,Air,3.639,Recycled Cardboard,0.39,10,65,Cosmetics,13.27,80.5,1,39.61
P1625,Glass,820,Low,No,Land,1.23,Bio Bubble Wrap,0.98,15,70,Home & Decor,70.69,51.0,0,51.71
P1626,Glass,593,Medium,Yes,Land,0.889,Bio Bubble Wrap,0.64,15,70,Home & Decor,78.81,68.0,1,58.39
P1627,Ceramic,1779,Medium,Yes,Sea,2.135,Bio Bubble Wrap,0.88,20,70,Home & Decor,49.12,56.0,1,47.74
P1628,Metal,1785,Medium,Yes,Sea,3.213,Paper Wrap,0.13,5,40,Industrial,23.43,93.5,1,39.65
P1629,Glass,1496,High,Yes,Land,2.244,Bio Bubble Wrap,0.82,15,70,Home & Decor,46.52,59.0,1,46.46
P1630,Ceramic,1075,Low,No,Air,1.29,Bio Bubble Wrap,1.03,20,70,Home & Decor,69.26,48.5,0,51.9
P1631,Paper,1265,Low,Yes,Air,1.139,Paper Wrap,0.2,95,40,Food & Beverage,72.86,90.0,1,76.11
P1632,Plastic,697,Medium,Yes,Air,1.464,Recycled Cardboard,0.63,10,65,Cosmetics,65.11,68.5,1,52.16
P1633,Metal,1434,Medium,Yes,Air,2.581,Cornstarch Wrap,1.32,5,55,Industrial,38.49,34.0,1,32.3
P1634,Bioplastic,1087,Low,Yes,Land,0.761,Paper Wrap,0.38,80,40,Pharma & Health,81.86,81.0,1,72.81
P1635,Plastic,1331,High,Yes,Sea,2.795,Recycled Cardboard,0.42,10,65,E-Commerce,33.39,79.0,1,45.27
P1636,Metal,1494,High,Yes,Sea,2.689,Minimalist Pouch,0.36,5,50,Electronics,35.92,82.0,1,42.53
P1637,Ceramic,178,Low,Yes,Air,0.214,Bio Bubble Wrap,0.61,20,70,Home & Decor,94.9,69.5,1,64.84
P1638,Ceramic,1539,Medium,Yes,Air,1.847,Bio Bubble Wrap,1.19,20,70,Home & Decor,55.98,40.5,1,45.92
P1639,Plastic,1501,High,Yes,Air,3.152,Recycled Cardboard,0.76,10,65,E-Commerce,24.88,62.0,1,38.46
P1640,Bioplastic,769,Low,Yes,Air,0.538,Paper Wrap,0.26,80,40,Pharma & Health,87.18,87.0,1,75.9
P1641,Bioplastic,1256,Low,Yes,Sea,0.879,Paper Wrap,0.35,80,40,Pharma & Health,79.05,82.5,1,72.34
P1642,Glass,1177,Low,Yes,Sea,1.766,Bio Bubble Wrap,0.86,15,70,Home & Decor,57.91,57.0,1,49.37
P1643,Metal,532,Low,Yes,Land,0.958,Recycled Cardboard,0.61,5,65,Industrial,77.17,69.5,1,54.78
P1644,Metal,1802,Low,Yes,Sea,3.244,Minimalist Pouch,0.24,5,50,Industrial,22.69,88.0,1,40.06
P1645,Glass,1607,Medium,Yes,Air,2.41,Bio Bubble Wrap,1.03,15,70,Home & Decor,42.56,48.5,1,42.64
P1646,Paper,1926,Low,No,Land,1.733,Paper Wrap,0.14,95,40,Food & Beverage,58.7,93.0,0,72.61
P1647,Plastic,1917,Medium,Yes,Sea,4.026,Recycled Cardboard,0.71,10,65,Cosmetics,4.05,64.5,1,32.84
P1648,Metal,1810,Medium,Yes,Air,3.258,Mushroom Foam,1.74,5,75,Industrial,22.35,13.0,1,26.2
P1649,Glass,1601,Medium,Yes,Air,2.401,Bio Bubble Wrap,1.0,15,70,Home & Decor,42.78,50.0,1,43.08
P1650,Paper,1266,Low,Yes,Sea,1.139,Paper Wrap,0.11,95,40,Food & Beverage,72.86,94.5,1,77.23
P1651,Metal,1799,Medium,No,Land,3.238,Bio Bubble Wrap,0.71,5,70,Industrial,22.83,64.5,0,38.22
P1652,Paper,1967,Low,Yes,Air,1.77,Paper Wrap,0.18,95,40,Food & Beverage,57.82,91.0,1,71.85
P1653,Glass,530,Low,Yes,Land,0.795,Bio Bubble Wrap,0.75,15,70,Home & Decor,81.05,62.5,1,57.69
P1654,Ceramic,599,High,Yes,Sea,0.719,Bio Bubble Wrap,0.56,20,70,Home & Decor,82.86,72.0,1,61.86
P1655,Ceramic,456,High,Yes,Sea,0.547,Bio Bubble Wrap,1.16,20,70,Home & Decor,86.96,42.0,1,55.59
P1656,Paper,109,Medium,Yes,Sea,0.098,Paper Wrap,0.27,95,40,Food & Beverage,97.66,86.5,1,82.67
P1657,Plastic,1002,Low,Yes,Sea,2.104,Recycled Cardboard,0.45,10,65,E-Commerce,49.86,77.5,1,49.83
P1658,Plastic,1936,Low,Yes,Sea,4.066,Recycled Cardboard,0.5,10,65,E-Commerce,3.1,75.0,1,35.18
P1659,Metal,1359,Low,No,Air,2.446,Recycled Cardboard,0.52,5,65,Industrial,41.71,74.0,0,45.26
P1660,Bioplastic,1983,Medium,Yes,Air,1.388,Paper Wrap,0.28,80,40,Pharma & Health,66.92,86.0,1,69.58
P1661,Ceramic,1909,Low,Yes,Air,2.291,Bio Bubble Wrap,0.86,20,70,Home & Decor,45.4,57.0,1,46.87
P1662,Metal,1975,Medium,No,Land,3.555,Paper Wrap,0.38,5,40,Industrial,15.28,81.0,0,34.08
P1663,Ceramic,1373,Low,Yes,Sea,1.648,Bio Bubble Wrap,0.85,20,70,Home & Decor,60.72,57.5,1,51.59
P1664,Metal,688,Low,No,Land,1.238,Recycled Cardboard,0.8,5,65,Industrial,70.5,60.0,0,50.4
P1665,Ceramic,1393,Low,Yes,Sea,1.672,Bio Bubble Wrap,1.1,20,70,Home & Decor,60.15,45.0,1,48.3
P1666,Paper,935,High,Yes,Land,0.842,Paper Wrap,0.16,95,40,Food & Beverage,79.93,92.0,1,78.73
P1667,Bioplastic,973,Medium,Yes,Air,0.681,Paper Wrap,0.38,80,40,Pharma & Health,83.77,81.0,1,73.38
P1668,Ceramic,1437,Medium,Yes,Land,1.724,Bio Bubble Wrap,0.58,20,70,Home & Decor,58.91,71.0,1,54.42
P1669,Paper,1167,Medium,No,Air,1.05,Paper Wrap,0.35,95,40,Food & Beverage,74.98,82.5,0,74.87
P1670,Ceramic,561,Medium,Yes,Land,0.673,Bio Bubble Wrap,0.77,20,70,Home & Decor,83.96,61.5,1,59.56
P1671,Metal,1841,High,No,Air,3.314,Mushroom Foam,1.85,5,75,Electronics,21.02,7.5,0,24.43
P1672,Glass,537,Medium,Yes,Air,0.805,Bio Bubble Wrap,1.11,15,70,Home & Decor,80.82,44.5,1,53.12
P1673,Ceramic,1330,Medium,Yes,Sea,1.596,Bio Bubble Wrap,1.06,20,70,Home & Decor,61.96,47.0,1,49.34
P1674,Plastic,810,Medium,No,Land,1.701,Recycled Cardboard,0.7,10,65,Cosmetics,59.46,65.0,0,49.59
P1675,Bioplastic,126,Low,Yes,Land,0.088,Paper Wrap,0.19,80,40,Pharma & Health,97.9,90.5,1,80.0
P1676,Bioplastic,888,High,Yes,Sea,0.622,Paper Wrap,0.12,80,40,Pharma & Health,85.18,94.0,1,77.05
P1677,Paper,1954,Low,Yes,Sea,1.759,Paper Wrap,0.22,95,40,Food & Beverage,58.08,89.0,1,71.42
P1678,Plastic,561,Low,Yes,Land,1.178,Recycled Cardboard,0.39,10,65,E-Commerce,71.93,80.5,1,57.2
P1679,Bioplastic,1311,Low,Yes,Sea,0.918,Paper Wrap,0.31,80,40,Pharma & Health,78.12,84.5,1,72.56
P1680,Plastic,1352,Low,Yes,Sea,2.839,Recycled Cardboard,0.47,10,65,E-Commerce,32.34,76.5,1,44.33
P1681,Bioplastic,937,High,Yes,Land,0.656,Paper Wrap,0.39,80,40,Pharma & Health,84.37,80.5,1,73.44
P1682,Metal,795,Medium,Yes,Sea,1.431,Paper Wrap,0.29,5,40,Industrial,65.9,85.5,1,50.4
P1683,Plastic,870,Low,Yes,Sea,1.827,Recycled Cardboard,0.71,10,65,E-Commerce,56.46,64.5,1,48.56
P1684,Ceramic,1997,Medium,No,Sea,2.396,Bio Bubble Wrap,0.59,20,70,Home & Decor,42.9,70.5,0,49.5
P1685,Metal,1916,Medium,Yes,Sea,3.449,Bio Bubble Wrap,1.1,5,70,Industrial,17.8,45.0,1,31.84
P1686,Ceramic,1055,Medium,Yes,Sea,1.266,Bio Bubble Wrap,1.15,20,70,Home & Decor,69.83,42.5,1,50.57
P1687,Glass,709,Low,Yes,Air,1.063,Bio Bubble Wrap,0.84,15,70,Home & Decor,74.67,58.0,1,54.65
P1688,Ceramic,804,High,Yes,Sea,0.965,Bio Bubble Wrap,0.92,20,70,Home & Decor,77.0,54.0,1,55.6
P1689,Paper,747,Low,Yes,Sea,0.672,Paper Wrap,0.33,95,40,Food & Beverage,83.98,83.5,1,77.82
P1690,Bioplastic,128,Low,Yes,Land,0.09,Paper Wrap,0.15,80,40,Pharma & Health,97.86,92.5,1,80.48
P1691,Paper,735,Low,Yes,Air,0.661,Paper Wrap,0.25,95,40,Food & Beverage,84.25,87.5,1,78.9
P1692,Bioplastic,1310,Medium,Yes,Air,0.917,Paper Wrap,0.22,80,40,Pharma & Health,78.15,89.0,1,73.69
P1693,Metal,1971,Medium,Yes,Air,3.548,Minimalist Pouch,0.26,5,50,Industrial,15.44,87.0,1,37.63
P1694,Ceramic,176,Medium,No,Air,0.211,Bio Bubble Wrap,0.76,20,70,Home & Decor,94.97,62.0,0,62.99
P1695,Metal,1672,Medium,Yes,Sea,3.01,Cornstarch Wrap,0.66,5,55,Industrial,28.27,67.0,1,37.48
P1696,Paper,1328,Low,No,Air,1.195,Paper Wrap,0.11,95,40,Food & Beverage,71.52,94.5,0,76.83
P1697,Plastic,132,Low,No,Land,0.277,Recycled Cardboard,0.37,10,65,E-Commerce,93.4,81.5,0,63.9
P1698,Metal,1910,Medium,Yes,Air,3.438,Minimalist Pouch,0.59,5,50,Industrial,18.06,70.5,1,34.29
P1699,Plastic,155,Medium,Yes,Land,0.326,Recycled Cardboard,0.57,10,65,Cosmetics,92.23,71.5,1,61.04
P1700,Metal,1897,Medium,Yes,Sea,3.415,Bio Bubble Wrap,1.18,5,70,Industrial,18.61,41.0,1,31.08
P1701,Glass,1247,High,Yes,Sea,1.871,Bio Bubble Wrap,0.8,15,70,Home & Decor,55.41,60.0,1,49.37
P1702,Metal,785,High,No,Air,1.413,Cornstarch Wrap,0.88,5,55,Electronics,66.33,56.0,0,46.15
P1703,Paper,1625,Low,Yes,Sea,1.462,Paper Wrap,0.25,95,40,Food & Beverage,65.16,87.5,1,73.17
P1704,Bioplastic,833,Medium,Yes,Land,0.583,Paper Wrap,0.23,80,40,Pharma & Health,86.11,88.5,1,75.96
P1705,Bioplastic,1978,Medium,Yes,Air,1.385,Paper Wrap,0.13,80,40,Pharma & Health,66.99,93.5,1,71.47
P1706,Bioplastic,1296,High,Yes,Land,0.907,Paper Wrap,0.29,80,40,Pharma & Health,78.38,85.5,1,72.89
P1707,Bioplastic,624,Medium,Yes,Air,0.437,Paper Wrap,0.16,80,40,Pharma & Health,89.59,92.0,1,77.88
P1708,Ceramic,585,Low,Yes,Air,0.702,Bio Bubble Wrap,0.93,20,70,Home & Decor,83.27,53.5,1,57.36
P1709,Bioplastic,1264,Medium,Yes,Air,0.885,Paper Wrap,0.3,80,40,Pharma & Health,78.91,85.0,1,72.92
P1710,Ceramic,1501,Medium,Yes,Sea,1.801,Bio Bubble Wrap,0.61,20,70,Home & Decor,57.08,69.5,1,53.5
P1711,Ceramic,801,Medium,No,Land,0.961,Bio Bubble Wrap,0.54,20,70,Home & Decor,77.1,73.0,0,60.38
P1712,Metal,1634,Low,No,Air,2.941,Cornstarch Wrap,1.3,5,55,Industrial,29.91,35.0,0,29.97
P1713,Ceramic,1619,Low,Yes,Land,1.943,Bio Bubble Wrap,0.82,20,70,Home & Decor,53.69,59.0,1,49.86
P1714,Ceramic,1230,Medium,Yes,Air,1.476,Bio Bubble Wrap,0.54,20,70,Home & Decor,64.82,73.0,1,56.7
P1715,Plastic,815,Low,Yes,Sea,1.712,Recycled Cardboard,0.8,10,65,E-Commerce,59.2,60.0,1,48.26
P1716,Plastic,1692,Low,Yes,Sea,3.553,Recycled Cardboard,0.33,10,65,E-Commerce,15.32,83.5,1,40.97
P1717,Bioplastic,831,Medium,Yes,Land,0.582,Paper Wrap,0.31,80,40,Pharma & Health,86.13,84.5,1,74.96
P1718,Bioplastic,530,High,Yes,Sea,0.371,Paper Wrap,0.4,80,40,Pharma & Health,91.16,80.0,1,75.35
P1719,Paper,1457,Medium,Yes,Sea,1.311,Paper Wrap,0.17,95,40,Food & Beverage,68.76,91.5,1,75.25
P1720,Metal,671,Low,Yes,Air,1.208,Minimalist Pouch,0.26,5,50,Industrial,71.21,87.0,1,54.36
P1721,Ceramic,1720,Medium,No,Land,2.064,Bio Bubble Wrap,0.58,20,70,Home & Decor,50.81,71.0,0,51.99
P1722,Metal,963,Low,Yes,Land,1.733,Minimalist Pouch,0.32,5,50,Industrial,58.7,84.0,1,49.86
P1723,Ceramic,1148,Low,Yes,Air,1.378,Bio Bubble Wrap,0.57,20,70,Home & Decor,67.16,71.5,1,57.02
P1724,Plastic,1002,Low,Yes,Sea,2.104,Recycled Cardboard,0.65,10,65,E-Commerce,49.86,67.5,1,47.33
P1725,Plastic,1734,Low,No,Air,3.641,Recycled Cardboard,0.33,10,65,E-Commerce,13.23,83.5,0,40.34
P1726,Ceramic,261,Low,Yes,Sea,0.313,Bio Bubble Wrap,0.86,20,70,Home & Decor,92.54,57.0,1,61.01
P1727,Bioplastic,1885,Low,Yes,Land,1.319,Paper Wrap,0.4,80,40,Pharma & Health,68.57,80.0,1,68.57
P1728,Ceramic,1543,Low,Yes,Land,1.852,Bio Bubble Wrap,1.07,20,70,Home & Decor,55.86,46.5,1,47.38
P1729,Ceramic,1825,Low,Yes,Sea,2.19,Bio Bubble Wrap,0.93,20,70,Home & Decor,47.81,53.5,1,46.72
P1730,Bioplastic,855,Low,Yes,Land,0.599,Paper Wrap,0.19,80,40,Pharma & Health,85.72,90.5,1,76.34
P1731,Plastic,1603,Medium,Yes,Sea,3.366,Recycled Cardboard,0.61,10,65,Cosmetics,19.78,69.5,1,38.81
P1732,Metal,1645,Low,Yes,Land,2.961,Cornstarch Wrap,1.07,5,55,Industrial,29.43,46.5,1,32.7
P1733,Bioplastic,196,Low,No,Land,0.137,Paper Wrap,0.23,80,40,Pharma & Health,96.73,88.5,0,79.14
P1734,Paper,1850,Low,No,Air,1.665,Paper Wrap,0.14,95,40,Food & Beverage,60.32,93.0,0,73.1
P1735,Glass,689,High,Yes,Land,1.034,Bio Bubble Wrap,1.12,15,70,Home & Decor,75.36,44.0,1,51.36
P1736,Glass,1951,Medium,Yes,Air,2.926,Bio Bubble Wrap,0.81,15,70,Home & Decor,30.27,59.5,1,41.71
P1737,Bioplastic,705,Low,Yes,Land,0.493,Paper Wrap,0.16,80,40,Pharma & Health,88.25,92.0,1,77.47
P1738,Metal,1739,High,Yes,Land,3.13,Recycled Cardboard,0.48,5,65,Electronics,25.41,76.0,1,40.87
P1739,Bioplastic,1915,Medium,Yes,Land,1.341,Paper Wrap,0.22,80,40,Pharma & Health,68.04,89.0,1,70.66
P1740,Glass,596,Medium,Yes,Air,0.894,Bio Bubble Wrap,1.08,15,70,Home & Decor,78.69,46.0,1,52.86
P1741,Plastic,1006,High,Yes,Sea,2.113,Recycled Cardboard,0.67,10,65,E-Commerce,49.64,66.5,1,47.02
P1742,Metal,1835,High,No,Sea,3.303,Mushroom Foam,1.72,5,75,Electronics,21.28,14.0,0,26.13
P1743,Ceramic,349,Low,No,Land,0.419,Bio Bubble Wrap,0.51,20,70,Home & Decor,90.01,74.5,0,64.63
P1744,Plastic,1069,Medium,Yes,Land,2.245,Recycled Cardboard,0.51,10,65,Cosmetics,46.5,74.5,1,48.08
P1745,Ceramic,1110,Low,Yes,Land,1.332,Bio Bubble Wrap,0.84,20,70,Home & Decor,68.26,58.0,1,53.98
P1746,Metal,903,Low,Yes,Air,1.625,Minimalist Pouch,0.21,5,50,Industrial,61.27,89.5,1,52.01
P1747,Paper,1922,Low,No,Air,1.73,Paper Wrap,0.18,95,40,Food & Beverage,58.77,91.0,0,72.13
P1748,Ceramic,1997,Low,No,Land,2.396,Bio Bubble Wrap,1.03,20,70,Home & Decor,42.9,48.5,0,44.0
P1749,Plastic,1847,Medium,Yes,Air,3.879,Recycled Cardboard,0.37,10,65,Cosmetics,7.55,81.5,1,38.14
P1750,Bioplastic,334,Medium,Yes,Land,0.234,Paper Wrap,0.26,80,40,Pharma & Health,94.42,87.0,1,78.08
P1751,Bioplastic,1752,Medium,Yes,Land,1.226,Paper Wrap,0.16,80,40,Pharma & Health,70.78,92.0,1,72.23
P1752,Plastic,630,High,Yes,Sea,1.323,Recycled Cardboard,0.31,10,65,E-Commerce,68.47,84.5,1,57.17
P1753,Paper,143,Medium,Yes,Sea,0.129,Paper Wrap,0.17,95,40,Food & Beverage,96.93,91.5,1,83.7
P1754,Plastic,1550,High,Yes,Land,3.255,Recycled Cardboard,0.79,10,65,E-Commerce,22.43,60.5,1,37.35
P1755,Plastic,1447,Low,Yes,Air,3.039,Recycled Cardboard,0.7,10,65,E-Commerce,27.57,65.0,1,40.02
P1756,Metal,549,Medium,Yes,Air,0.988,Recycled Cardboard,0.78,5,65,Industrial,76.45,61.0,1,52.44
P1757,Metal,574,Low,No,Sea,1.033,Bio Bubble Wrap,0.84,5,70,Industrial,75.38,58.0,0,52.36
P1758,Paper,173,Low,Yes,Air,0.156,Paper Wrap,0.13,95,40,Food & Beverage,96.28,93.5,1,84.01
P1759,Ceramic,903,Low,Yes,Land,1.084,Bio Bubble Wrap,0.88,20,70,Home & Decor,74.17,56.0,1,55.25
P1760,Plastic,1871,High,Yes,Air,3.929,Recycled Cardboard,0.53,10,65,E-Commerce,6.36,73.5,1,35.78
P1761,Bioplastic,1258,Medium,Yes,Air,0.881,Paper Wrap,0.35,80,40,Pharma & Health,79.0,82.5,1,72.32
P1762,Paper,507,Medium,Yes,Land,0.456,Paper Wrap,0.13,95,40,Food & Beverage,89.13,93.5,1,81.86
P1763,Plastic,1058,Low,No,Sea,2.222,Recycled Cardboard,0.54,10,65,E-Commerce,47.04,73.0,0,47.86
P1764,Metal,828,Medium,Yes,Air,1.49,Minimalist Pouch,0.26,5,50,Industrial,64.49,87.0,1,52.35
P1765,Metal,146,High,Yes,Sea,0.263,Recycled Cardboard,0.46,5,65,Electronics,93.73,77.0,1,61.62
P1766,Paper,880,Medium,Yes,Land,0.792,Paper Wrap,0.32,95,40,Food & Beverage,81.12,84.0,1,77.09
P1767,Paper,1295,High,Yes,Land,1.165,Paper Wrap,0.24,95,40,Food & Beverage,72.24,88.0,1,75.42
P1768,Plastic,819,Medium,Yes,Sea,1.72,Recycled Cardboard,0.49,10,65,Cosmetics,59.01,75.5,1,52.08
P1769,Plastic,450,High,Yes,Sea,0.945,Recycled Cardboard,0.5,10,65,E-Commerce,77.48,75.0,1,57.49
P1770,Bioplastic,633,Medium,Yes,Sea,0.443,Paper Wrap,0.24,80,40,Pharma & Health,89.44,88.0,1,76.83
P1771,Bioplastic,829,Low,Yes,Air,0.58,Paper Wrap,0.34,80,40,Pharma & Health,86.18,83.0,1,74.6
P1772,Plastic,662,Medium,Yes,Sea,1.39,Recycled Cardboard,0.75,10,65,Cosmetics,66.87,62.5,1,51.19
P1773,Glass,522,Medium,Yes,Land,0.783,Bio Bubble Wrap,1.17,15,70,Home & Decor,81.34,41.5,1,52.53
P1774,Plastic,1986,Low,No,Sea,4.171,Recycled Cardboard,0.69,10,65,E-Commerce,0.6,65.5,0,32.06
P1775,Plastic,1795,Medium,Yes,Land,3.769,Recycled Cardboard,0.46,10,65,Cosmetics,10.18,77.0,1,37.8
P1776,Paper,1203,High,Yes,Sea,1.083,Paper Wrap,0.31,95,40,Food & Beverage,74.19,84.5,1,75.13
P1777,Paper,1903,Low,Yes,Land,1.713,Paper Wrap,0.23,95,40,Food & Beverage,59.18,88.5,1,71.63
P1778,Bioplastic,1524,Medium,Yes,Land,1.067,Paper Wrap,0.18,80,40,Pharma & Health,74.57,91.0,1,73.12
P1779,Bioplastic,133,Low,No,Land,0.093,Paper Wrap,0.35,80,40,Pharma & Health,97.78,82.5,0,77.96
P1780,Plastic,512,Medium,Yes,Land,1.075,Recycled Cardboard,0.32,10,65,Cosmetics,74.38,84.0,1,58.81
P1781,Glass,741,High,Yes,Air,1.111,Bio Bubble Wrap,1.13,15,70,Home & Decor,73.52,43.5,1,50.68
P1782,Glass,342,Medium,Yes,Land,0.513,Bio Bubble Wrap,0.82,15,70,Home & Decor,87.77,59.0,1,58.83
P1783,Paper,1297,High,Yes,Air,1.167,Paper Wrap,0.29,95,40,Food & Beverage,72.19,85.5,1,74.78
P1784,Paper,1607,Medium,Yes,Air,1.446,Paper Wrap,0.3,95,40,Food & Beverage,65.54,85.0,1,72.66
P1785,Paper,1352,Medium,Yes,Land,1.217,Paper Wrap,0.37,95,40,Food & Beverage,71.0,81.5,1,73.42
P1786,Ceramic,593,High,Yes,Air,0.712,Bio Bubble Wrap,0.95,20,70,Home & Decor,83.03,52.5,1,57.03
P1787,Metal,1286,Low,Yes,Sea,2.315,Mushroom Foam,1.54,5,75,Industrial,44.83,23.0,1,35.45
P1788,Ceramic,1651,Low,Yes,Sea,1.981,Bio Bubble Wrap,0.55,20,70,Home & Decor,52.79,72.5,1,52.96
P1789,Ceramic,1248,High,Yes,Air,1.498,Bio Bubble Wrap,0.86,20,70,Home & Decor,64.3,57.0,1,52.54
P1790,Metal,555,High,No,Sea,0.999,Paper Wrap,0.15,5,40,Electronics,76.19,92.5,0,55.23
P1791,Paper,1277,Low,Yes,Air,1.149,Paper Wrap,0.32,95,40,Food & Beverage,72.62,84.0,1,74.54
P1792,Ceramic,1008,Medium,Yes,Land,1.21,Bio Bubble Wrap,0.86,20,70,Home & Decor,71.16,57.0,1,54.6
P1793,Glass,988,Low,No,Land,1.482,Bio Bubble Wrap,0.98,15,70,Home & Decor,64.68,51.0,0,49.9
P1794,Plastic,1990,Low,Yes,Land,4.179,Recycled Cardboard,0.32,10,65,E-Commerce,0.41,84.0,1,36.62
P1795,Ceramic,302,High,Yes,Land,0.362,Bio Bubble Wrap,0.56,20,70,Home & Decor,91.37,72.0,1,64.41
P1796,Paper,467,Medium,Yes,Sea,0.42,Paper Wrap,0.31,95,40,Food & Beverage,89.99,84.5,1,79.87
P1797,Ceramic,1872,Low,Yes,Land,2.246,Bio Bubble Wrap,0.55,20,70,Home & Decor,46.47,72.5,1,51.07
P1798,Paper,535,High,Yes,Land,0.481,Paper Wrap,0.12,95,40,Food & Beverage,88.54,94.0,1,81.81
P1799,Paper,1828,High,Yes,Sea,1.645,Paper Wrap,0.1,95,40,Food & Beverage,60.8,95.0,1,73.74
P1800,Metal,1908,Medium,Yes,Sea,3.434,Minimalist Pouch,0.58,5,50,Industrial,18.16,71.0,1,34.45
P1801,Paper,752,Low,No,Sea,0.677,Paper Wrap,0.32,95,40,Food & Beverage,83.87,84.0,0,77.91
P1802,Metal,1817,High,Yes,Land,3.271,Bio Bubble Wrap,0.75,5,70,Electronics,22.04,62.5,1,37.49
P1803,Bioplastic,921,Low,Yes,Sea,0.645,Paper Wrap,0.19,80,40,Pharma & Health,84.63,90.5,1,76.01
P1804,Bioplastic,1688,Medium,No,Air,1.182,Paper Wrap,0.2,80,40,Pharma & Health,71.83,90.0,0,72.05
P1805,Ceramic,1212,Low,No,Land,1.454,Bio Bubble Wrap,1.04,20,70,Home & Decor,65.35,48.0,0,50.6
P1806,Metal,1240,Medium,Yes,Air,2.232,Minimalist Pouch,0.46,5,50,Industrial,46.81,77.0,1,44.54
P1807,Plastic,1896,Low,Yes,Sea,3.982,Recycled Cardboard,0.39,10,65,E-Commerce,5.1,80.5,1,37.16
P1808,Ceramic,1836,Low,Yes,Land,2.203,Bio Bubble Wrap,0.62,20,70,Home & Decor,47.5,69.0,1,50.5
P1809,Glass,1965,Low,Yes,Air,2.947,Bio Bubble Wrap,0.57,15,70,Home & Decor,29.77,71.5,1,44.56
P1810,Bioplastic,556,Low,Yes,Air,0.389,Paper Wrap,0.3,80,40,Pharma & Health,90.73,85.0,1,76.47
P1811,Metal,1330,Low,Yes,Sea,2.394,Mushroom Foam,1.72,5,75,Industrial,42.95,14.0,1,32.64
P1812,Glass,1038,Low,Yes,Sea,1.557,Bio Bubble Wrap,0.69,15,70,Home & Decor,62.89,65.5,1,52.99
P1813,Glass,685,High,Yes,Sea,1.028,Bio Bubble Wrap,0.51,15,70,Home & Decor,75.5,74.5,1,59.02
P1814,Ceramic,854,High,Yes,Sea,1.025,Bio Bubble Wrap,0.56,20,70,Home & Decor,75.57,72.0,1,59.67
P1815,Metal,1539,Low,Yes,Sea,2.77,Cornstarch Wrap,1.47,5,55,Industrial,33.98,26.5,1,29.07
P1816,Paper,444,High,Yes,Air,0.4,Paper Wrap,0.19,95,40,Food & Beverage,90.47,90.5,1,81.52
P1817,Paper,121,Medium,Yes,Air,0.109,Paper Wrap,0.33,95,40,Food & Beverage,97.4,83.5,1,81.84
P1818,Bioplastic,1043,Medium,Yes,Sea,0.73,Paper Wrap,0.29,80,40,Pharma & Health,82.6,85.5,1,74.16
P1819,Bioplastic,410,High,Yes,Sea,0.287,Paper Wrap,0.21,80,40,Pharma & Health,93.16,89.5,1,78.32
P1820,Ceramic,1154,Low,Yes,Air,1.385,Bio Bubble Wrap,0.64,20,70,Home & Decor,66.99,68.0,1,56.1
P1821,Metal,424,Medium,No,Land,0.763,Paper Wrap,0.14,5,40,Industrial,81.82,93.0,0,57.05
P1822,Ceramic,1506,High,Yes,Sea,1.807,Bio Bubble Wrap,0.93,20,70,Home & Decor,56.94,53.5,1,49.46
P1823,Plastic,1430,Medium,Yes,Air,3.003,Recycled Cardboard,0.69,10,65,Cosmetics,28.43,65.5,1,40.4
P1824,Bioplastic,1201,Low,Yes,Land,0.841,Paper Wrap,0.29,80,40,Pharma & Health,79.96,85.5,1,73.36
P1825,Glass,751,High,No,Air,1.127,Bio Bubble Wrap,0.87,15,70,Home & Decor,73.14,56.5,0,53.82
P1826,Glass,146,Medium,Yes,Air,0.219,Bio Bubble Wrap,0.53,15,70,Home & Decor,94.78,73.5,1,64.56
P1827,Glass,1214,Low,Yes,Sea,1.821,Bio Bubble Wrap,1.18,15,70,Home & Decor,56.6,41.0,1,44.98
P1828,Plastic,1114,Medium,Yes,Sea,2.339,Recycled Cardboard,0.7,10,65,Cosmetics,44.26,65.0,1,45.03
P1829,Plastic,1938,Low,No,Air,4.07,Recycled Cardboard,0.45,10,65,E-Commerce,3.0,77.5,0,35.78
P1830,Glass,264,Medium,Yes,Air,0.396,Bio Bubble Wrap,1.19,15,70,Home & Decor,90.56,40.5,1,55.04
P1831,Paper,1248,Medium,Yes,Air,1.123,Paper Wrap,0.28,95,40,Food & Beverage,73.24,86.0,1,75.22
P1832,Bioplastic,1346,Medium,Yes,Sea,0.942,Paper Wrap,0.27,80,40,Pharma & Health,77.55,86.5,1,72.89
P1833,Metal,330,Medium,No,Air,0.594,Bio Bubble Wrap,1.02,5,70,Industrial,85.84,49.0,0,53.25
P1834,Glass,1020,High,Yes,Sea,1.53,Bio Bubble Wrap,1.07,15,70,Home & Decor,63.54,46.5,1,48.44
P1835,Bioplastic,1006,Low,No,Land,0.704,Paper Wrap,0.3,80,40,Pharma & Health,83.22,85.0,0,74.22
P1836,Paper,1860,Low,Yes,Sea,1.674,Paper Wrap,0.14,95,40,Food & Beverage,60.1,93.0,1,73.03
P1837,Glass,174,Medium,Yes,Air,0.261,Bio Bubble Wrap,0.74,15,70,Home & Decor,93.78,63.0,1,61.63
P1838,Paper,426,High,Yes,Sea,0.383,Paper Wrap,0.38,95,40,Food & Beverage,90.87,81.0,1,79.26
P1839,Plastic,1010,Low,Yes,Land,2.121,Recycled Cardboard,0.41,10,65,E-Commerce,49.45,79.5,1,50.21
P1840,Metal,1134,Low,Yes,Sea,2.041,Bio Bubble Wrap,0.76,5,70,Industrial,51.36,62.0,1,46.16
P1841,Ceramic,1598,Medium,Yes,Sea,1.918,Bio Bubble Wrap,0.8,20,70,Home & Decor,54.29,60.0,1,50.29
P1842,Bioplastic,295,High,Yes,Air,0.206,Paper Wrap,0.23,80,40,Pharma & Health,95.09,88.5,1,78.65
P1843,Plastic,154,Low,No,Air,0.323,Recycled Cardboard,0.61,10,65,E-Commerce,92.3,69.5,0,60.56
P1844,Glass,534,Low,Yes,Air,0.801,Bio Bubble Wrap,1.16,15,70,Home & Decor,80.91,42.0,1,52.52
P1845,Plastic,1887,Low,Yes,Land,3.963,Recycled Cardboard,0.42,10,65,E-Commerce,5.55,79.0,1,36.92
P1846,Metal,137,Low,Yes,Air,0.247,Mushroom Foam,0.95,5,75,Industrial,94.11,52.5,1,57.61
P1847,Glass,558,High,Yes,Air,0.837,Bio Bubble Wrap,0.64,15,70,Home & Decor,80.05,68.0,1,58.76
P1848,Paper,1441,Medium,Yes,Air,1.297,Paper Wrap,0.37,95,40,Food & Beverage,69.09,81.5,1,72.85
P1849,Bioplastic,115,Low,Yes,Air,0.081,Paper Wrap,0.29,80,40,Pharma & Health,98.07,85.5,1,78.8
P1850,Glass,1520,Medium,Yes,Sea,2.28,Bio Bubble Wrap,0.7,15,70,Home & Decor,45.66,65.0,1,47.7
P1851,Metal,1605,Medium,Yes,Sea,2.889,Minimalist Pouch,0.53,5,50,Industrial,31.15,73.5,1,38.97
P1852,Glass,349,Low,Yes,Sea,0.523,Bio Bubble Wrap,1.1,15,70,Home & Decor,87.54,45.0,1,55.26
P1853,Glass,190,Medium,Yes,Land,0.285,Bio Bubble Wrap,1.09,15,70,Home & Decor,93.21,45.5,1,57.09
P1854,Paper,1221,Low,Yes,Land,1.099,Paper Wrap,0.38,95,40,Food & Beverage,73.81,81.0,1,74.14
P1855,Bioplastic,1526,Low,No,Sea,1.068,Paper Wrap,0.18,80,40,Pharma & Health,74.55,91.0,0,73.11
P1856,Ceramic,526,Medium,Yes,Land,0.631,Bio Bubble Wrap,1.03,20,70,Home & Decor,84.96,48.5,1,56.61
P1857,Paper,1873,Medium,Yes,Air,1.686,Paper Wrap,0.24,95,40,Food & Beverage,59.82,88.0,1,71.7
P1858,Metal,1387,Medium,Yes,Land,2.497,Cornstarch Wrap,1.36,5,55,Industrial,40.49,32.0,1,32.4
P1859,Plastic,519,High,Yes,Sea,1.09,Recycled Cardboard,0.66,10,65,E-Commerce,74.02,67.0,1,54.46
P1860,Metal,1446,Low,Yes,Air,2.603,Recycled Cardboard,0.69,5,65,Industrial,37.96,65.5,1,42.01
P1861,Ceramic,1077,Medium,No,Air,1.292,Bio Bubble Wrap,0.96,20,70,Home & Decor,69.21,52.0,0,52.76
P1862,Metal,441,Medium,No,Land,0.794,Mushroom Foam,1.01,5,75,Industrial,81.08,49.5,0,52.95
P1863,Paper,1180,Low,Yes,Land,1.062,Paper Wrap,0.26,95,40,Food & Beverage,74.69,87.0,1,75.91
P1864,Glass,1148,Medium,No,Sea,1.722,Bio Bubble Wrap,1.19,15,70,Home & Decor,58.96,40.5,0,45.56
P1865,Plastic,778,Medium,No,Land,1.634,Recycled Cardboard,0.77,10,65,Cosmetics,61.06,61.5,0,49.19
P1866,Glass,1207,Low,Yes,Sea,1.81,Bio Bubble Wrap,0.53,15,70,Home & Decor,56.86,73.5,1,53.18
P1867,Ceramic,1022,Low,Yes,Land,1.226,Bio Bubble Wrap,0.62,20,70,Home & Decor,70.78,69.0,1,57.48
P1868,Bioplastic,1167,Low,Yes,Sea,0.817,Paper Wrap,0.14,80,40,Pharma & Health,80.53,93.0,1,75.41
P1869,Metal,1341,High,Yes,Land,2.414,Minimalist Pouch,0.49,5,50,Electronics,42.47,75.5,1,42.87
P1870,Bioplastic,208,Medium,Yes,Air,0.146,Paper Wrap,0.35,80,40,Pharma & Health,96.52,82.5,1,77.58
P1871,Paper,1220,Medium,Yes,Land,1.098,Paper Wrap,0.16,95,40,Food & Beverage,73.83,92.0,1,76.9
P1872,Plastic,235,Low,No,Sea,0.493,Recycled Cardboard,0.55,10,65,E-Commerce,88.25,72.5,0,60.1
P1873,Metal,637,Medium,Yes,Sea,1.147,Minimalist Pouch,0.54,5,50,Industrial,72.66,73.0,1,51.3
P1874,Paper,1643,Low,Yes,Land,1.479,Paper Wrap,0.32,95,40,Food & Beverage,64.75,84.0,1,72.18
P1875,Plastic,1608,Low,No,Air,3.377,Recycled Cardboard,0.57,10,65,E-Commerce,19.52,71.5,0,39.23
P1876,Bioplastic,928,Medium,Yes,Air,0.65,Paper Wrap,0.28,80,40,Pharma & Health,84.51,86.0,1,74.85
P1877,Ceramic,1385,Medium,Yes,Land,1.662,Bio Bubble Wrap,0.86,20,70,Home & Decor,60.39,57.0,1,51.37
P1878,Paper,1971,Low,Yes,Air,1.774,Paper Wrap,0.19,95,40,Food & Beverage,57.72,90.5,1,71.69
P1879,Ceramic,869,Low,No,Air,1.043,Bio Bubble Wrap,0.9,20,70,Home & Decor,75.14,55.0,0,55.29
P1880,Bioplastic,303,Low,No,Sea,0.212,Paper Wrap,0.31,80,40,Pharma & Health,94.95,84.5,0,77.61
P1881,Glass,1581,Low,Yes,Sea,2.372,Bio Bubble Wrap,1.11,15,70,Home & Decor,43.47,44.5,1,41.92
P1882,Bioplastic,1763,Low,Yes,Sea,1.234,Paper Wrap,0.29,80,40,Pharma & Health,70.59,85.5,1,70.55
P1883,Metal,1826,Medium,Yes,Sea,3.287,Minimalist Pouch,0.5,5,50,Industrial,21.66,75.0,1,36.5
P1884,Paper,145,High,No,Sea,0.131,Paper Wrap,0.15,95,40,Food & Beverage,96.88,92.5,0,83.94
P1885,Glass,1025,Low,Yes,Air,1.538,Bio Bubble Wrap,0.82,15,70,Home & Decor,63.35,59.0,1,51.5
P1886,Glass,1973,Medium,Yes,Land,2.959,Bio Bubble Wrap,0.51,15,70,Home & Decor,29.48,74.5,1,45.22
P1887,Paper,745,Medium,Yes,Sea,0.67,Paper Wrap,0.17,95,40,Food & Beverage,84.03,91.5,1,79.83
P1888,Plastic,919,Low,Yes,Sea,1.93,Recycled Cardboard,0.66,10,65,E-Commerce,54.0,67.0,1,48.45
P1889,Paper,1023,Low,Yes,Sea,0.921,Paper Wrap,0.4,95,40,Food & Beverage,78.05,80.0,1,75.16
P1890,Glass,1614,Medium,Yes,Sea,2.421,Bio Bubble Wrap,0.57,15,70,Home & Decor,42.3,71.5,1,48.32
P1891,Ceramic,1667,Low,Yes,Air,2.0,Bio Bubble Wrap,0.78,20,70,Home & Decor,52.34,61.0,1,49.95
P1892,Bioplastic,1282,Low,Yes,Air,0.897,Paper Wrap,0.34,80,40,Pharma & Health,78.62,83.0,1,72.34
P1893,Ceramic,984,High,Yes,Land,1.181,Bio Bubble Wrap,0.64,20,70,Home & Decor,71.85,68.0,1,57.55
P1894,Ceramic,1552,Medium,Yes,Sea,1.862,Bio Bubble Wrap,0.89,20,70,Home & Decor,55.62,55.5,1,49.56
P1895,Bioplastic,465,Low,Yes,Land,0.326,Paper Wrap,0.32,80,40,Pharma & Health,92.23,84.0,1,76.67
P1896,Bioplastic,747,Low,Yes,Land,0.523,Paper Wrap,0.28,80,40,Pharma & Health,87.54,86.0,1,75.76
P1897,Bioplastic,558,Low,Yes,Sea,0.391,Paper Wrap,0.16,80,40,Pharma & Health,90.68,92.0,1,78.2
P1898,Paper,1664,Medium,Yes,Sea,1.498,Paper Wrap,0.21,95,40,Food & Beverage,64.3,89.5,1,73.41
P1899,Metal,1807,Medium,No,Sea,3.253,Bio Bubble Wrap,1.05,5,70,Industrial,22.47,47.5,0,33.87
P1900,Ceramic,1076,Medium,No,Air,1.291,Bio Bubble Wrap,0.89,20,70,Home & Decor,69.23,55.5,0,53.64
P1901,Metal,1181,Low,No,Land,2.126,Bio Bubble Wrap,0.5,5,70,Industrial,49.33,75.0,0,48.8
P1902,Glass,327,Low,No,Sea,0.49,Bio Bubble Wrap,1.03,15,70,Home & Decor,88.32,48.5,0,56.37
P1903,Plastic,920,Low,Yes,Air,1.932,Recycled Cardboard,0.32,10,65,E-Commerce,53.96,84.0,1,52.69
P1904,Metal,360,Low,No,Sea,0.648,Cornstarch Wrap,1.27,5,55,Industrial,84.56,36.5,0,46.74
P1905,Ceramic,1648,Medium,Yes,Land,1.978,Bio Bubble Wrap,0.64,20,70,Home & Decor,52.86,68.0,1,51.86
P1906,Glass,142,Low,Yes,Land,0.213,Bio Bubble Wrap,1.17,15,70,Home & Decor,94.92,41.5,1,56.6
P1907,Glass,1063,Low,Yes,Sea,1.595,Bio Bubble Wrap,0.76,15,70,Home & Decor,61.99,62.0,1,51.85
P1908,Glass,802,Low,Yes,Air,1.203,Bio Bubble Wrap,0.73,15,70,Home & Decor,71.33,63.5,1,55.02
P1909,Bioplastic,1417,High,No,Air,0.992,Paper Wrap,0.14,80,40,Pharma & Health,76.36,93.0,0,74.16
P1910,Bioplastic,1010,High,Yes,Air,0.707,Paper Wrap,0.19,80,40,Pharma & Health,83.15,90.5,1,75.57
P1911,Paper,572,High,Yes,Sea,0.515,Paper Wrap,0.36,95,40,Food & Beverage,87.73,82.0,1,78.57
P1912,Paper,1435,High,Yes,Land,1.292,Paper Wrap,0.4,95,40,Food & Beverage,69.21,80.0,1,72.51
P1913,Bioplastic,1971,Medium,Yes,Air,1.38,Paper Wrap,0.21,80,40,Pharma & Health,67.11,89.5,1,70.51
P1914,Metal,469,Medium,Yes,Land,0.844,Minimalist Pouch,0.38,5,50,Industrial,79.89,81.0,1,55.47
P1915,Plastic,1849,Medium,Yes,Sea,3.883,Recycled Cardboard,0.66,10,65,Cosmetics,7.46,67.0,1,34.49
P1916,Metal,589,Medium,Yes,Land,1.06,Cornstarch Wrap,1.4,5,55,Industrial,74.74,30.0,1,42.17
P1917,Bioplastic,601,High,Yes,Air,0.421,Paper Wrap,0.28,80,40,Pharma & Health,89.97,86.0,1,76.49
P1918,Paper,335,Medium,Yes,Air,0.301,Paper Wrap,0.22,95,40,Food & Beverage,92.83,89.0,1,81.85
P1919,Ceramic,161,Medium,Yes,Air,0.193,Bio Bubble Wrap,0.79,20,70,Home & Decor,95.4,60.5,1,62.74
P1920,Glass,876,Medium,Yes,Sea,1.314,Bio Bubble Wrap,0.99,15,70,Home & Decor,68.68,50.5,1,50.98
P1921,Glass,203,Medium,Yes,Land,0.304,Bio Bubble Wrap,0.5,15,70,Home & Decor,92.76,75.0,1,64.33
P1922,Paper,1160,High,Yes,Sea,1.044,Paper Wrap,0.29,95,40,Food & Beverage,75.12,85.5,1,75.66
P1923,Glass,1009,Medium,No,Land,1.514,Bio Bubble Wrap,0.75,15,70,Home & Decor,63.92,62.5,0,52.55
P1924,Plastic,1405,Low,No,Land,2.95,Recycled Cardboard,0.7,10,65,E-Commerce,29.69,65.0,0,40.66
P1925,Glass,1963,Medium,Yes,Air,2.945,Bio Bubble Wrap,0.57,15,70,Home & Decor,29.81,71.5,1,44.57
P1926,Glass,1931,High,Yes,Sea,2.897,Bio Bubble Wrap,0.91,15,70,Home & Decor,30.96,54.5,1,40.66
P1927,Glass,249,Low,Yes,Sea,0.373,Bio Bubble Wrap,0.84,15,70,Home & Decor,91.11,58.0,1,59.58
P1928,Bioplastic,236,Low,Yes,Air,0.165,Paper Wrap,0.29,80,40,Pharma & Health,96.07,85.5,1,78.2
P1929,Paper,1099,Medium,Yes,Sea,0.989,Paper Wrap,0.12,95,40,Food & Beverage,76.43,94.0,1,78.18
P1930,Bioplastic,1788,Medium,Yes,Air,1.252,Paper Wrap,0.27,80,40,Pharma & Health,70.16,86.5,1,70.67
P1931,Glass,689,High,Yes,Air,1.034,Bio Bubble Wrap,0.89,15,70,Home & Decor,75.36,55.5,1,54.23
P1932,Bioplastic,1232,Low,Yes,Air,0.862,Paper Wrap,0.27,80,40,Pharma & Health,79.46,86.5,1,73.46
P1933,Glass,449,Medium,Yes,Land,0.673,Bio Bubble Wrap,0.92,15,70,Home & Decor,83.96,54.0,1,56.44
P1934,Plastic,870,Medium,Yes,Land,1.827,Recycled Cardboard,0.64,10,65,Cosmetics,56.46,68.0,1,49.44
P1935,Metal,417,Medium,Yes,Air,0.751,Paper Wrap,0.34,5,40,Industrial,82.1,83.0,1,54.63
P1936,Plastic,1679,Medium,Yes,Land,3.526,Recycled Cardboard,0.43,10,65,Cosmetics,15.97,78.5,1,39.92
P1937,Glass,951,Low,Yes,Land,1.427,Bio Bubble Wrap,1.08,15,70,Home & Decor,65.99,46.0,1,49.05
P1938,Ceramic,432,Medium,Yes,Sea,0.518,Bio Bubble Wrap,0.85,20,70,Home & Decor,87.65,57.5,1,59.67
P1939,Ceramic,1091,Low,Yes,Air,1.309,Bio Bubble Wrap,0.55,20,70,Home & Decor,68.8,72.5,1,57.76
P1940,Paper,297,Low,No,Sea,0.267,Paper Wrap,0.12,95,40,Food & Beverage,93.64,94.0,0,83.34
P1941,Bioplastic,1111,High,Yes,Land,0.778,Paper Wrap,0.2,80,40,Pharma & Health,81.46,90.0,1,74.94
P1942,Glass,1566,Medium,Yes,Sea,2.349,Bio Bubble Wrap,1.05,15,70,Home & Decor,44.02,47.5,1,42.83
P1943,Paper,1767,Low,Yes,Land,1.59,Paper Wrap,0.31,95,40,Food & Beverage,62.11,84.5,1,71.51
P1944,Bioplastic,1947,Medium,Yes,Air,1.363,Paper Wrap,0.34,80,40,Pharma & Health,67.52,83.0,1,69.01
P1945,Paper,1876,Low,Yes,Sea,1.688,Paper Wrap,0.26,95,40,Food & Beverage,59.77,87.0,1,71.43
P1946,Plastic,501,High,No,Air,1.052,Recycled Cardboard,0.52,10,65,E-Commerce,74.93,74.0,0,56.48
P1947,Paper,1921,Medium,Yes,Air,1.729,Paper Wrap,0.14,95,40,Food & Beverage,58.79,93.0,1,72.64
P1948,Bioplastic,426,Medium,Yes,Air,0.298,Paper Wrap,0.2,80,40,Pharma & Health,92.9,90.0,1,78.37
P1949,Plastic,753,Medium,Yes,Sea,1.581,Recycled Cardboard,0.52,10,65,Cosmetics,62.32,74.0,1,52.7
P1950,Bioplastic,303,Medium,Yes,Sea,0.212,Paper Wrap,0.13,80,40,Pharma & Health,94.95,93.5,1,79.86
P1951,Bioplastic,498,Low,Yes,Air,0.349,Paper Wrap,0.17,80,40,Pharma & Health,91.68,91.5,1,78.38
P1952,Ceramic,681,High,Yes,Sea,0.817,Bio Bubble Wrap,0.92,20,70,Home & Decor,80.53,54.0,1,56.66
P1953,Paper,1935,Medium,Yes,Sea,1.742,Paper Wrap,0.32,95,40,Food & Beverage,58.48,84.0,1,70.29
P1954,Glass,1829,High,Yes,Sea,2.744,Bio Bubble Wrap,1.2,15,70,Home & Decor,34.6,40.0,1,38.13
P1955,Glass,1499,High,Yes,Air,2.248,Bio Bubble Wrap,1.15,15,70,Home & Decor,46.43,42.5,1,42.3
P1956,Metal,759,Medium,No,Land,1.366,Mushroom Foam,1.57,5,75,Industrial,67.45,21.5,0,41.86
P1957,Plastic,1254,Medium,Yes,Air,2.633,Recycled Cardboard,0.51,10,65,Cosmetics,37.25,74.5,1,45.3
P1958,Plastic,1605,Medium,Yes,Land,3.37,Recycled Cardboard,0.62,10,65,Cosmetics,19.69,69.0,1,38.66
P1959,Ceramic,1453,Low,Yes,Land,1.744,Bio Bubble Wrap,1.05,20,70,Home & Decor,58.44,47.5,1,48.41
P1960,Metal,665,High,No,Land,1.197,Bio Bubble Wrap,0.58,5,70,Electronics,71.47,71.0,0,54.44
P1961,Plastic,700,High,Yes,Sea,1.47,Recycled Cardboard,0.5,10,65,E-Commerce,64.97,75.0,1,53.74
P1962,Bioplastic,1948,Medium,Yes,Sea,1.364,Paper Wrap,0.35,80,40,Pharma & Health,67.49,82.5,1,68.87
P1963,Glass,452,Low,No,Sea,0.678,Bio Bubble Wrap,0.77,15,70,Home & Decor,83.84,61.5,0,58.28
P1964,Bioplastic,165,Medium,Yes,Air,0.115,Paper Wrap,0.27,80,40,Pharma & Health,97.26,86.5,1,78.8
P1965,Glass,831,Low,Yes,Land,1.246,Bio Bubble Wrap,0.91,15,70,Home & Decor,70.31,54.5,1,52.47
P1966,Metal,1566,Low,Yes,Sea,2.819,Cornstarch Wrap,0.77,5,55,Industrial,32.82,61.5,1,37.47
P1967,Bioplastic,326,High,No,Air,0.228,Paper Wrap,0.21,80,40,Pharma & Health,94.57,89.5,0,78.75
P1968,Plastic,1977,Low,Yes,Air,4.152,Recycled Cardboard,0.47,10,65,E-Commerce,1.05,76.5,1,34.94
P1969,Plastic,1956,Low,Yes,Air,4.108,Recycled Cardboard,0.31,10,65,E-Commerce,2.1,84.5,1,37.25
P1970,Glass,332,Low,Yes,Sea,0.498,Bio Bubble Wrap,0.52,15,70,Home & Decor,88.13,74.0,1,62.69
P1971,Bioplastic,1909,High,No,Air,1.336,Paper Wrap,0.35,80,40,Pharma & Health,68.16,82.5,0,69.07
P1972,Ceramic,1057,High,Yes,Air,1.268,Bio Bubble Wrap,0.69,20,70,Home & Decor,69.78,65.5,1,56.31
P1973,Ceramic,1970,Low,Yes,Air,2.364,Bio Bubble Wrap,0.86,20,70,Home & Decor,43.66,57.0,1,46.35
P1974,Bioplastic,1782,Medium,No,Air,1.247,Paper Wrap,0.19,80,40,Pharma & Health,70.28,90.5,0,71.71
P1975,Glass,1261,Medium,Yes,Land,1.891,Bio Bubble Wrap,1.16,15,70,Home & Decor,54.93,42.0,1,44.73
P1976,Metal,572,High,Yes,Land,1.03,Recycled Cardboard,0.43,5,65,Electronics,75.45,78.5,1,56.51
P1977,Metal,167,Medium,No,Land,0.301,Minimalist Pouch,0.37,5,50,Industrial,92.83,81.5,0,59.47
P1978,Plastic,429,Medium,Yes,Air,0.901,Recycled Cardboard,0.74,10,65,Cosmetics,78.53,63.0,1,54.81
P1979,Plastic,614,Medium,Yes,Land,1.289,Recycled Cardboard,0.72,10,65,Cosmetics,69.28,64.0,1,52.28
P1980,Metal,1347,Low,Yes,Land,2.425,Recycled Cardboard,0.39,5,65,Industrial,42.21,80.5,1,47.04
P1981,Glass,1358,Low,No,Land,2.037,Bio Bubble Wrap,1.06,15,70,Home & Decor,51.45,47.0,0,44.94
P1982,Glass,1099,High,No,Land,1.649,Bio Bubble Wrap,0.82,15,70,Home & Decor,60.7,59.0,0,50.71
P1983,Bioplastic,723,High,Yes,Air,0.506,Paper Wrap,0.24,80,40,Pharma & Health,87.94,88.0,1,76.38
P1984,Plastic,1578,Low,Yes,Land,3.314,Recycled Cardboard,0.37,10,65,E-Commerce,21.02,81.5,1,42.18
P1985,Bioplastic,620,Medium,Yes,Sea,0.434,Paper Wrap,0.12,80,40,Pharma & Health,89.66,94.0,1,78.4
P1986,Paper,1766,High,Yes,Land,1.589,Paper Wrap,0.32,95,40,Food & Beverage,62.13,84.0,1,71.39
P1987,Glass,990,High,Yes,Sea,1.485,Bio Bubble Wrap,0.85,15,70,Home & Decor,64.61,57.5,1,51.51
P1988,Plastic,875,Medium,Yes,Air,1.837,Recycled Cardboard,0.52,10,65,Cosmetics,56.22,74.0,1,50.87
P1989,Metal,679,Low,Yes,Land,1.222,Mushroom Foam,1.68,5,75,Industrial,70.88,16.0,1,41.51
P1990,Plastic,775,High,No,Sea,1.627,Recycled Cardboard,0.68,10,65,E-Commerce,61.22,66.0,0,50.37
P1991,Bioplastic,1393,Medium,Yes,Sea,0.975,Paper Wrap,0.15,80,40,Pharma & Health,76.76,92.5,1,74.15
P1992,Metal,1624,High,No,Air,2.923,Paper Wrap,0.28,5,40,Electronics,30.34,86.0,0,39.85
P1993,Bioplastic,634,Medium,Yes,Sea,0.444,Paper Wrap,0.14,80,40,Pharma & Health,89.42,93.0,1,78.08
P1994,Ceramic,1119,Low,Yes,Land,1.343,Bio Bubble Wrap,1.03,20,70,Home & Decor,67.99,48.5,1,51.52
P1995,Glass,1965,High,Yes,Sea,2.947,Bio Bubble Wrap,0.96,15,70,Home & Decor,29.77,52.0,1,39.68
P1996,Bioplastic,1650,Medium,Yes,Land,1.155,Paper Wrap,0.39,80,40,Pharma & Health,72.47,80.5,1,69.87
P1997,Paper,275,Low,Yes,Air,0.247,Paper Wrap,0.12,95,40,Food & Beverage,94.11,94.0,1,83.48
P1998,Paper,244,Low,Yes,Sea,0.22,Paper Wrap,0.12,95,40,Food & Beverage,94.76,94.0,1,83.68
P1999,Paper,1487,Low,Yes,Sea,1.338,Paper Wrap,0.18,95,40,Food & Beverage,68.11,91.0,1,74.93
P2000,Metal,1808,Medium,Yes,Sea,3.254,Bio Bubble Wrap,0.68,5,70,Industrial,22.45,66.0,1,38.48
P2001,Metal,358,High,No,Air,0.644,Bio Bubble Wrap,0.67,5,70,Electronics,84.65,66.5,0,57.27
P2002,Paper,1697,High,Yes,Land,1.527,Paper Wrap,0.37,95,40,Food & Beverage,63.61,81.5,1,71.21
P2003,Plastic,1311,Medium,Yes,Land,2.753,Recycled Cardboard,0.42,10,65,Cosmetics,34.39,79.0,1,45.57
P2004,Metal,1777,Low,Yes,Land,3.199,Paper Wrap,0.18,5,40,Industrial,23.76,91.0,1,39.13
P2005,Bioplastic,777,Low,Yes,Sea,0.544,Paper Wrap,0.33,80,40,Pharma & Health,87.04,83.5,1,74.99
P2006,Plastic,1928,Low,No,Air,4.049,Recycled Cardboard,0.52,10,65,E-Commerce,3.5,74.0,0,35.05
P2007,Plastic,1143,Low,Yes,Land,2.4,Recycled Cardboard,0.69,10,65,E-Commerce,42.8,65.5,1,44.72
P2008,Paper,832,Medium,Yes,Land,0.749,Paper Wrap,0.12,95,40,Food & Beverage,82.15,94.0,1,79.9
P2009,Bioplastic,1206,Medium,No,Sea,0.844,Paper Wrap,0.25,80,40,Pharma & Health,79.89,87.5,0,73.84
P2010,Plastic,1860,Low,Yes,Air,3.906,Recycled Cardboard,0.32,10,65,E-Commerce,6.91,84.0,1,38.57
P2011,Paper,228,Medium,Yes,Air,0.205,Paper Wrap,0.12,95,40,Food & Beverage,95.11,94.0,1,83.78
P2012,Metal,1428,Low,Yes,Sea,2.57,Cornstarch Wrap,1.42,5,55,Industrial,38.75,29.0,1,31.12
P2013,Paper,993,Medium,No,Air,0.894,Paper Wrap,0.14,95,40,Food & Beverage,78.69,93.0,0,78.61
P2014,Bioplastic,212,Medium,Yes,Sea,0.148,Paper Wrap,0.26,80,40,Pharma & Health,96.47,87.0,1,78.69
P2015,Plastic,1085,High,Yes,Sea,2.279,Recycled Cardboard,0.51,10,65,E-Commerce,45.69,74.5,1,47.83
P2016,Plastic,363,Low,Yes,Sea,0.762,Recycled Cardboard,0.47,10,65,E-Commerce,81.84,76.5,1,59.18
P2017,Paper,1940,Medium,Yes,Land,1.746,Paper Wrap,0.37,95,40,Food & Beverage,58.39,81.5,1,69.64
P2018,Metal,720,Low,Yes,Land,1.296,Mushroom Foam,0.83,5,75,Industrial,69.11,58.5,1,51.61
P2019,Ceramic,545,Low,Yes,Land,0.654,Bio Bubble Wrap,0.96,20,70,Home & Decor,84.41,52.0,1,57.32
P2020,Plastic,939,Medium,Yes,Land,1.972,Recycled Cardboard,0.78,10,65,Cosmetics,53.0,61.0,1,46.65
P2021,Paper,379,Low,No,Air,0.341,Paper Wrap,0.27,95,40,Food & Beverage,91.87,86.5,0,80.94
P2022,Plastic,1973,Medium,Yes,Sea,4.143,Recycled Cardboard,0.77,10,65,Cosmetics,1.26,61.5,1,31.25
P2023,Plastic,1045,Medium,Yes,Sea,2.195,Recycled Cardboard,0.33,10,65,Cosmetics,47.69,83.5,1,50.68
P2024,Ceramic,333,High,Yes,Sea,0.4,Bio Bubble Wrap,0.79,20,70,Home & Decor,90.47,60.5,1,61.27
P2025,Plastic,1071,Low,Yes,Land,2.249,Recycled Cardboard,0.43,10,65,E-Commerce,46.4,78.5,1,49.04
P2026,Plastic,939,Low,Yes,Sea,1.972,Recycled Cardboard,0.67,10,65,E-Commerce,53.0,66.5,1,48.02
P2027,Paper,793,Medium,Yes,Sea,0.714,Paper Wrap,0.39,95,40,Food & Beverage,82.98,80.5,1,76.77
P2028,Metal,1541,Low,Yes,Land,2.774,Recycled Cardboard,0.43,5,65,Industrial,33.89,78.5,1,44.04
P2029,Metal,224,High,No,Air,0.403,Cornstarch Wrap,1.19,5,55,Electronics,90.4,40.5,0,49.5
P2030,Bioplastic,354,Low,Yes,Land,0.248,Paper Wrap,0.16,80,40,Pharma & Health,94.09,92.0,1,79.23
P2031,Plastic,1763,Low,Yes,Sea,3.702,Recycled Cardboard,0.58,10,65,E-Commerce,11.77,71.0,1,36.78
P2032,Bioplastic,1231,Low,No,Sea,0.862,Paper Wrap,0.24,80,40,Pharma & Health,79.46,88.0,0,73.84
P2033,Plastic,222,Low,Yes,Sea,0.466,Recycled Cardboard,0.79,10,65,E-Commerce,88.89,60.5,1,57.29
P2034,Metal,1778,Medium,Yes,Land,3.2,Bio Bubble Wrap,0.93,5,70,Industrial,23.74,53.5,1,35.75
P2035,Ceramic,1399,High,Yes,Land,1.679,Bio Bubble Wrap,0.74,20,70,Home & Decor,59.99,63.0,1,52.75
P2036,Glass,1609,Medium,No,Air,2.413,Bio Bubble Wrap,0.58,15,70,Home & Decor,42.49,71.0,0,48.25
P2037,Metal,1536,Low,Yes,Sea,2.765,Paper Wrap,0.15,5,40,Industrial,34.1,92.5,1,42.6
P2038,Ceramic,465,Medium,Yes,Sea,0.558,Bio Bubble Wrap,0.66,20,70,Home & Decor,86.7,67.0,1,61.76
P2039,Metal,1160,Low,Yes,Air,2.088,Bio Bubble Wrap,0.68,5,70,Industrial,50.24,66.0,1,46.82
P2040,Ceramic,1911,Low,Yes,Air,2.293,Bio Bubble Wrap,1.1,20,70,Home & Decor,45.35,45.0,1,43.86
P2041,Metal,303,High,Yes,Land,0.545,Paper Wrap,0.27,5,40,Electronics,87.01,86.5,1,56.98
P2042,Bioplastic,1737,Low,Yes,Air,1.216,Paper Wrap,0.26,80,40,Pharma & Health,71.02,87.0,1,71.06
P2043,Ceramic,898,Medium,No,Air,1.078,Bio Bubble Wrap,0.58,20,70,Home & Decor,74.31,71.0,0,59.04
P2044,Paper,221,Low,Yes,Sea,0.199,Paper Wrap,0.36,95,40,Food & Beverage,95.26,82.0,1,80.83
P2045,Ceramic,419,Low,Yes,Air,0.503,Bio Bubble Wrap,1.01,20,70,Home & Decor,88.01,49.5,1,57.78
P2046,Plastic,264,Medium,Yes,Sea,0.554,Recycled Cardboard,0.33,10,65,Cosmetics,86.8,83.5,1,62.42
P2047,Plastic,979,Low,Yes,Land,2.056,Recycled Cardboard,0.65,10,65,E-Commerce,51.0,67.5,1,47.68
P2048,Plastic,379,Medium,Yes,Air,0.796,Recycled Cardboard,0.57,10,65,Cosmetics,81.03,71.5,1,57.68
P2049,Plastic,964,High,Yes,Sea,2.024,Recycled Cardboard,0.34,10,65,E-Commerce,51.76,83.0,1,51.78
P2050,Paper,1950,High,Yes,Air,1.755,Paper Wrap,0.24,95,40,Food & Beverage,58.17,88.0,1,71.2
P2051,Bioplastic,1299,Low,Yes,Air,0.909,Paper Wrap,0.25,80,40,Pharma & Health,78.34,87.5,1,73.38
P2052,Plastic,1931,Medium,Yes,Sea,4.055,Recycled Cardboard,0.38,10,65,Cosmetics,3.36,81.0,1,36.76
P2053,Paper,716,Low,Yes,Land,0.644,Paper Wrap,0.38,95,40,Food & Beverage,84.65,81.0,1,77.4
P2054,Bioplastic,1570,High,No,Sea,1.099,Paper Wrap,0.35,80,40,Pharma & Health,73.81,82.5,0,70.77
P2055,Metal,903,Low,Yes,Air,1.625,Recycled Cardboard,0.63,5,65,Industrial,61.27,68.5,1,49.76
P2056,Metal,1212,Medium,Yes,Land,2.182,Minimalist Pouch,0.38,5,50,Industrial,48.0,81.0,1,45.9
P2057,Metal,1622,Low,Yes,Land,2.92,Minimalist Pouch,0.36,5,50,Industrial,30.41,82.0,1,40.87
P2058,Metal,146,Medium,No,Land,0.263,Recycled Cardboard,0.63,5,65,Industrial,93.73,68.5,0,59.49
P2059,Bioplastic,1337,Medium,No,Land,0.936,Paper Wrap,0.26,80,40,Pharma & Health,77.69,87.0,0,73.06
P2060,Bioplastic,1829,Low,Yes,Air,1.28,Paper Wrap,0.12,80,40,Pharma & Health,69.49,94.0,1,72.35
P2061,Bioplastic,628,Medium,Yes,Land,0.44,Paper Wrap,0.25,80,40,Pharma & Health,89.51,87.5,1,76.73
P2062,Glass,1680,Low,Yes,Sea,2.52,Bio Bubble Wrap,1.06,15,70,Home & Decor,39.94,47.0,1,41.48
P2063,Metal,1493,Low,Yes,Land,2.687,Paper Wrap,0.24,5,40,Industrial,35.96,88.0,1,42.04
P2064,Plastic,386,High,Yes,Sea,0.811,Recycled Cardboard,0.33,10,65,E-Commerce,80.67,83.5,1,60.58
P2065,Ceramic,1958,Medium,No,Air,2.35,Bio Bubble Wrap,1.05,20,70,Home & Decor,43.99,47.5,0,44.07
P2066,Plastic,284,Low,No,Land,0.596,Recycled Cardboard,0.4,10,65,E-Commerce,85.8,80.0,0,61.24
P2067,Bioplastic,175,Low,No,Land,0.122,Paper Wrap,0.18,80,40,Pharma & Health,97.09,91.0,0,79.88
P2068,Metal,1172,Low,Yes,Sea,2.11,Paper Wrap,0.15,5,40,Industrial,49.71,92.5,1,47.29
P2069,Glass,1976,Medium,Yes,Sea,2.964,Bio Bubble Wrap,0.73,15,70,Home & Decor,29.36,63.5,1,42.43
P2070,Metal,1024,Medium,Yes,Land,1.843,Cornstarch Wrap,1.28,5,55,Industrial,56.08,36.0,1,38.07
P2071,Metal,1268,Medium,Yes,Air,2.282,Paper Wrap,0.26,5,40,Industrial,45.61,87.0,1,44.68
P2072,Glass,588,High,Yes,Land,0.882,Bio Bubble Wrap,0.64,15,70,Home & Decor,78.98,68.0,1,58.44
P2073,Plastic,1111,Medium,Yes,Air,2.333,Recycled Cardboard,0.74,10,65,Cosmetics,44.4,63.0,1,44.57
P2074,Glass,1339,Medium,Yes,Land,2.009,Bio Bubble Wrap,1.12,15,70,Home & Decor,52.12,44.0,1,44.39
P2075,Plastic,1264,Medium,Yes,Air,2.654,Recycled Cardboard,0.74,10,65,Cosmetics,36.75,63.0,1,42.28
P2076,Metal,1411,High,No,Air,2.54,Paper Wrap,0.17,5,40,Electronics,39.47,91.5,0,43.97
P2077,Ceramic,1450,Medium,Yes,Air,1.74,Bio Bubble Wrap,0.82,20,70,Home & Decor,58.53,59.0,1,51.31
P2078,Plastic,766,Medium,No,Land,1.609,Recycled Cardboard,0.79,10,65,Cosmetics,61.65,60.5,0,49.12
P2079,Ceramic,1465,Medium,No,Sea,1.758,Bio Bubble Wrap,1.04,20,70,Home & Decor,58.1,48.0,0,48.43
P2080,Paper,1903,Low,No,Sea,1.713,Paper Wrap,0.11,95,40,Food & Beverage,59.18,94.5,0,73.13
P2081,Metal,283,Medium,Yes,Sea,0.509,Recycled Cardboard,0.33,5,65,Industrial,87.87,83.5,1,61.49
P2082,Ceramic,1559,Medium,Yes,Air,1.871,Bio Bubble Wrap,0.82,20,70,Home & Decor,55.41,59.0,1,50.37
P2083,Glass,1023,Medium,No,Sea,1.534,Bio Bubble Wrap,1.14,15,70,Home & Decor,63.44,43.0,0,47.53
P2084,Paper,1234,Low,Yes,Land,1.111,Paper Wrap,0.26,95,40,Food & Beverage,73.52,87.0,1,75.56
P2085,Metal,1187,Medium,Yes,Sea,2.137,Cornstarch Wrap,1.05,5,55,Industrial,49.07,47.5,1,38.85
P2086,Metal,1024,Low,Yes,Land,1.843,Recycled Cardboard,0.35,5,65,Industrial,56.08,82.5,1,51.7
P2087,Glass,181,High,Yes,Land,0.272,Bio Bubble Wrap,0.96,15,70,Home & Decor,93.52,52.0,1,58.81
P2088,Bioplastic,697,Medium,Yes,Sea,0.488,Paper Wrap,0.35,80,40,Pharma & Health,88.37,82.5,1,75.14
P2089,Ceramic,1785,High,Yes,Air,2.142,Bio Bubble Wrap,0.77,20,70,Home & Decor,48.95,61.5,1,49.06
P2090,Plastic,163,Low,Yes,Land,0.342,Recycled Cardboard,0.69,10,65,E-Commerce,91.85,65.5,1,59.43
P2091,Metal,242,Medium,Yes,Land,0.436,Bio Bubble Wrap,1.18,5,70,Industrial,89.61,41.0,1,52.38
P2092,Ceramic,1090,Low,Yes,Air,1.308,Bio Bubble Wrap,0.64,20,70,Home & Decor,68.83,68.0,1,56.65
P2093,Plastic,1637,Low,Yes,Land,3.438,Recycled Cardboard,0.56,10,65,E-Commerce,18.06,72.0,1,38.92
P2094,Paper,1544,Low,Yes,Sea,1.39,Paper Wrap,0.19,95,40,Food & Beverage,66.87,90.5,1,74.44
P2095,Ceramic,845,Low,Yes,Air,1.014,Bio Bubble Wrap,1.05,20,70,Home & Decor,75.83,47.5,1,53.62
P2096,Plastic,391,Low,Yes,Land,0.821,Recycled Cardboard,0.59,10,65,E-Commerce,80.43,70.5,1,57.25
P2097,Glass,194,Medium,Yes,Sea,0.291,Bio Bubble Wrap,0.94,15,70,Home & Decor,93.06,53.0,1,58.92
P2098,Glass,1892,Low,Yes,Sea,2.838,Bio Bubble Wrap,1.06,15,70,Home & Decor,32.36,47.0,1,39.21
P2099,Ceramic,103,Low,Yes,Sea,0.124,Bio Bubble Wrap,0.78,20,70,Home & Decor,97.04,61.0,1,63.36
P2100,Glass,1194,Low,Yes,Sea,1.791,Bio Bubble Wrap,1.14,15,70,Home & Decor,57.32,43.0,1,45.7
P2101,Paper,699,High,No,Land,0.629,Paper Wrap,0.26,95,40,Food & Beverage,85.01,87.0,0,79.0
P2102,Plastic,749,Low,No,Air,1.573,Recycled Cardboard,0.38,10,65,E-Commerce,62.51,81.0,0,54.5
P2103,Plastic,1632,Low,Yes,Land,3.427,Recycled Cardboard,0.65,10,65,E-Commerce,18.33,67.5,1,37.87
P2104,Glass,1277,Medium,Yes,Land,1.915,Bio Bubble Wrap,1.06,15,70,Home & Decor,54.36,47.0,1,45.81
P2105,Plastic,313,High,Yes,Air,0.657,Recycled Cardboard,0.46,10,65,E-Commerce,84.34,77.0,1,60.05
P2106,Metal,207,Medium,Yes,Land,0.373,Cornstarch Wrap,1.37,5,55,Industrial,91.11,31.5,1,47.46
P2107,Paper,1150,Low,Yes,Air,1.035,Paper Wrap,0.37,95,40,Food & Beverage,75.33,81.5,1,74.72
P2108,Ceramic,359,High,Yes,Land,0.431,Bio Bubble Wrap,0.69,20,70,Home & Decor,89.73,65.5,1,62.29
P2109,Bioplastic,1030,Low,Yes,Sea,0.721,Paper Wrap,0.4,80,40,Pharma & Health,82.82,80.0,1,72.85
P2110,Glass,666,Low,Yes,Sea,0.999,Bio Bubble Wrap,0.6,15,70,Home & Decor,76.19,70.0,1,58.11
P2111,Glass,1329,Low,Yes,Sea,1.994,Bio Bubble Wrap,0.64,15,70,Home & Decor,52.48,68.0,1,50.49
P2112,Bioplastic,979,High,Yes,Land,0.685,Paper Wrap,0.16,80,40,Pharma & Health,83.67,92.0,1,76.1
P2113,Plastic,1881,High,Yes,Sea,3.95,Recycled Cardboard,0.75,10,65,E-Commerce,5.86,62.5,1,32.88
P2114,Bioplastic,911,Low,Yes,Sea,0.638,Paper Wrap,0.3,80,40,Pharma & Health,84.8,85.0,1,74.69
P2115,Glass,1803,High,No,Land,2.704,Bio Bubble Wrap,0.61,15,70,Home & Decor,35.56,69.5,0,45.79
P2116,Bioplastic,1515,Low,Yes,Sea,1.06,Paper Wrap,0.23,80,40,Pharma & Health,74.74,88.5,1,72.55
P2117,Plastic,1850,High,Yes,Sea,3.885,Recycled Cardboard,0.61,10,65,E-Commerce,7.41,69.5,1,35.1
P2118,Paper,1503,Low,Yes,Sea,1.353,Paper Wrap,0.13,95,40,Food & Beverage,67.76,93.5,1,75.45
P2119,Paper,1113,Low,Yes,Air,1.002,Paper Wrap,0.36,95,40,Food & Beverage,76.12,82.0,1,75.09
P2120,Glass,1425,Medium,Yes,Land,2.138,Bio Bubble Wrap,1.06,15,70,Home & Decor,49.05,47.0,1,44.22
P2121,Metal,1881,Low,No,Sea,3.386,Cornstarch Wrap,1.05,5,55,Industrial,19.3,47.5,0,29.92
P2122,Ceramic,1119,Medium,Yes,Sea,1.343,Bio Bubble Wrap,1.18,20,70,Home & Decor,67.99,41.0,1,49.65
P2123,Glass,548,Medium,Yes,Air,0.822,Bio Bubble Wrap,0.79,15,70,Home & Decor,80.41,60.5,1,57.0
P2124,Glass,1257,Low,No,Air,1.885,Bio Bubble Wrap,1.19,15,70,Home & Decor,55.08,40.5,0,44.4
P2125,Metal,1626,High,Yes,Land,2.927,Paper Wrap,0.3,5,40,Electronics,30.24,85.0,1,39.57
P2126,Paper,140,Low,Yes,Air,0.126,Paper Wrap,0.29,95,40,Food & Beverage,97.0,85.5,1,82.22
P2127,Metal,979,Medium,No,Air,1.762,Recycled Cardboard,0.38,5,65,Industrial,58.01,81.0,0,51.9
P2128,Bioplastic,1442,Medium,Yes,Sea,1.009,Paper Wrap,0.36,80,40,Pharma & Health,75.95,82.0,1,71.28
P2129,Glass,1481,Low,Yes,Air,2.221,Bio Bubble Wrap,0.8,15,70,Home & Decor,47.07,60.0,1,46.87
P2130,Paper,1527,Low,Yes,Air,1.374,Paper Wrap,0.15,95,40,Food & Beverage,67.25,92.5,1,75.05
P2131,Glass,139,Low,Yes,Sea,0.208,Bio Bubble Wrap,0.51,15,70,Home & Decor,95.04,74.5,1,64.89
P2132,Glass,1985,Low,Yes,Sea,2.978,Bio Bubble Wrap,0.89,15,70,Home & Decor,29.03,55.5,1,40.33
P2133,Glass,190,Medium,Yes,Sea,0.285,Bio Bubble Wrap,0.87,15,70,Home & Decor,93.21,56.5,1,59.84
P2134,Plastic,916,Medium,Yes,Sea,1.924,Recycled Cardboard,0.66,10,65,Cosmetics,54.15,67.0,1,48.5
P2135,Paper,446,High,Yes,Land,0.401,Paper Wrap,0.37,95,40,Food & Beverage,90.44,81.5,1,79.26
P2136,Glass,293,Medium,Yes,Sea,0.44,Bio Bubble Wrap,0.56,15,70,Home & Decor,89.51,72.0,1,62.6
P2137,Bioplastic,1561,Medium,Yes,Land,1.093,Paper Wrap,0.32,80,40,Pharma & Health,73.95,84.0,1,71.18
P2138,Metal,769,Low,Yes,Air,1.384,Bio Bubble Wrap,0.63,5,70,Industrial,67.02,68.5,1,52.48
P2139,Bioplastic,404,Low,No,Sea,0.283,Paper Wrap,0.36,80,40,Pharma & Health,93.26,82.0,0,76.48
P2140,Bioplastic,1917,Low,No,Land,1.342,Paper Wrap,0.35,80,40,Pharma & Health,68.02,82.5,0,69.03
P2141,Plastic,1738,Low,No,Sea,3.65,Recycled Cardboard,0.57,10,65,E-Commerce,13.01,71.5,0,37.28
P2142,Ceramic,1206,Low,No,Land,1.447,Bio Bubble Wrap,1.0,20,70,Home & Decor,65.51,50.0,0,51.15
P2143,Ceramic,735,Low,Yes,Sea,0.882,Bio Bubble Wrap,0.72,20,70,Home & Decor,78.98,64.0,1,58.69
P2144,Glass,1416,Medium,Yes,Air,2.124,Bio Bubble Wrap,0.83,15,70,Home & Decor,49.38,58.5,1,47.19
P2145,Bioplastic,1741,High,Yes,Air,1.219,Paper Wrap,0.35,80,40,Pharma & Health,70.95,82.5,1,69.91
P2146,Plastic,419,Low,Yes,Air,0.88,Recycled Cardboard,0.53,10,65,E-Commerce,79.03,73.5,1,57.58
P2147,Ceramic,904,High,Yes,Sea,1.085,Bio Bubble Wrap,0.75,20,70,Home & Decor,74.14,62.5,1,56.87
P2148,Plastic,719,Medium,Yes,Land,1.51,Recycled Cardboard,0.55,10,65,Cosmetics,64.01,72.5,1,52.83
P2149,Paper,1239,Low,No,Air,1.115,Paper Wrap,0.35,95,40,Food & Beverage,73.43,82.5,0,74.4
P2150,Paper,1403,High,Yes,Air,1.263,Paper Wrap,0.2,95,40,Food & Beverage,69.9,90.0,1,75.22
P2151,Bioplastic,1072,Medium,Yes,Land,0.75,Paper Wrap,0.15,80,40,Pharma & Health,82.13,92.5,1,75.76
P2152,Ceramic,1813,High,Yes,Land,2.176,Bio Bubble Wrap,1.0,20,70,Home & Decor,48.14,50.0,1,45.94
P2153,Plastic,1782,Medium,Yes,Air,3.742,Recycled Cardboard,0.71,10,65,Cosmetics,10.82,64.5,1,34.87
P2154,Glass,1339,Medium,Yes,Land,2.009,Bio Bubble Wrap,0.57,15,70,Home & Decor,52.12,71.5,1,51.26
P2155,Plastic,478,High,No,Sea,1.004,Recycled Cardboard,0.42,10,65,E-Commerce,76.07,79.0,0,58.07
P2156,Glass,1979,Low,Yes,Air,2.969,Bio Bubble Wrap,0.6,15,70,Home & Decor,29.24,70.0,1,44.02
P2157,Glass,505,Medium,Yes,Land,0.757,Bio Bubble Wrap,0.74,15,70,Home & Decor,81.96,63.0,1,58.09
P2158,Metal,1600,Medium,Yes,Air,2.88,Mushroom Foam,1.34,5,75,Industrial,31.36,33.0,1,33.91
P2159,Bioplastic,273,High,Yes,Land,0.191,Paper Wrap,0.32,80,40,Pharma & Health,95.45,84.0,1,77.64
P2160,Plastic,923,Medium,Yes,Air,1.938,Recycled Cardboard,0.63,10,65,Cosmetics,53.81,68.5,1,48.77
P2161,Metal,1800,Medium,Yes,Air,3.24,Recycled Cardboard,0.61,5,65,Industrial,22.78,69.5,1,38.46
P2162,Glass,1375,High,Yes,Land,2.062,Bio Bubble Wrap,0.75,15,70,Home & Decor,50.86,62.5,1,48.63
P2163,Paper,428,Medium,Yes,Sea,0.385,Paper Wrap,0.35,95,40,Food & Beverage,90.82,82.5,1,79.62
P2164,Metal,299,Medium,Yes,Land,0.538,Cornstarch Wrap,1.02,5,55,Industrial,87.18,49.0,1,50.65
P2165,Glass,852,Low,Yes,Sea,1.278,Bio Bubble Wrap,1.19,15,70,Home & Decor,69.54,40.5,1,48.74
P2166,Paper,366,Low,Yes,Sea,0.329,Paper Wrap,0.29,95,40,Food & Beverage,92.16,85.5,1,80.77
P2167,Bioplastic,659,High,No,Air,0.461,Paper Wrap,0.14,80,40,Pharma & Health,89.01,93.0,0,77.95
P2168,Metal,656,Medium,Yes,Land,1.181,Paper Wrap,0.3,5,40,Industrial,71.85,85.0,1,52.05
P2169,Plastic,111,Low,No,Sea,0.233,Recycled Cardboard,0.46,10,65,E-Commerce,94.45,77.0,0,63.08
P2170,Metal,1906,Low,Yes,Sea,3.431,Paper Wrap,0.31,5,40,Industrial,18.23,84.5,1,35.84
P2171,Plastic,1413,Medium,No,Sea,2.967,Recycled Cardboard,0.33,10,65,Cosmetics,29.29,83.5,0,45.16
P2172,Ceramic,922,Low,Yes,Land,1.106,Bio Bubble Wrap,0.62,20,70,Home & Decor,73.64,69.0,1,58.34
P2173,Bioplastic,1353,High,Yes,Sea,0.947,Paper Wrap,0.36,80,40,Pharma & Health,77.43,82.0,1,71.73
P2174,Ceramic,504,Low,Yes,Air,0.605,Bio Bubble Wrap,0.66,20,70,Home & Decor,85.58,67.0,1,61.42
P2175,Metal,823,Low,Yes,Sea,1.481,Mushroom Foam,1.8,5,75,Industrial,64.7,10.0,1,38.16
P2176,Ceramic,1647,High,Yes,Land,1.976,Bio Bubble Wrap,0.7,20,70,Home & Decor,52.91,65.0,1,51.12
P2177,Ceramic,513,Medium,Yes,Air,0.616,Bio Bubble Wrap,0.95,20,70,Home & Decor,85.32,52.5,1,57.72
P2178,Plastic,1028,Medium,Yes,Air,2.159,Recycled Cardboard,0.65,10,65,Cosmetics,48.55,67.5,1,46.94
P2179,Bioplastic,771,Low,Yes,Land,0.54,Paper Wrap,0.25,80,40,Pharma & Health,87.13,87.5,1,76.01
P2180,Ceramic,1923,Low,Yes,Land,2.308,Bio Bubble Wrap,0.71,20,70,Home & Decor,45.0,64.5,1,48.62
P2181,Glass,835,Low,Yes,Sea,1.252,Bio Bubble Wrap,0.65,15,70,Home & Decor,70.16,67.5,1,55.67
P2182,Paper,1837,High,Yes,Air,1.653,Paper Wrap,0.11,95,40,Food & Beverage,60.61,94.5,1,73.56
P2183,Metal,1452,Low,Yes,Air,2.614,Paper Wrap,0.19,5,40,Industrial,37.7,90.5,1,43.18
P2184,Metal,1803,Medium,Yes,Land,3.245,Recycled Cardboard,0.63,5,65,Industrial,22.66,68.5,1,38.17
P2185,Glass,943,Low,Yes,Air,1.415,Bio Bubble Wrap,1.16,15,70,Home & Decor,66.28,42.0,1,48.13
P2186,Paper,506,Low,No,Air,0.455,Paper Wrap,0.36,95,40,Food & Beverage,89.16,82.0,0,79.0
P2187,Bioplastic,321,Medium,Yes,Air,0.225,Paper Wrap,0.33,80,40,Pharma & Health,94.64,83.5,1,77.27
P2188,Ceramic,1698,Low,No,Sea,2.038,Bio Bubble Wrap,1.05,20,70,Home & Decor,51.43,47.5,0,46.3
P2189,Metal,1945,Medium,Yes,Sea,3.501,Minimalist Pouch,0.47,5,50,Industrial,16.56,76.5,1,35.34
P2190,Metal,454,Low,Yes,Sea,0.817,Minimalist Pouch,0.3,5,50,Industrial,80.53,85.0,1,56.66
P2191,Metal,508,Medium,Yes,Land,0.914,Cornstarch Wrap,1.42,5,55,Industrial,78.22,29.0,1,42.97
P2192,Plastic,1899,Medium,Yes,Land,3.988,Recycled Cardboard,0.64,10,65,Cosmetics,4.96,68.0,1,33.99
P2193,Bioplastic,181,High,Yes,Air,0.127,Paper Wrap,0.27,80,40,Pharma & Health,96.97,86.5,1,78.72
P2194,Ceramic,161,Low,Yes,Air,0.193,Bio Bubble Wrap,0.58,20,70,Home & Decor,95.4,71.0,1,65.37
P2195,Bioplastic,614,High,Yes,Land,0.43,Paper Wrap,0.23,80,40,Pharma & Health,89.75,88.5,1,77.05
P2196,Paper,1660,High,Yes,Air,1.494,Paper Wrap,0.24,95,40,Food & Beverage,64.39,88.0,1,73.07
P2197,Glass,1794,Medium,Yes,Sea,2.691,Bio Bubble Wrap,1.11,15,70,Home & Decor,35.87,44.5,1,39.64
P2198,Ceramic,1890,Low,Yes,Land,2.268,Bio Bubble Wrap,0.88,20,70,Home & Decor,45.95,56.0,1,46.78
P2199,Bioplastic,681,Low,Yes,Land,0.477,Paper Wrap,0.21,80,40,Pharma & Health,88.63,89.5,1,76.96
P2200,Ceramic,647,Medium,No,Sea,0.776,Bio Bubble Wrap,1.18,20,70,Home & Decor,81.51,41.0,0,53.7
P2201,Bioplastic,1646,Low,Yes,Air,1.152,Paper Wrap,0.13,80,40,Pharma & Health,72.55,93.5,1,73.14
P2202,Plastic,757,Low,Yes,Sea,1.59,Recycled Cardboard,0.51,10,65,E-Commerce,62.11,74.5,1,52.76
P2203,Plastic,1520,Medium,No,Land,3.192,Recycled Cardboard,0.32,10,65,Cosmetics,23.93,84.0,0,43.68
P2204,Metal,1876,Low,Yes,Air,3.377,Paper Wrap,0.32,5,40,Industrial,19.52,84.0,1,36.11
P2205,Plastic,404,Medium,Yes,Land,0.848,Recycled Cardboard,0.76,10,65,Cosmetics,79.79,62.0,1,54.94
P2206,Paper,573,Medium,Yes,Land,0.516,Paper Wrap,0.18,95,40,Food & Beverage,87.7,91.0,1,80.81
P2207,Ceramic,888,Medium,Yes,Air,1.066,Bio Bubble Wrap,1.1,20,70,Home & Decor,74.59,45.0,1,52.63
P2208,Plastic,761,Medium,Yes,Land,1.598,Recycled Cardboard,0.45,10,65,Cosmetics,61.92,77.5,1,53.45
P2209,Paper,362,Medium,Yes,Sea,0.326,Paper Wrap,0.37,95,40,Food & Beverage,92.23,81.5,1,79.79
P2210,Metal,1557,Low,Yes,Land,2.803,Minimalist Pouch,0.5,5,50,Industrial,33.2,75.0,1,39.96
P2211,Metal,148,Low,Yes,Air,0.266,Paper Wrap,0.34,5,40,Industrial,93.66,83.0,1,58.1
P2212,Glass,189,Low,Yes,Land,0.283,Bio Bubble Wrap,0.51,15,70,Home & Decor,93.26,74.5,1,64.35
P2213,Ceramic,1160,Low,No,Land,1.392,Bio Bubble Wrap,1.17,20,70,Home & Decor,66.83,41.5,0,49.42
P2214,Paper,1453,Medium,Yes,Sea,1.308,Paper Wrap,0.32,95,40,Food & Beverage,68.83,84.0,1,73.4
P2215,Paper,1919,Medium,Yes,Air,1.727,Paper Wrap,0.19,95,40,Food & Beverage,58.84,90.5,1,72.03
P2216,Ceramic,723,Low,No,Air,0.868,Bio Bubble Wrap,1.08,20,70,Home & Decor,79.31,46.0,0,54.29
P2217,Glass,537,High,Yes,Air,0.805,Bio Bubble Wrap,0.7,15,70,Home & Decor,80.82,65.0,1,58.25
P2218,Glass,706,Low,Yes,Air,1.059,Bio Bubble Wrap,1.11,15,70,Home & Decor,74.76,44.5,1,51.3
P2219,Ceramic,473,Medium,Yes,Air,0.568,Bio Bubble Wrap,0.58,20,70,Home & Decor,86.46,71.0,1,62.69
P2220,Metal,214,Medium,No,Land,0.385,Cornstarch Wrap,1.23,5,55,Industrial,90.82,38.5,0,49.12
P2221,Glass,991,Low,Yes,Land,1.486,Bio Bubble Wrap,0.88,15,70,Home & Decor,64.59,56.0,1,51.13
P2222,Metal,806,Low,Yes,Sea,1.451,Bio Bubble Wrap,0.57,5,70,Industrial,65.42,71.5,1,52.75
P2223,Metal,1736,Low,Yes,Air,3.125,Bio Bubble Wrap,0.67,5,70,Industrial,25.52,66.5,1,39.53
P2224,Paper,873,Medium,Yes,Sea,0.786,Paper Wrap,0.1,95,40,Food & Beverage,81.27,95.0,1,79.88
P2225,Paper,968,Low,Yes,Air,0.871,Paper Wrap,0.24,95,40,Food & Beverage,79.24,88.0,1,77.52
P2226,Metal,561,Medium,Yes,Sea,1.01,Minimalist Pouch,0.32,5,50,Industrial,75.93,84.0,1,55.03
P2227,Glass,1208,High,Yes,Land,1.812,Bio Bubble Wrap,0.92,15,70,Home & Decor,56.82,54.0,1,48.3
P2228,Glass,1393,Medium,Yes,Air,2.09,Bio Bubble Wrap,0.71,15,70,Home & Decor,50.19,64.5,1,48.93
P2229,Metal,503,Low,Yes,Sea,0.905,Mushroom Foam,1.16,5,75,Industrial,78.43,42.0,1,50.28
P2230,Bioplastic,1404,Low,Yes,Sea,0.983,Paper Wrap,0.32,80,40,Pharma & Health,76.57,84.0,1,71.97
P2231,Metal,1232,Medium,Yes,Sea,2.218,Cornstarch Wrap,0.64,5,55,Industrial,47.14,68.0,1,43.39
P2232,Glass,803,Low,Yes,Air,1.204,Bio Bubble Wrap,1.13,15,70,Home & Decor,71.31,43.5,1,50.02
P2233,Ceramic,1822,Medium,Yes,Land,2.186,Bio Bubble Wrap,1.1,20,70,Home & Decor,47.9,45.0,1,44.62
P2234,Bioplastic,951,Low,Yes,Air,0.666,Paper Wrap,0.3,80,40,Pharma & Health,84.13,85.0,1,74.49
P2235,Bioplastic,1237,High,Yes,Sea,0.866,Paper Wrap,0.28,80,40,Pharma & Health,79.36,86.0,1,73.31
P2236,Plastic,1312,Medium,Yes,Sea,2.755,Recycled Cardboard,0.75,10,65,Cosmetics,34.34,62.5,1,41.43
P2237,Ceramic,711,Low,Yes,Land,0.853,Bio Bubble Wrap,0.63,20,70,Home & Decor,79.67,68.5,1,60.03
P2238,Ceramic,1647,Medium,Yes,Air,1.976,Bio Bubble Wrap,0.56,20,70,Home & Decor,52.91,72.0,1,52.87
P2239,Metal,1564,Low,No,Land,2.815,Bio Bubble Wrap,0.67,5,70,Industrial,32.91,66.5,0,41.75
P2240,Plastic,123,Medium,Yes,Air,0.258,Recycled Cardboard,0.7,10,65,Cosmetics,93.85,65.0,1,59.9
P2241,Paper,1393,Low,Yes,Sea,1.254,Paper Wrap,0.11,95,40,Food & Beverage,70.11,94.5,1,76.41
P2242,Plastic,348,Medium,Yes,Air,0.731,Recycled Cardboard,0.59,10,65,Cosmetics,82.58,70.5,1,57.9
P2243,Paper,1731,Low,No,Land,1.558,Paper Wrap,0.4,95,40,Food & Beverage,62.87,80.0,0,70.61
P2244,Paper,474,Medium,Yes,Air,0.427,Paper Wrap,0.36,95,40,Food & Beverage,89.82,82.0,1,79.2
P2245,Ceramic,294,Low,Yes,Land,0.353,Bio Bubble Wrap,0.87,20,70,Home & Decor,91.59,56.5,1,60.6
P2246,Plastic,1250,Low,Yes,Land,2.625,Recycled Cardboard,0.33,10,65,E-Commerce,37.44,83.5,1,47.61
P2247,Glass,292,High,Yes,Sea,0.438,Bio Bubble Wrap,1.08,15,70,Home & Decor,89.56,46.0,1,56.12
P2248,Metal,269,High,Yes,Sea,0.484,Cornstarch Wrap,1.14,5,55,Electronics,88.47,43.0,1,49.54
P2249,Glass,300,Low,Yes,Air,0.45,Bio Bubble Wrap,0.58,15,70,Home & Decor,89.28,71.0,1,62.28
P2250,Bioplastic,1119,High,Yes,Air,0.783,Paper Wrap,0.13,80,40,Pharma & Health,81.34,93.5,1,75.78
P2251,Metal,187,Medium,No,Land,0.337,Cornstarch Wrap,1.42,5,55,Industrial,91.97,29.0,0,47.09
P2252,Bioplastic,509,Medium,Yes,Sea,0.356,Paper Wrap,0.3,80,40,Pharma & Health,91.52,85.0,1,76.71
P2253,Metal,1089,Low,Yes,Air,1.96,Minimalist Pouch,0.53,5,50,Industrial,53.29,73.5,1,45.61
P2254,Plastic,788,High,No,Sea,1.655,Recycled Cardboard,0.74,10,65,E-Commerce,60.56,63.0,0,49.42
P2255,Bioplastic,1953,Medium,Yes,Land,1.367,Paper Wrap,0.27,80,40,Pharma & Health,67.42,86.5,1,69.85
P2256,Metal,1784,Low,Yes,Air,3.211,Recycled Cardboard,0.56,5,65,Industrial,23.47,72.0,1,39.29
P2257,Paper,1092,Low,Yes,Air,0.983,Paper Wrap,0.23,95,40,Food & Beverage,76.57,88.5,1,76.85
P2258,Glass,946,High,Yes,Land,1.419,Bio Bubble Wrap,0.72,15,70,Home & Decor,66.18,64.0,1,53.6
P2259,Plastic,429,Medium,Yes,Air,0.901,Recycled Cardboard,0.52,10,65,Cosmetics,78.53,74.0,1,57.56
P2260,Metal,944,Medium,Yes,Land,1.699,Mushroom Foam,1.73,5,75,Industrial,59.51,13.5,1,37.48
P2261,Metal,258,Low,Yes,Air,0.464,Paper Wrap,0.28,5,40,Industrial,88.94,86.0,1,57.43
P2262,Paper,1700,High,Yes,Land,1.53,Paper Wrap,0.37,95,40,Food & Beverage,63.54,81.5,1,71.19
P2263,Bioplastic,880,Low,Yes,Air,0.616,Paper Wrap,0.23,80,40,Pharma & Health,85.32,88.5,1,75.72
P2264,Bioplastic,915,Medium,Yes,Land,0.64,Paper Wrap,0.28,80,40,Pharma & Health,84.75,86.0,1,74.92
P2265,Metal,389,Low,Yes,Sea,0.7,Minimalist Pouch,0.45,5,50,Industrial,83.32,77.5,1,55.62
P2266,Metal,1665,Low,No,Sea,2.997,Mushroom Foam,1.51,5,75,Industrial,28.57,24.5,0,30.95
P2267,Bioplastic,1940,High,Yes,Sea,1.358,Paper Wrap,0.31,80,40,Pharma & Health,67.64,84.5,1,69.42
P2268,Glass,306,Low,No,Sea,0.459,Bio Bubble Wrap,0.67,15,70,Home & Decor,89.06,66.5,0,61.09
P2269,Metal,1412,High,No,Sea,2.542,Minimalist Pouch,0.4,5,50,Electronics,39.42,80.0,0,43.08
P2270,Bioplastic,227,Medium,Yes,Air,0.159,Paper Wrap,0.13,80,40,Pharma & Health,96.21,93.5,1,80.24
P2271,Ceramic,400,Low,No,Land,0.48,Bio Bubble Wrap,0.77,20,70,Home & Decor,88.56,61.5,0,60.94
P2272,Plastic,1529,Low,Yes,Land,3.211,Recycled Cardboard,0.54,10,65,E-Commerce,23.47,73.0,1,40.79
P2273,Bioplastic,391,Low,Yes,Land,0.274,Paper Wrap,0.3,80,40,Pharma & Health,93.47,85.0,1,77.29
P2274,Plastic,583,Medium,Yes,Air,1.224,Recycled Cardboard,0.78,10,65,Cosmetics,70.83,61.0,1,52.0
P2275,Bioplastic,398,Low,No,Land,0.279,Paper Wrap,0.28,80,40,Pharma & Health,93.35,86.0,0,77.5
P2276,Glass,1449,Medium,Yes,Land,2.174,Bio Bubble Wrap,1.02,15,70,Home & Decor,48.19,49.0,1,44.46
P2277,Bioplastic,284,Medium,Yes,Land,0.199,Paper Wrap,0.25,80,40,Pharma & Health,95.26,87.5,1,78.45
P2278,Bioplastic,974,Low,Yes,Sea,0.682,Paper Wrap,0.29,80,40,Pharma & Health,83.75,85.5,1,74.5
P2279,Bioplastic,1595,Medium,Yes,Land,1.117,Paper Wrap,0.12,80,40,Pharma & Health,73.38,94.0,1,73.51
P2280,Ceramic,845,Medium,Yes,Air,1.014,Bio Bubble Wrap,0.68,20,70,Home & Decor,75.83,66.0,1,58.25
P2281,Plastic,1730,Medium,Yes,Sea,3.633,Recycled Cardboard,0.48,10,65,Cosmetics,13.42,76.0,1,38.53
P2282,Ceramic,888,Medium,Yes,Air,1.066,Bio Bubble Wrap,0.83,20,70,Home & Decor,74.59,58.5,1,56.0
P2283,Metal,365,Low,Yes,Sea,0.657,Paper Wrap,0.11,5,40,Industrial,84.34,94.5,1,58.18
P2284,Plastic,643,Medium,Yes,Land,1.35,Recycled Cardboard,0.37,10,65,Cosmetics,67.83,81.5,1,56.22
P2285,Metal,1121,Low,Yes,Sea,2.018,Bio Bubble Wrap,0.69,5,70,Industrial,51.91,65.5,1,47.2
P2286,Bioplastic,321,Low,Yes,Sea,0.225,Paper Wrap,0.39,80,40,Pharma & Health,94.64,80.5,1,76.52
P2287,Glass,1619,Low,Yes,Land,2.429,Bio Bubble Wrap,0.73,15,70,Home & Decor,42.11,63.5,1,46.26
P2288,Paper,610,High,Yes,Land,0.549,Paper Wrap,0.24,95,40,Food & Beverage,86.92,88.0,1,79.83
P2289,Ceramic,1099,High,Yes,Land,1.319,Bio Bubble Wrap,0.64,20,70,Home & Decor,68.57,68.0,1,56.57
P2290,Ceramic,1853,Low,Yes,Sea,2.224,Bio Bubble Wrap,0.93,20,70,Home & Decor,47.0,53.5,1,46.48
P2291,Paper,744,Medium,No,Sea,0.67,Paper Wrap,0.18,95,40,Food & Beverage,84.03,91.0,0,79.71
P2292,Paper,924,High,Yes,Land,0.832,Paper Wrap,0.16,95,40,Food & Beverage,80.17,92.0,1,78.8
P2293,Metal,1197,Low,Yes,Land,2.155,Cornstarch Wrap,1.06,5,55,Industrial,48.64,47.0,1,38.59
P2294,Ceramic,1978,Low,Yes,Land,2.374,Bio Bubble Wrap,0.5,20,70,Home & Decor,43.42,75.0,1,50.78
P2295,Bioplastic,578,Medium,No,Sea,0.405,Paper Wrap,0.1,80,40,Pharma & Health,90.35,95.0,0,78.85
P2296,Glass,917,Medium,Yes,Land,1.375,Bio Bubble Wrap,0.65,15,70,Home & Decor,67.23,67.5,1,54.79
P2297,Bioplastic,1019,Low,Yes,Land,0.713,Paper Wrap,0.11,80,40,Pharma & Health,83.01,94.5,1,76.53
P2298,Bioplastic,1092,Low,No,Sea,0.764,Paper Wrap,0.13,80,40,Pharma & Health,81.79,93.5,0,75.91
P2299,Paper,854,Medium,Yes,Land,0.769,Paper Wrap,0.2,95,40,Food & Beverage,81.67,90.0,1,78.75
P2300,Bioplastic,1963,Medium,Yes,Air,1.374,Paper Wrap,0.34,80,40,Pharma & Health,67.25,83.0,1,68.92
P2301,Glass,106,Low,Yes,Sea,0.159,Bio Bubble Wrap,0.9,15,70,Home & Decor,96.21,55.0,1,60.36
P2302,Plastic,559,Low,Yes,Air,1.174,Recycled Cardboard,0.56,10,65,E-Commerce,72.02,72.0,1,55.11
P2303,Glass,245,High,No,Air,0.367,Bio Bubble Wrap,0.71,15,70,Home & Decor,91.25,64.5,0,61.25
P2304,Glass,358,Low,No,Land,0.537,Bio Bubble Wrap,1.15,15,70,Home & Decor,87.2,42.5,0,54.54
P2305,Bioplastic,1685,Medium,Yes,Air,1.179,Paper Wrap,0.22,80,40,Pharma & Health,71.9,89.0,1,71.82
P2306,Plastic,154,Low,Yes,Air,0.323,Recycled Cardboard,0.34,10,65,E-Commerce,92.3,83.0,1,63.94
P2307,Bioplastic,1514,Medium,Yes,Air,1.06,Paper Wrap,0.29,80,40,Pharma & Health,74.74,85.5,1,71.8
P2308,Paper,1686,Medium,Yes,Air,1.517,Paper Wrap,0.13,95,40,Food & Beverage,63.85,93.5,1,74.28
P2309,Paper,940,Medium,Yes,Land,0.846,Paper Wrap,0.2,95,40,Food & Beverage,79.84,90.0,1,78.2
P2310,Glass,1148,High,Yes,Sea,1.722,Bio Bubble Wrap,0.86,15,70,Home & Decor,58.96,57.0,1,49.69
P2311,Paper,1026,Low,Yes,Land,0.923,Paper Wrap,0.36,95,40,Food & Beverage,78.0,82.0,1,75.65
P2312,Glass,598,Medium,Yes,Land,0.897,Bio Bubble Wrap,0.85,15,70,Home & Decor,78.62,57.5,1,55.71
P2313,Bioplastic,1916,Low,Yes,Air,1.341,Paper Wrap,0.31,80,40,Pharma & Health,68.04,84.5,1,69.54
P2314,Paper,1827,Low,Yes,Sea,1.644,Paper Wrap,0.4,95,40,Food & Beverage,60.82,80.0,1,70.0
P2315,Metal,1338,Medium,Yes,Sea,2.408,Cornstarch Wrap,0.72,5,55,Industrial,42.61,64.0,1,41.03
P2316,Paper,270,High,No,Air,0.243,Paper Wrap,0.18,95,40,Food & Beverage,94.21,91.0,0,82.76
P2317,Plastic,456,Low,Yes,Sea,0.958,Recycled Cardboard,0.5,10,65,E-Commerce,77.17,75.0,1,57.4
P2318,Metal,522,Medium,Yes,Sea,0.94,Mushroom Foam,1.31,5,75,Industrial,77.6,34.5,1,48.16
P2319,Plastic,1667,Low,Yes,Air,3.501,Recycled Cardboard,0.51,10,65,E-Commerce,16.56,74.5,1,39.09
P2320,Paper,445,High,Yes,Air,0.401,Paper Wrap,0.37,95,40,Food & Beverage,90.44,81.5,1,79.26
P2321,Ceramic,1017,Medium,No,Land,1.22,Bio Bubble Wrap,1.0,20,70,Home & Decor,70.92,50.0,0,52.78
P2322,Paper,139,Low,Yes,Air,0.125,Paper Wrap,0.28,95,40,Food & Beverage,97.02,86.0,1,82.36
P2323,Paper,452,High,Yes,Air,0.407,Paper Wrap,0.19,95,40,Food & Beverage,90.3,90.5,1,81.46
P2324,Metal,390,Medium,Yes,Sea,0.702,Paper Wrap,0.35,5,40,Industrial,83.27,82.5,1,54.86
P2325,Ceramic,415,Medium,Yes,Air,0.498,Bio Bubble Wrap,1.17,20,70,Home & Decor,88.13,41.5,1,55.81
P2326,Plastic,700,High,No,Land,1.47,Recycled Cardboard,0.71,10,65,E-Commerce,64.97,64.5,0,51.12
P2327,Metal,1423,Medium,Yes,Land,2.561,Mushroom Foam,0.8,5,75,Industrial,38.97,60.0,1,42.94
P2328,Glass,1670,Low,Yes,Sea,2.505,Bio Bubble Wrap,0.95,15,70,Home & Decor,40.3,52.5,1,42.96
P2329,Bioplastic,360,Low,Yes,Land,0.252,Paper Wrap,0.12,80,40,Pharma & Health,93.99,94.0,1,79.7
P2330,Plastic,1094,Medium,Yes,Land,2.297,Recycled Cardboard,0.43,10,65,Cosmetics,45.26,78.5,1,48.7
P2331,Plastic,1841,Low,Yes,Land,3.866,Recycled Cardboard,0.33,10,65,E-Commerce,7.86,83.5,1,38.73
P2332,Ceramic,1265,Low,Yes,Sea,1.518,Bio Bubble Wrap,0.92,20,70,Home & Decor,63.82,54.0,1,51.65
P2333,Metal,522,Medium,Yes,Land,0.94,Minimalist Pouch,0.47,5,50,Industrial,77.6,76.5,1,53.66
P2334,Glass,740,Medium,Yes,Air,1.11,Bio Bubble Wrap,0.58,15,70,Home & Decor,73.55,71.0,1,57.56
P2335,Ceramic,1558,Medium,No,Land,1.87,Bio Bubble Wrap,0.77,20,70,Home & Decor,55.43,61.5,0,51.0
P2336,Ceramic,345,Medium,Yes,Air,0.414,Bio Bubble Wrap,0.82,20,70,Home & Decor,90.13,59.0,1,60.79
P2337,Paper,554,Low,Yes,Land,0.499,Paper Wrap,0.21,95,40,Food & Beverage,88.11,89.5,1,80.56
P2338,Glass,657,Low,Yes,Air,0.986,Bio Bubble Wrap,0.58,15,70,Home & Decor,76.5,71.0,1,58.45
P2339,Bioplastic,616,Low,No,Sea,0.431,Paper Wrap,0.23,80,40,Pharma & Health,89.73,88.5,0,77.04
P2340,Bioplastic,1281,High,Yes,Air,0.897,Paper Wrap,0.33,80,40,Pharma & Health,78.62,83.5,1,72.46
P2341,Plastic,360,High,Yes,Land,0.756,Recycled Cardboard,0.34,10,65,E-Commerce,81.98,83.0,1,60.84
P2342,Bioplastic,1194,Medium,Yes,Sea,0.836,Paper Wrap,0.12,80,40,Pharma & Health,80.08,94.0,1,75.52
P2343,Plastic,416,Medium,Yes,Sea,0.874,Recycled Cardboard,0.48,10,65,Cosmetics,79.17,76.0,1,58.25
P2344,Ceramic,189,Low,Yes,Air,0.227,Bio Bubble Wrap,1.16,20,70,Home & Decor,94.59,42.0,1,57.88
P2345,Plastic,1579,Low,Yes,Sea,3.316,Recycled Cardboard,0.63,10,65,E-Commerce,20.97,68.5,1,38.92
P2346,Bioplastic,1095,Medium,Yes,Land,0.766,Paper Wrap,0.3,80,40,Pharma & Health,81.74,85.0,1,73.77
P2347,Glass,1314,Low,Yes,Air,1.971,Bio Bubble Wrap,0.75,15,70,Home & Decor,53.03,62.5,1,49.28
P2348,Plastic,190,Medium,Yes,Air,0.399,Recycled Cardboard,0.6,10,65,Cosmetics,90.49,70.0,1,60.15
P2349,Ceramic,1113,High,Yes,Land,1.336,Bio Bubble Wrap,0.51,20,70,Home & Decor,68.16,74.5,1,58.07
P2350,Glass,1738,Low,Yes,Land,2.607,Bio Bubble Wrap,0.95,15,70,Home & Decor,37.87,52.5,1,42.24
P2351,Plastic,1755,Medium,Yes,Air,3.686,Recycled Cardboard,0.76,10,65,Cosmetics,12.15,62.0,1,34.64
P2352,Plastic,223,High,Yes,Sea,0.468,Recycled Cardboard,0.61,10,65,E-Commerce,88.85,69.5,1,59.53
P2353,Paper,386,Low,Yes,Land,0.347,Paper Wrap,0.36,95,40,Food & Beverage,91.73,82.0,1,79.77
P2354,Ceramic,1203,Low,Yes,Land,1.444,Bio Bubble Wrap,1.01,20,70,Home & Decor,65.59,49.5,1,51.05
P2355,Metal,482,Medium,Yes,Air,0.868,Bio Bubble Wrap,0.58,5,70,Industrial,79.31,71.0,1,56.79
P2356,Bioplastic,1916,Medium,No,Land,1.341,Paper Wrap,0.37,80,40,Pharma & Health,68.04,81.5,0,68.79
P2357,Ceramic,772,Medium,Yes,Air,0.926,Bio Bubble Wrap,0.55,20,70,Home & Decor,77.93,72.5,1,60.5
P2358,Plastic,198,Low,Yes,Sea,0.416,Recycled Cardboard,0.57,10,65,E-Commerce,90.09,71.5,1,60.4
P2359,Plastic,455,Low,Yes,Land,0.956,Recycled Cardboard,0.37,10,65,E-Commerce,77.22,81.5,1,59.04
P2360,Bioplastic,1433,Medium,Yes,Land,1.003,Paper Wrap,0.1,80,40,Pharma & Health,76.1,95.0,1,74.58
P2361,Glass,616,Medium,Yes,Air,0.924,Bio Bubble Wrap,0.8,15,70,Home & Decor,77.98,60.0,1,56.14
P2362,Paper,1476,Medium,Yes,Land,1.328,Paper Wrap,0.19,95,40,Food & Beverage,68.35,90.5,1,74.88
P2363,Metal,1285,High,Yes,Land,2.313,Recycled Cardboard,0.54,5,65,Electronics,44.88,73.0,1,45.96
P2364,Ceramic,329,Medium,Yes,Land,0.395,Bio Bubble Wrap,0.9,20,70,Home & Decor,90.59,55.0,1,59.93
P2365,Bioplastic,1016,High,Yes,Sea,0.711,Paper Wrap,0.11,80,40,Pharma & Health,83.06,94.5,1,76.54
P2366,Ceramic,1145,Medium,Yes,Land,1.374,Bio Bubble Wrap,0.59,20,70,Home & Decor,67.25,70.5,1,56.8
P2367,Glass,626,Low,Yes,Sea,0.939,Bio Bubble Wrap,0.89,15,70,Home & Decor,77.62,55.5,1,54.91
P2368,Plastic,462,High,Yes,Land,0.97,Recycled Cardboard,0.47,10,65,E-Commerce,76.88,76.5,1,57.69
P2369,Paper,1411,Medium,Yes,Air,1.27,Paper Wrap,0.32,95,40,Food & Beverage,69.73,84.0,1,73.67
P2370,Bioplastic,710,Medium,No,Air,0.497,Paper Wrap,0.3,80,40,Pharma & Health,88.16,85.0,0,75.7
P2371,Plastic,1572,High,Yes,Sea,3.301,Recycled Cardboard,0.72,10,65,E-Commerce,21.33,64.0,1,37.9
P2372,Glass,1769,Medium,Yes,Air,2.654,Bio Bubble Wrap,0.98,15,70,Home & Decor,36.75,51.0,1,41.52
P2373,Glass,1072,Medium,Yes,Sea,1.608,Bio Bubble Wrap,0.8,15,70,Home & Decor,61.68,60.0,1,51.25
P2374,Metal,1062,Medium,No,Land,1.912,Mushroom Foam,1.61,5,75,Industrial,54.43,19.5,0,37.45
P2375,Ceramic,1072,High,Yes,Sea,1.286,Bio Bubble Wrap,0.69,20,70,Home & Decor,69.35,65.5,1,56.18
P2376,Plastic,1335,High,Yes,Land,2.804,Recycled Cardboard,0.45,10,65,E-Commerce,33.17,77.5,1,44.83
P2377,Metal,597,Low,Yes,Air,1.075,Bio Bubble Wrap,1.05,5,70,Industrial,74.38,47.5,1,49.44
P2378,Glass,410,Medium,No,Land,0.615,Bio Bubble Wrap,0.81,15,70,Home & Decor,85.34,59.5,0,58.23
P2379,Metal,193,High,No,Land,0.347,Bio Bubble Wrap,1.06,5,70,Electronics,91.73,47.0,0,54.52
P2380,Metal,1699,Low,Yes,Sea,3.058,Bio Bubble Wrap,1.08,5,70,Industrial,27.12,46.0,1,34.89
P2381,Bioplastic,1541,Medium,Yes,Land,1.079,Paper Wrap,0.36,80,40,Pharma & Health,74.29,82.0,1,70.79
P2382,Glass,1757,Medium,Yes,Land,2.635,Bio Bubble Wrap,1.14,15,70,Home & Decor,37.2,43.0,1,39.66
P2383,Plastic,790,Low,No,Land,1.659,Recycled Cardboard,0.52,10,65,E-Commerce,60.46,74.0,0,52.14
P2384,Metal,1215,High,Yes,Air,2.187,Bio Bubble Wrap,0.72,5,70,Electronics,47.88,64.0,1,45.61
P2385,Metal,198,Low,Yes,Air,0.356,Bio Bubble Wrap,0.91,5,70,Industrial,91.52,54.5,1,56.33
P2386,Metal,1938,High,Yes,Sea,3.488,Paper Wrap,0.21,5,40,Electronics,16.87,89.5,1,36.69
P2387,Paper,1492,Medium,Yes,Sea,1.343,Paper Wrap,0.28,95,40,Food & Beverage,67.99,86.0,1,73.65
P2388,Glass,382,Medium,Yes,Sea,0.573,Bio Bubble Wrap,0.99,15,70,Home & Decor,86.34,50.5,1,56.28
P2389,Paper,1077,High,Yes,Air,0.969,Paper Wrap,0.31,95,40,Food & Beverage,76.91,84.5,1,75.95
P2390,Paper,1252,Low,Yes,Air,1.127,Paper Wrap,0.21,95,40,Food & Beverage,73.14,89.5,1,76.07
P2391,Plastic,943,Low,Yes,Air,1.98,Recycled Cardboard,0.38,10,65,E-Commerce,52.81,81.0,1,51.59
P2392,Metal,595,High,Yes,Land,1.071,Minimalist Pouch,0.37,5,50,Electronics,74.48,81.5,1,53.97
P2393,Glass,758,Low,Yes,Land,1.137,Bio Bubble Wrap,0.6,15,70,Home & Decor,72.9,70.0,1,57.12
P2394,Paper,917,High,Yes,Air,0.825,Paper Wrap,0.37,95,40,Food & Beverage,80.34,81.5,1,76.23
P2395,Bioplastic,551,High,Yes,Land,0.386,Paper Wrap,0.2,80,40,Pharma & Health,90.8,90.0,1,77.74
P2396,Ceramic,1067,Low,No,Land,1.28,Bio Bubble Wrap,0.61,20,70,Home & Decor,69.49,69.5,0,57.22
P2397,Metal,1045,Low,Yes,Sea,1.881,Recycled Cardboard,0.31,5,65,Industrial,55.17,84.5,1,51.93
P2398,Metal,653,Low,No,Sea,1.175,Minimalist Pouch,0.46,5,50,Industrial,72.0,77.0,0,52.1
P2399,Glass,1655,Medium,Yes,Sea,2.482,Bio Bubble Wrap,0.95,15,70,Home & Decor,40.85,52.5,1,43.13
P2400,Bioplastic,1195,High,Yes,Sea,0.837,Paper Wrap,0.2,80,40,Pharma & Health,80.05,90.0,1,74.52
P2401,Plastic,1616,High,No,Air,3.394,Recycled Cardboard,0.34,10,65,E-Commerce,19.11,83.0,0,41.98
P2402,Plastic,1356,High,No,Land,2.848,Recycled Cardboard,0.5,10,65,E-Commerce,32.13,75.0,0,43.89
P2403,Ceramic,1817,High,Yes,Air,2.18,Bio Bubble Wrap,0.72,20,70,Home & Decor,48.05,64.0,1,49.42
P2404,Bioplastic,1272,Low,No,Air,0.89,Paper Wrap,0.3,80,40,Pharma & Health,78.79,85.0,0,72.89
P2405,Metal,701,High,No,Sea,1.262,Recycled Cardboard,0.6,5,65,Electronics,69.92,70.0,0,52.73
P2406,Metal,1176,High,Yes,Air,2.117,Cornstarch Wrap,0.93,5,55,Electronics,49.55,53.5,1,40.49
P2407,Metal,1123,High,Yes,Sea,2.021,Mushroom Foam,1.06,5,75,Electronics,51.84,47.0,1,43.55
P2408,Paper,559,Low,Yes,Land,0.503,Paper Wrap,0.4,95,40,Food & Beverage,88.01,80.0,1,78.15
P2409,Ceramic,1942,Low,Yes,Land,2.33,Bio Bubble Wrap,0.82,20,70,Home & Decor,44.47,59.0,1,47.09
P2410,Bioplastic,939,Low,Yes,Sea,0.657,Paper Wrap,0.31,80,40,Pharma & Health,84.34,84.5,1,74.43
P2411,Bioplastic,796,Medium,Yes,Air,0.557,Paper Wrap,0.14,80,40,Pharma & Health,86.73,93.0,1,77.27
P2412,Ceramic,1435,Low,Yes,Air,1.722,Bio Bubble Wrap,0.84,20,70,Home & Decor,58.96,58.0,1,51.19
P2413,Metal,227,Medium,Yes,Land,0.409,Bio Bubble Wrap,0.52,5,70,Industrial,90.25,74.0,1,60.82
P2414,Metal,1620,High,Yes,Land,2.916,Paper Wrap,0.25,5,40,Electronics,30.51,87.5,1,40.28
P2415,Metal,1456,Medium,Yes,Land,2.621,Paper Wrap,0.39,5,40,Industrial,37.54,80.5,1,40.64
P2416,Plastic,727,Medium,Yes,Sea,1.527,Recycled Cardboard,0.49,10,65,Cosmetics,63.61,75.5,1,53.46
P2417,Metal,1751,High,Yes,Air,3.152,Mushroom Foam,0.85,5,75,Electronics,24.88,57.5,1,38.09
P2418,Plastic,1827,Medium,No,Air,3.837,Recycled Cardboard,0.32,10,65,Cosmetics,8.56,84.0,0,39.07
P2419,Paper,1667,Low,No,Land,1.5,Paper Wrap,0.22,95,40,Food & Beverage,64.25,89.0,0,73.28
P2420,Metal,1264,Low,Yes,Land,2.275,Bio Bubble Wrap,0.61,5,70,Industrial,45.78,69.5,1,46.36
P2421,Bioplastic,1876,Low,Yes,Air,1.313,Paper Wrap,0.11,80,40,Pharma & Health,68.71,94.5,1,72.24
P2422,Plastic,487,Low,Yes,Land,1.023,Recycled Cardboard,0.68,10,65,E-Commerce,75.62,66.0,1,54.69
P2423,Metal,1189,High,Yes,Air,2.14,Recycled Cardboard,0.53,5,65,Electronics,49.0,73.5,1,47.32
P2424,Ceramic,1871,Low,Yes,Air,2.245,Bio Bubble Wrap,0.7,20,70,Home & Decor,46.5,65.0,1,49.2
P2425,Plastic,1619,Medium,Yes,Air,3.4,Recycled Cardboard,0.75,10,65,Cosmetics,18.97,62.5,1,36.82
P2426,Ceramic,1145,Medium,Yes,Air,1.374,Bio Bubble Wrap,0.58,20,70,Home & Decor,67.25,71.0,1,56.92
P2427,Bioplastic,1217,Medium,Yes,Land,0.852,Paper Wrap,0.39,80,40,Pharma & Health,79.69,80.5,1,72.03
P2428,Ceramic,1313,Medium,Yes,Sea,1.576,Bio Bubble Wrap,0.72,20,70,Home & Decor,62.44,64.0,1,53.73
P2429,Glass,1756,Medium,No,Sea,2.634,Bio Bubble Wrap,1.12,15,70,Home & Decor,37.23,44.0,0,39.92
P2430,Bioplastic,302,Medium,Yes,Land,0.211,Paper Wrap,0.28,80,40,Pharma & Health,94.97,86.0,1,77.99
P2431,Glass,150,Medium,Yes,Sea,0.225,Bio Bubble Wrap,1.08,15,70,Home & Decor,94.64,46.0,1,57.64
P2432,Plastic,1304,Medium,Yes,Sea,2.738,Recycled Cardboard,0.79,10,65,Cosmetics,34.75,60.5,1,41.05
P2433,Plastic,1014,Low,Yes,Land,2.129,Recycled Cardboard,0.44,10,65,E-Commerce,49.26,78.0,1,49.78
P2434,Bioplastic,1446,Low,Yes,Air,1.012,Paper Wrap,0.39,80,40,Pharma & Health,75.88,80.5,1,70.89
P2435,Glass,990,Medium,Yes,Land,1.485,Bio Bubble Wrap,0.77,15,70,Home & Decor,64.61,61.5,1,52.51
P2436,Bioplastic,1276,Medium,Yes,Sea,0.893,Paper Wrap,0.22,80,40,Pharma & Health,78.72,89.0,1,73.87
P2437,Ceramic,1061,Medium,Yes,Land,1.273,Bio Bubble Wrap,0.74,20,70,Home & Decor,69.66,63.0,1,55.65
P2438,Plastic,1647,High,Yes,Land,3.459,Recycled Cardboard,0.57,10,65,E-Commerce,17.56,71.5,1,38.64
P2439,Metal,166,Medium,Yes,Sea,0.299,Paper Wrap,0.15,5,40,Industrial,92.87,92.5,1,60.24
P2440,Ceramic,1160,High,Yes,Land,1.392,Bio Bubble Wrap,0.89,20,70,Home & Decor,66.83,55.5,1,52.92
P2441,Glass,1847,Low,Yes,Air,2.771,Bio Bubble Wrap,0.88,15,70,Home & Decor,33.96,56.0,1,41.94
P2442,Plastic,1584,High,Yes,Land,3.326,Recycled Cardboard,0.68,10,65,E-Commerce,20.73,66.0,1,38.22
P2443,Ceramic,860,Low,Yes,Sea,1.032,Bio Bubble Wrap,1.08,20,70,Home & Decor,75.41,46.0,1,53.12
P2444,Paper,231,High,Yes,Air,0.208,Paper Wrap,0.23,95,40,Food & Beverage,95.04,88.5,1,82.39
P2445,Metal,810,Medium,Yes,Land,1.458,Bio Bubble Wrap,0.71,5,70,Industrial,65.25,64.5,1,50.95
P2446,Bioplastic,1015,Medium,Yes,Air,0.711,Paper Wrap,0.18,80,40,Pharma & Health,83.06,91.0,1,75.67
P2447,Bioplastic,1091,Low,Yes,Sea,0.764,Paper Wrap,0.16,80,40,Pharma & Health,81.79,92.0,1,75.54
P2448,Bioplastic,248,Medium,Yes,Sea,0.174,Paper Wrap,0.12,80,40,Pharma & Health,95.85,94.0,1,80.26
P2449,Paper,384,Medium,Yes,Sea,0.346,Paper Wrap,0.2,95,40,Food & Beverage,91.75,90.0,1,81.78
P2450,Paper,1001,High,Yes,Sea,0.901,Paper Wrap,0.18,95,40,Food & Beverage,78.53,91.0,1,78.06
P2451,Bioplastic,136,Medium,Yes,Land,0.095,Paper Wrap,0.39,80,40,Pharma & Health,97.74,80.5,1,77.45
P2452,Glass,684,Medium,Yes,Air,1.026,Bio Bubble Wrap,0.89,15,70,Home & Decor,75.55,55.5,1,54.29
P2453,Ceramic,1577,Low,Yes,Sea,1.892,Bio Bubble Wrap,0.74,20,70,Home & Decor,54.91,63.0,1,51.22
P2454,Metal,1605,Low,Yes,Sea,2.889,Mushroom Foam,1.5,5,75,Industrial,31.15,25.0,1,31.84
P2455,Paper,1386,High,Yes,Air,1.247,Paper Wrap,0.14,95,40,Food & Beverage,70.28,93.0,1,76.08
P2456,Plastic,377,High,Yes,Air,0.792,Recycled Cardboard,0.52,10,65,E-Commerce,81.12,74.0,1,58.34
P2457,Bioplastic,284,Low,Yes,Sea,0.199,Paper Wrap,0.29,80,40,Pharma & Health,95.26,85.5,1,77.95
P2458,Plastic,207,Low,Yes,Air,0.435,Recycled Cardboard,0.54,10,65,E-Commerce,89.63,73.0,1,60.64
P2459,Paper,1996,High,Yes,Land,1.796,Paper Wrap,0.22,95,40,Food & Beverage,57.2,89.0,1,71.16
P2460,Metal,424,Low,No,Sea,0.763,Bio Bubble Wrap,1.2,5,70,Industrial,81.82,40.0,0,49.8
P2461,Paper,229,Medium,Yes,Land,0.206,Paper Wrap,0.36,95,40,Food & Beverage,95.09,82.0,1,80.78
P2462,Glass,963,High,Yes,Land,1.444,Bio Bubble Wrap,0.94,15,70,Home & Decor,65.59,53.0,1,50.68
P2463,Bioplastic,1099,Low,Yes,Air,0.769,Paper Wrap,0.27,80,40,Pharma & Health,81.67,86.5,1,74.13
P2464,Bioplastic,631,Medium,Yes,Sea,0.442,Paper Wrap,0.29,80,40,Pharma & Health,89.47,85.5,1,76.22
P2465,Paper,436,Medium,Yes,Sea,0.392,Paper Wrap,0.16,95,40,Food & Beverage,90.66,92.0,1,81.95
P2466,Paper,1409,Low,Yes,Land,1.268,Paper Wrap,0.22,95,40,Food & Beverage,69.78,89.0,1,74.93
P2467,Bioplastic,1022,Medium,No,Sea,0.715,Paper Wrap,0.11,80,40,Pharma & Health,82.96,94.5,0,76.51
P2468,Bioplastic,800,Low,No,Land,0.56,Paper Wrap,0.24,80,40,Pharma & Health,86.65,88.0,0,76.0
P2469,Ceramic,1595,Low,No,Sea,1.914,Bio Bubble Wrap,0.88,20,70,Home & Decor,54.39,56.0,0,49.32
P2470,Glass,219,Medium,Yes,Land,0.329,Bio Bubble Wrap,0.66,15,70,Home & Decor,92.16,67.0,1,62.15
P2471,Bioplastic,443,Low,Yes,Sea,0.31,Paper Wrap,0.39,80,40,Pharma & Health,92.61,80.5,1,75.91
P2472,Ceramic,1036,Low,Yes,Sea,1.243,Bio Bubble Wrap,1.14,20,70,Home & Decor,70.38,43.0,1,50.86
P2473,Metal,1802,Low,Yes,Sea,3.244,Cornstarch Wrap,1.25,5,55,Industrial,22.69,37.5,1,28.43
P2474,Plastic,1914,Low,Yes,Land,4.019,Recycled Cardboard,0.57,10,65,E-Commerce,4.22,71.5,1,34.64
P2475,Paper,503,Low,Yes,Sea,0.453,Paper Wrap,0.36,95,40,Food & Beverage,89.2,82.0,1,79.01
P2476,Paper,135,High,Yes,Land,0.121,Paper Wrap,0.14,95,40,Food & Beverage,97.12,93.0,1,84.14
P2477,Glass,1537,Low,Yes,Land,2.305,Bio Bubble Wrap,1.05,15,70,Home & Decor,45.07,47.5,1,43.15
P2478,Metal,1281,Medium,Yes,Sea,2.306,Recycled Cardboard,0.36,5,65,Industrial,45.04,82.0,1,48.26
P2479,Paper,1042,High,Yes,Land,0.938,Paper Wrap,0.34,95,40,Food & Beverage,77.65,83.0,1,75.8
P2480,Paper,1293,Medium,Yes,Land,1.164,Paper Wrap,0.18,95,40,Food & Beverage,72.26,91.0,1,76.18
P2481,Plastic,1658,Medium,Yes,Sea,3.482,Recycled Cardboard,0.74,10,65,Cosmetics,17.02,63.0,1,36.36
P2482,Paper,1259,High,Yes,Land,1.133,Paper Wrap,0.38,95,40,Food & Beverage,73.0,81.0,1,73.9
P2483,Plastic,1141,Medium,No,Sea,2.396,Recycled Cardboard,0.37,10,65,Cosmetics,42.9,81.5,0,48.74
P2484,Plastic,511,Medium,Yes,Air,1.073,Recycled Cardboard,0.53,10,65,Cosmetics,74.43,73.5,1,56.2
P2485,Plastic,184,Low,Yes,Land,0.386,Recycled Cardboard,0.79,10,65,E-Commerce,90.8,60.5,1,57.86
P2486,Plastic,1515,High,Yes,Land,3.182,Recycled Cardboard,0.54,10,65,E-Commerce,24.17,73.0,1,41.0
P2487,Paper,332,Low,Yes,Land,0.299,Paper Wrap,0.36,95,40,Food & Beverage,92.87,82.0,1,80.11
P2488,Paper,827,Medium,Yes,Air,0.744,Paper Wrap,0.28,95,40,Food & Beverage,82.27,86.0,1,77.93
P2489,Glass,1232,Low,Yes,Air,1.848,Bio Bubble Wrap,0.76,15,70,Home & Decor,55.96,62.0,1,50.04
P2490,Plastic,1741,Medium,Yes,Air,3.656,Recycled Cardboard,0.44,10,65,Cosmetics,12.87,78.0,1,38.86
P2491,Ceramic,1188,Medium,Yes,Air,1.426,Bio Bubble Wrap,0.64,20,70,Home & Decor,66.02,68.0,1,55.81
P2492,Paper,991,Medium,No,Air,0.892,Paper Wrap,0.33,95,40,Food & Beverage,78.74,83.5,0,76.25
P2493,Bioplastic,750,High,Yes,Air,0.525,Paper Wrap,0.22,80,40,Pharma & Health,87.49,89.0,1,76.5
P2494,Ceramic,1314,High,Yes,Land,1.577,Bio Bubble Wrap,0.86,20,70,Home & Decor,62.42,57.0,1,51.98
P2495,Metal,1973,Low,Yes,Land,3.551,Mushroom Foam,1.39,5,75,Industrial,15.37,30.5,1,28.49
P2496,Ceramic,625,Low,Yes,Land,0.75,Bio Bubble Wrap,0.9,20,70,Home & Decor,82.13,55.0,1,57.39
P2497,Ceramic,592,Medium,Yes,Sea,0.71,Bio Bubble Wrap,1.11,20,70,Home & Decor,83.08,44.5,1,55.05
P2498,Bioplastic,248,Medium,Yes,Air,0.174,Paper Wrap,0.39,80,40,Pharma & Health,95.85,80.5,1,76.88
P2499,Metal,1761,Low,No,Air,3.17,Recycled Cardboard,0.5,5,65,Industrial,24.45,75.0,0,40.34
P2500,Ceramic,1359,Medium,Yes,Sea,1.631,Bio Bubble Wrap,1.08,20,70,Home & Decor,61.13,46.0,1,48.84
P2501,Ceramic,1698,High,Yes,Sea,2.038,Bio Bubble Wrap,1.04,20,70,Home & Decor,51.43,48.0,1,46.43
P2502,Glass,745,Low,No,Sea,1.117,Bio Bubble Wrap,0.9,15,70,Home & Decor,73.38,55.0,0,53.51
P2503,Ceramic,634,Low,Yes,Land,0.761,Bio Bubble Wrap,1.17,20,70,Home & Decor,81.86,41.5,1,53.93
P2504,Glass,1680,High,Yes,Sea,2.52,Bio Bubble Wrap,0.64,15,70,Home & Decor,39.94,68.0,1,46.73
P2505,Ceramic,922,High,Yes,Sea,1.106,Bio Bubble Wrap,0.58,20,70,Home & Decor,73.64,71.0,1,58.84
P2506,Paper,1970,Medium,Yes,Land,1.773,Paper Wrap,0.36,95,40,Food & Beverage,57.75,82.0,1,69.58
P2507,Plastic,1386,Low,Yes,Air,2.911,Recycled Cardboard,0.52,10,65,E-Commerce,30.62,74.0,1,43.19
P2508,Ceramic,1119,Medium,Yes,Sea,1.343,Bio Bubble Wrap,1.09,20,70,Home & Decor,67.99,45.5,1,50.77
P2509,Paper,1833,Low,Yes,Sea,1.65,Paper Wrap,0.37,95,40,Food & Beverage,60.68,81.5,1,70.33
P2510,Glass,1167,Low,Yes,Land,1.75,Bio Bubble Wrap,0.54,15,70,Home & Decor,58.29,73.0,1,53.49
P2511,Plastic,782,Medium,Yes,Air,1.642,Recycled Cardboard,0.74,10,65,Cosmetics,60.87,63.0,1,49.51
P2512,Ceramic,736,Low,No,Land,0.883,Bio Bubble Wrap,0.81,20,70,Home & Decor,78.96,59.5,0,57.56
P2513,Plastic,1447,Medium,No,Land,3.039,Recycled Cardboard,0.56,10,65,Cosmetics,27.57,72.0,0,41.77
P2514,Glass,1484,High,Yes,Sea,2.226,Bio Bubble Wrap,0.94,15,70,Home & Decor,46.95,53.0,1,45.08
P2515,Metal,132,Medium,Yes,Land,0.238,Cornstarch Wrap,1.43,5,55,Industrial,94.33,28.5,1,47.67
P2516,Ceramic,720,High,Yes,Air,0.864,Bio Bubble Wrap,0.51,20,70,Home & Decor,79.41,74.5,1,61.45
P2517,Paper,159,Medium,Yes,Sea,0.143,Paper Wrap,0.24,95,40,Food & Beverage,96.59,88.0,1,82.73
P2518,Paper,766,Low,Yes,Land,0.689,Paper Wrap,0.31,95,40,Food & Beverage,83.58,84.5,1,77.95
P2519,Ceramic,1243,Low,Yes,Land,1.492,Bio Bubble Wrap,1.01,20,70,Home & Decor,64.44,49.5,1,50.71
P2520,Plastic,461,Medium,No,Air,0.968,Recycled Cardboard,0.65,10,65,Cosmetics,76.93,67.5,0,55.45
P2521,Metal,645,High,Yes,Land,1.161,Minimalist Pouch,0.25,5,50,Electronics,72.33,87.5,1,54.82
P2522,Glass,1860,High,Yes,Sea,2.79,Bio Bubble Wrap,0.71,15,70,Home & Decor,33.51,64.5,1,43.93
P2523,Paper,1426,Low,Yes,Sea,1.283,Paper Wrap,0.21,95,40,Food & Beverage,69.42,89.5,1,74.95
P2524,Metal,588,Medium,No,Land,1.058,Minimalist Pouch,0.52,5,50,Industrial,74.79,74.0,0,52.19
P2525,Metal,1606,High,Yes,Land,2.891,Bio Bubble Wrap,0.7,5,70,Electronics,31.1,65.0,1,40.83
P2526,Bioplastic,1579,Medium,Yes,Sea,1.105,Paper Wrap,0.16,80,40,Pharma & Health,73.67,92.0,1,73.1
P2527,Glass,502,Medium,Yes,Land,0.753,Bio Bubble Wrap,1.17,15,70,Home & Decor,82.05,41.5,1,52.74
P2528,Ceramic,1051,High,No,Sea,1.261,Bio Bubble Wrap,0.51,20,70,Home & Decor,69.95,74.5,0,58.61
P2529,Plastic,1935,Low,Yes,Air,4.064,Recycled Cardboard,0.8,10,65,E-Commerce,3.15,60.0,1,31.44
P2530,Metal,967,Medium,Yes,Sea,1.741,Bio Bubble Wrap,0.97,5,70,Industrial,58.51,51.5,1,45.68
P2531,Paper,1419,Low,Yes,Air,1.277,Paper Wrap,0.35,95,40,Food & Beverage,69.57,82.5,1,73.25
P2532,Bioplastic,1311,Medium,Yes,Air,0.918,Paper Wrap,0.19,80,40,Pharma & Health,78.12,90.5,1,74.06
P2533,Ceramic,584,Medium,Yes,Sea,0.701,Bio Bubble Wrap,0.51,20,70,Home & Decor,83.29,74.5,1,62.61
P2534,Paper,392,Low,Yes,Land,0.353,Paper Wrap,0.32,95,40,Food & Beverage,91.59,84.0,1,80.23
P2535,Bioplastic,1322,Medium,No,Sea,0.925,Paper Wrap,0.35,80,40,Pharma & Health,77.96,82.5,0,72.01
P2536,Metal,343,Low,No,Air,0.617,Bio Bubble Wrap,1.02,5,70,Industrial,85.3,49.0,0,53.09
P2537,Plastic,1034,Medium,Yes,Air,2.171,Recycled Cardboard,0.37,10,65,Cosmetics,48.26,81.5,1,50.35
P2538,Glass,1124,Low,Yes,Land,1.686,Bio Bubble Wrap,1.03,15,70,Home & Decor,59.82,48.5,1,47.82
P2539,Plastic,1046,Medium,Yes,Sea,2.197,Recycled Cardboard,0.68,10,65,Cosmetics,47.64,66.0,1,46.29
P2540,Bioplastic,380,Medium,No,Air,0.266,Paper Wrap,0.3,80,40,Pharma & Health,93.66,85.0,0,77.35
P2541,Bioplastic,1562,Low,Yes,Sea,1.093,Paper Wrap,0.33,80,40,Pharma & Health,73.95,83.5,1,71.06
P2542,Ceramic,1555,Medium,Yes,Air,1.866,Bio Bubble Wrap,1.09,20,70,Home & Decor,55.53,45.5,1,47.03
P2543,Glass,873,Medium,No,Land,1.31,Bio Bubble Wrap,0.93,15,70,Home & Decor,68.78,53.5,0,51.76
P2544,Paper,1587,High,Yes,Air,1.428,Paper Wrap,0.13,95,40,Food & Beverage,65.97,93.5,1,74.92
P2545,Bioplastic,1103,Medium,No,Air,0.772,Paper Wrap,0.25,80,40,Pharma & Health,81.6,87.5,0,74.35
P2546,Plastic,393,Low,No,Air,0.825,Recycled Cardboard,0.34,10,65,E-Commerce,80.34,83.0,0,60.35
P2547,Glass,1204,Medium,Yes,Land,1.806,Bio Bubble Wrap,0.79,15,70,Home & Decor,56.96,60.5,1,49.96
P2548,Bioplastic,105,High,No,Sea,0.073,Paper Wrap,0.22,80,40,Pharma & Health,98.26,89.0,0,79.73
P2549,Ceramic,350,High,Yes,Air,0.42,Bio Bubble Wrap,0.55,20,70,Home & Decor,89.99,72.5,1,64.12
P2550,Ceramic,1388,High,Yes,Air,1.666,Bio Bubble Wrap,0.74,20,70,Home & Decor,60.3,63.0,1,52.84
P2551,Bioplastic,492,Medium,Yes,Air,0.344,Paper Wrap,0.13,80,40,Pharma & Health,91.8,93.5,1,78.91
P2552,Metal,1728,Low,Yes,Land,3.11,Mushroom Foam,1.77,5,75,Industrial,25.88,11.5,1,26.89
P2553,Bioplastic,568,Low,Yes,Air,0.398,Paper Wrap,0.38,80,40,Pharma & Health,90.51,81.0,1,75.4
P2554,Bioplastic,1121,High,Yes,Sea,0.785,Paper Wrap,0.12,80,40,Pharma & Health,81.29,94.0,1,75.89
P2555,Metal,632,Medium,Yes,Air,1.138,Recycled Cardboard,0.78,5,65,Industrial,72.88,61.0,1,51.36
P2556,Metal,1066,Low,No,Sea,1.919,Mushroom Foam,1.43,5,75,Industrial,54.27,28.5,0,39.66
P2557,Plastic,275,Low,Yes,Sea,0.578,Recycled Cardboard,0.45,10,65,E-Commerce,86.22,77.5,1,60.74
P2558,Metal,1511,Medium,Yes,Air,2.72,Mushroom Foam,0.89,5,75,Industrial,35.18,55.5,1,40.68
P2559,Glass,1075,Low,Yes,Sea,1.613,Bio Bubble Wrap,0.85,15,70,Home & Decor,61.56,57.5,1,50.59
P2560,Glass,1439,Low,No,Air,2.159,Bio Bubble Wrap,1.06,15,70,Home & Decor,48.55,47.0,0,44.06
P2561,Glass,156,High,No,Sea,0.234,Bio Bubble Wrap,0.99,15,70,Home & Decor,94.42,50.5,0,58.7
P2562,Paper,1309,Low,Yes,Air,1.178,Paper Wrap,0.12,95,40,Food & Beverage,71.93,94.0,1,76.83
P2563,Ceramic,503,Low,Yes,Air,0.604,Bio Bubble Wrap,0.55,20,70,Home & Decor,85.61,72.5,1,62.81
P2564,Glass,1459,Medium,Yes,Land,2.188,Bio Bubble Wrap,0.78,15,70,Home & Decor,47.86,61.0,1,47.36
P2565,Bioplastic,1992,Low,Yes,Air,1.394,Paper Wrap,0.19,80,40,Pharma & Health,66.78,90.5,1,70.66
P2566,Bioplastic,680,High,Yes,Land,0.476,Paper Wrap,0.17,80,40,Pharma & Health,88.66,91.5,1,77.47
P2567,Ceramic,1142,Low,Yes,Air,1.37,Bio Bubble Wrap,0.7,20,70,Home & Decor,67.35,65.0,1,55.46
P2568,Glass,1360,Medium,No,Sea,2.04,Bio Bubble Wrap,1.06,15,70,Home & Decor,51.38,47.0,0,44.91
P2569,Bioplastic,986,Medium,Yes,Land,0.69,Paper Wrap,0.38,80,40,Pharma & Health,83.56,81.0,1,73.32
P2570,Plastic,713,Medium,Yes,Air,1.497,Recycled Cardboard,0.5,10,65,Cosmetics,64.32,75.0,1,53.55
P2571,Paper,1891,Low,Yes,Sea,1.702,Paper Wrap,0.37,95,40,Food & Beverage,59.44,81.5,1,69.96
P2572,Glass,433,Medium,No,Air,0.649,Bio Bubble Wrap,0.73,15,70,Home & Decor,84.53,63.5,0,58.98
P2573,Metal,1014,Low,No,Land,1.825,Paper Wrap,0.24,5,40,Industrial,56.51,88.0,0,48.2
P2574,Bioplastic,1895,High,Yes,Air,1.327,Paper Wrap,0.17,80,40,Pharma & Health,68.37,91.5,1,71.39
P2575,Metal,339,Medium,Yes,Sea,0.61,Minimalist Pouch,0.46,5,50,Industrial,85.46,77.0,1,56.14
P2576,Glass,386,High,Yes,Land,0.579,Bio Bubble Wrap,1.19,15,70,Home & Decor,86.2,40.5,1,53.74
P2577,Bioplastic,1926,Low,No,Air,1.348,Paper Wrap,0.28,80,40,Pharma & Health,67.87,86.0,0,69.86
P2578,Plastic,554,Medium,Yes,Air,1.163,Recycled Cardboard,0.48,10,65,Cosmetics,72.28,76.0,1,56.18
P2579,Paper,1831,High,Yes,Air,1.648,Paper Wrap,0.29,95,40,Food & Beverage,60.72,85.5,1,71.34
P2580,Plastic,598,Medium,No,Air,1.256,Recycled Cardboard,0.36,10,65,Cosmetics,70.07,82.0,0,57.02
P2581,Plastic,1967,Low,Yes,Air,4.131,Recycled Cardboard,0.74,10,65,E-Commerce,1.55,63.0,1,31.72
P2582,Plastic,587,Low,Yes,Air,1.233,Recycled Cardboard,0.55,10,65,E-Commerce,70.61,72.5,1,54.81
P2583,Plastic,657,High,Yes,Sea,1.38,Recycled Cardboard,0.52,10,65,E-Commerce,67.11,74.0,1,54.13
P2584,Plastic,1298,Medium,Yes,Air,2.726,Recycled Cardboard,0.59,10,65,Cosmetics,35.03,70.5,1,43.63
P2585,Paper,1135,Medium,Yes,Land,1.022,Paper Wrap,0.29,95,40,Food & Beverage,75.64,85.5,1,75.82
P2586,Metal,780,Low,Yes,Land,1.404,Bio Bubble Wrap,0.55,5,70,Industrial,66.54,72.5,1,53.34
P2587,Plastic,714,Low,Yes,Air,1.499,Recycled Cardboard,0.64,10,65,E-Commerce,64.28,68.0,1,51.78
P2588,Metal,920,Low,Yes,Air,1.656,Paper Wrap,0.17,5,40,Industrial,60.53,91.5,1,50.28
P2589,Glass,1600,Low,Yes,Air,2.4,Bio Bubble Wrap,1.0,15,70,Home & Decor,42.8,50.0,1,43.09
P2590,Bioplastic,1440,Medium,Yes,Air,1.008,Paper Wrap,0.35,80,40,Pharma & Health,75.98,82.5,1,71.42
P2591,Glass,1889,High,Yes,Land,2.833,Bio Bubble Wrap,1.06,15,70,Home & Decor,32.48,47.0,1,39.24
P2592,Metal,631,Low,Yes,Air,1.136,Bio Bubble Wrap,0.89,5,70,Industrial,72.93,55.5,1,51.0
P2593,Bioplastic,1588,Low,No,Sea,1.112,Paper Wrap,0.26,80,40,Pharma & Health,73.5,87.0,0,71.8
P2594,Metal,1085,High,Yes,Sea,1.953,Mushroom Foam,0.97,5,75,Electronics,53.46,51.5,1,45.16
P2595,Ceramic,870,Low,Yes,Sea,1.044,Bio Bubble Wrap,1.04,20,70,Home & Decor,75.12,48.0,1,53.54
P2596,Metal,935,Medium,Yes,Sea,1.683,Recycled Cardboard,0.44,5,65,Industrial,59.89,78.0,1,51.72
P2597,Ceramic,447,High,Yes,Air,0.536,Bio Bubble Wrap,0.85,20,70,Home & Decor,87.23,57.5,1,59.54
P2598,Ceramic,1277,High,Yes,Land,1.532,Bio Bubble Wrap,0.7,20,70,Home & Decor,63.49,65.0,1,54.3
P2599,Glass,154,Low,Yes,Air,0.231,Bio Bubble Wrap,0.59,15,70,Home & Decor,94.49,70.5,1,63.72
P2600,Paper,141,Medium,Yes,Air,0.127,Paper Wrap,0.29,95,40,Food & Beverage,96.97,85.5,1,82.22
P2601,Ceramic,1162,High,No,Air,1.394,Bio Bubble Wrap,0.54,20,70,Home & Decor,66.78,73.0,0,57.28
P2602,Paper,658,Medium,Yes,Land,0.592,Paper Wrap,0.32,95,40,Food & Beverage,85.89,84.0,1,78.52
P2603,Paper,589,Low,Yes,Land,0.53,Paper Wrap,0.2,95,40,Food & Beverage,87.37,90.0,1,80.46
P2604,Glass,1601,Low,Yes,Land,2.401,Bio Bubble Wrap,0.5,15,70,Home & Decor,42.78,75.0,1,49.33
P2605,Plastic,187,High,Yes,Sea,0.393,Recycled Cardboard,0.56,10,65,E-Commerce,90.63,72.0,1,60.69
P2606,Ceramic,1992,Low,No,Air,2.39,Bio Bubble Wrap,0.53,20,70,Home & Decor,43.04,73.5,0,50.29
P2607,Bioplastic,1966,Low,Yes,Air,1.376,Paper Wrap,0.18,80,40,Pharma & Health,67.21,91.0,1,70.91
P2608,Plastic,1645,High,Yes,Land,3.454,Recycled Cardboard,0.65,10,65,E-Commerce,17.68,67.5,1,37.68
P2609,Metal,1631,High,Yes,Air,2.936,Recycled Cardboard,0.33,5,65,Electronics,30.03,83.5,1,44.13
P2610,Ceramic,1636,Low,Yes,Sea,1.963,Bio Bubble Wrap,1.09,20,70,Home & Decor,53.22,45.5,1,46.34
P2611,Metal,896,Medium,Yes,Land,1.613,Minimalist Pouch,0.2,5,50,Industrial,61.56,90.0,1,52.22
P2612,Plastic,1509,Medium,Yes,Air,3.169,Recycled Cardboard,0.42,10,65,Cosmetics,24.48,79.0,1,42.59
P2613,Glass,482,Low,Yes,Land,0.723,Bio Bubble Wrap,1.02,15,70,Home & Decor,82.77,49.0,1,54.83
P2614,Ceramic,1677,Low,Yes,Sea,2.012,Bio Bubble Wrap,0.72,20,70,Home & Decor,52.05,64.0,1,50.61
P2615,Glass,1269,Medium,Yes,Air,1.903,Bio Bubble Wrap,0.57,15,70,Home & Decor,54.65,71.5,1,52.02
P2616,Bioplastic,566,Medium,Yes,Air,0.396,Paper Wrap,0.21,80,40,Pharma & Health,90.56,89.5,1,77.54
P2617,Glass,1991,Medium,Yes,Air,2.986,Bio Bubble Wrap,0.69,15,70,Home & Decor,28.84,65.5,1,42.78
P2618,Bioplastic,590,Low,No,Air,0.413,Paper Wrap,0.35,80,40,Pharma & Health,90.16,82.5,0,75.67
P2619,Ceramic,1243,High,Yes,Air,1.492,Bio Bubble Wrap,0.72,20,70,Home & Decor,64.44,64.0,1,54.33
P2620,Plastic,535,Low,Yes,Land,1.123,Recycled Cardboard,0.69,10,65,E-Commerce,73.24,65.5,1,53.85
P2621,Bioplastic,1602,Medium,Yes,Land,1.121,Paper Wrap,0.37,80,40,Pharma & Health,73.28,81.5,1,70.36
P2622,Bioplastic,1219,High,No,Air,0.853,Paper Wrap,0.23,80,40,Pharma & Health,79.67,88.5,0,74.03
P2623,Paper,865,Medium,Yes,Land,0.778,Paper Wrap,0.37,95,40,Food & Beverage,81.46,81.5,1,76.56
P2624,Plastic,1210,High,Yes,Sea,2.541,Recycled Cardboard,0.49,10,65,E-Commerce,39.44,75.5,1,46.21
P2625,Glass,318,High,Yes,Sea,0.477,Bio Bubble Wrap,1.17,15,70,Home & Decor,88.63,41.5,1,54.71
P2626,Metal,290,Low,Yes,Land,0.522,Cornstarch Wrap,0.68,5,55,Industrial,87.56,66.0,1,55.02
P2627,Ceramic,1516,Medium,Yes,Air,1.819,Bio Bubble Wrap,0.98,20,70,Home & Decor,56.65,51.0,1,48.74
P2628,Metal,173,Low,No,Air,0.311,Minimalist Pouch,0.4,5,50,Industrial,92.59,80.0,0,59.03
P2629,Plastic,1659,High,Yes,Air,3.484,Recycled Cardboard,0.49,10,65,E-Commerce,16.97,75.5,1,39.47
P2630,Paper,374,Low,No,Land,0.337,Paper Wrap,0.29,95,40,Food & Beverage,91.97,85.5,0,80.72
P2631,Paper,162,Medium,Yes,Land,0.146,Paper Wrap,0.31,95,40,Food & Beverage,96.52,84.5,1,81.83
P2632,Paper,1106,Medium,Yes,Air,0.995,Paper Wrap,0.1,95,40,Food & Beverage,76.29,95.0,1,78.39
P2633,Metal,839,Low,Yes,Sea,1.51,Recycled Cardboard,0.38,5,65,Industrial,64.01,81.0,1,53.7
P2634,Metal,749,Medium,Yes,Sea,1.348,Minimalist Pouch,0.49,5,50,Industrial,67.87,75.5,1,50.49
P2635,Paper,1293,Medium,Yes,Air,1.164,Paper Wrap,0.3,95,40,Food & Beverage,72.26,85.0,1,74.68
P2636,Metal,1405,Low,Yes,Air,2.529,Recycled Cardboard,0.78,5,65,Industrial,39.73,61.0,1,41.42
P2637,Paper,1914,High,Yes,Air,1.723,Paper Wrap,0.33,95,40,Food & Beverage,58.94,83.5,1,70.31
P2638,Metal,537,Low,Yes,Land,0.967,Paper Wrap,0.39,5,40,Industrial,76.95,80.5,1,52.46
P2639,Glass,1312,High,Yes,Air,1.968,Bio Bubble Wrap,0.99,15,70,Home & Decor,53.1,50.5,1,46.3
P2640,Bioplastic,1154,Low,Yes,Land,0.808,Paper Wrap,0.19,80,40,Pharma & Health,80.74,90.5,1,74.85
P2641,Ceramic,957,Low,No,Sea,1.148,Bio Bubble Wrap,0.57,20,70,Home & Decor,72.64,71.5,0,58.67
P2642,Paper,211,Medium,No,Sea,0.19,Paper Wrap,0.33,95,40,Food & Beverage,95.47,83.5,0,81.27
P2643,Bioplastic,842,Low,Yes,Land,0.589,Paper Wrap,0.29,80,40,Pharma & Health,85.96,85.5,1,75.16
P2644,Bioplastic,1470,Low,No,Land,1.029,Paper Wrap,0.11,80,40,Pharma & Health,75.48,94.5,0,74.27
P2645,Plastic,1938,High,Yes,Air,4.07,Recycled Cardboard,0.48,10,65,E-Commerce,3.0,76.0,1,35.4
P2646,Paper,1886,Medium,Yes,Sea,1.697,Paper Wrap,0.39,95,40,Food & Beverage,59.56,80.5,1,69.74
P2647,Paper,1218,High,Yes,Sea,1.096,Paper Wrap,0.25,95,40,Food & Beverage,73.88,87.5,1,75.79
P2648,Bioplastic,1061,Medium,No,Sea,0.743,Paper Wrap,0.23,80,40,Pharma & Health,82.29,88.5,0,74.81
P2649,Glass,257,Low,Yes,Air,0.386,Bio Bubble Wrap,0.82,15,70,Home & Decor,90.8,59.0,1,59.74
P2650,Paper,1734,Medium,No,Sea,1.561,Paper Wrap,0.16,95,40,Food & Beverage,62.8,92.0,0,73.59
P2651,Ceramic,559,Medium,Yes,Air,0.671,Bio Bubble Wrap,0.76,20,70,Home & Decor,84.01,62.0,1,59.7
P2652,Ceramic,850,High,Yes,Air,1.02,Bio Bubble Wrap,0.76,20,70,Home & Decor,75.69,62.0,1,57.21
P2653,Plastic,374,Medium,Yes,Air,0.785,Recycled Cardboard,0.33,10,65,Cosmetics,81.29,83.5,1,60.76
P2654,Glass,438,Low,Yes,Sea,0.657,Bio Bubble Wrap,1.04,15,70,Home & Decor,84.34,48.0,1,55.05
P2655,Paper,1487,Low,Yes,Sea,1.338,Paper Wrap,0.22,95,40,Food & Beverage,68.11,89.0,1,74.43
P2656,Plastic,1656,Low,Yes,Air,3.478,Recycled Cardboard,0.71,10,65,E-Commerce,17.11,64.5,1,36.76
P2657,Ceramic,147,Low,Yes,Sea,0.176,Bio Bubble Wrap,1.1,20,70,Home & Decor,95.81,45.0,1,58.99
P2658,Ceramic,1297,High,Yes,Sea,1.556,Bio Bubble Wrap,0.65,20,70,Home & Decor,62.92,67.5,1,54.75
P2659,Metal,920,Medium,No,Land,1.656,Minimalist Pouch,0.46,5,50,Industrial,60.53,77.0,0,48.66
P2660,Bioplastic,873,Low,Yes,Air,0.611,Paper Wrap,0.24,80,40,Pharma & Health,85.44,88.0,1,75.63
P2661,Paper,1091,High,No,Land,0.982,Paper Wrap,0.36,95,40,Food & Beverage,76.6,82.0,0,75.23
P2662,Paper,160,Low,Yes,Land,0.144,Paper Wrap,0.16,95,40,Food & Beverage,96.57,92.0,1,83.72
P2663,Plastic,1144,Medium,Yes,Sea,2.402,Recycled Cardboard,0.64,10,65,Cosmetics,42.76,68.0,1,45.33
P2664,Ceramic,1868,Medium,No,Land,2.242,Bio Bubble Wrap,0.93,20,70,Home & Decor,46.57,53.5,0,46.35
P2665,Metal,258,High,Yes,Air,0.464,Recycled Cardboard,0.45,5,65,Electronics,88.94,77.5,1,60.31
P2666,Plastic,1210,Medium,Yes,Land,2.541,Recycled Cardboard,0.37,10,65,Cosmetics,39.44,81.5,1,47.71
P2667,Glass,265,Medium,Yes,Land,0.398,Bio Bubble Wrap,0.96,15,70,Home & Decor,90.51,52.0,1,57.9
P2668,Plastic,1574,Medium,No,Sea,3.305,Recycled Cardboard,0.67,10,65,Cosmetics,21.23,66.5,0,38.49
P2669,Bioplastic,1122,Medium,Yes,Air,0.785,Paper Wrap,0.19,80,40,Pharma & Health,81.29,90.5,1,75.01
P2670,Ceramic,129,Low,Yes,Air,0.155,Bio Bubble Wrap,0.95,20,70,Home & Decor,96.31,52.5,1,61.02
P2671,Metal,192,Low,Yes,Sea,0.346,Bio Bubble Wrap,0.78,5,70,Industrial,91.75,61.0,1,58.02
P2672,Ceramic,1101,Low,Yes,Land,1.321,Bio Bubble Wrap,1.0,20,70,Home & Decor,68.52,50.0,1,52.06
P2673,Ceramic,1053,Low,Yes,Sea,1.264,Bio Bubble Wrap,0.64,20,70,Home & Decor,69.88,68.0,1,56.96
P2674,Bioplastic,418,Low,Yes,Sea,0.293,Paper Wrap,0.37,80,40,Pharma & Health,93.02,81.5,1,76.28
P2675,Metal,513,Medium,No,Land,0.923,Mushroom Foam,1.14,5,75,Industrial,78.0,43.0,0,50.4
P2676,Paper,1914,Low,Yes,Air,1.723,Paper Wrap,0.21,95,40,Food & Beverage,58.94,89.5,1,71.81
P2677,Bioplastic,601,Medium,Yes,Sea,0.421,Paper Wrap,0.12,80,40,Pharma & Health,89.97,94.0,1,78.49
P2678,Glass,167,Low,Yes,Air,0.251,Bio Bubble Wrap,0.58,15,70,Home & Decor,94.02,71.0,1,63.71
P2679,Glass,1047,Low,Yes,Sea,1.571,Bio Bubble Wrap,0.86,15,70,Home & Decor,62.56,57.0,1,50.77
P2680,Paper,1632,Low,Yes,Land,1.469,Paper Wrap,0.18,95,40,Food & Beverage,64.99,91.0,1,74.0
P2681,Paper,1684,Medium,Yes,Air,1.516,Paper Wrap,0.35,95,40,Food & Beverage,63.87,82.5,1,71.54
P2682,Glass,1804,Low,Yes,Air,2.706,Bio Bubble Wrap,0.51,15,70,Home & Decor,35.51,74.5,1,47.03
P2683,Bioplastic,1593,Low,Yes,Air,1.115,Paper Wrap,0.21,80,40,Pharma & Health,73.43,89.5,1,72.4
P2684,Plastic,874,Medium,No,Air,1.835,Recycled Cardboard,0.47,10,65,Cosmetics,56.27,76.5,0,51.51
P2685,Paper,623,High,Yes,Air,0.561,Paper Wrap,0.11,95,40,Food & Beverage,86.63,94.5,1,81.36
P2686,Bioplastic,1633,Low,Yes,Sea,1.143,Paper Wrap,0.14,80,40,Pharma & Health,72.76,93.0,1,73.08
P2687,Bioplastic,296,Medium,Yes,Sea,0.207,Paper Wrap,0.22,80,40,Pharma & Health,95.07,89.0,1,78.77
P2688,Metal,1885,Medium,Yes,Air,3.393,Bio Bubble Wrap,0.85,5,70,Industrial,19.14,57.5,1,35.37
P2689,Ceramic,510,Medium,No,Sea,0.612,Bio Bubble Wrap,0.78,20,70,Home & Decor,85.41,61.0,0,59.87
P2690,Plastic,599,High,Yes,Sea,1.258,Recycled Cardboard,0.57,10,65,E-Commerce,70.02,71.5,1,54.38
P2691,Paper,870,Low,Yes,Air,0.783,Paper Wrap,0.28,95,40,Food & Beverage,81.34,86.0,1,77.65
P2692,Ceramic,490,Low,No,Sea,0.588,Bio Bubble Wrap,0.51,20,70,Home & Decor,85.99,74.5,0,63.42
P2693,Glass,1363,Low,Yes,Sea,2.045,Bio Bubble Wrap,0.82,15,70,Home & Decor,51.26,59.0,1,47.88
P2694,Bioplastic,1936,Low,Yes,Air,1.355,Paper Wrap,0.39,80,40,Pharma & Health,67.71,80.5,1,68.44
P2695,Plastic,560,Medium,Yes,Sea,1.176,Recycled Cardboard,0.56,10,65,Cosmetics,71.97,72.0,1,55.09
P2696,Plastic,1696,Medium,Yes,Sea,3.562,Recycled Cardboard,0.64,10,65,Cosmetics,15.11,68.0,1,37.03
P2697,Glass,140,Low,No,Air,0.21,Bio Bubble Wrap,0.72,15,70,Home & Decor,95.0,64.0,0,62.25
P2698,Paper,347,High,Yes,Air,0.312,Paper Wrap,0.33,95,40,Food & Beverage,92.56,83.5,1,80.39
P2699,Plastic,205,High,Yes,Air,0.43,Recycled Cardboard,0.69,10,65,E-Commerce,89.75,65.5,1,58.8
P2700,Metal,1014,Medium,Yes,Land,1.825,Minimalist Pouch,0.41,5,50,Industrial,56.51,79.5,1,48.08
P2701,Metal,185,Low,Yes,Land,0.333,Bio Bubble Wrap,1.18,5,70,Industrial,92.06,41.0,1,53.12
P2702,Glass,367,Medium,Yes,Land,0.55,Bio Bubble Wrap,0.59,15,70,Home & Decor,86.89,70.5,1,61.44
P2703,Ceramic,1228,Medium,Yes,Sea,1.474,Bio Bubble Wrap,0.51,20,70,Home & Decor,64.87,74.5,1,57.09
P2704,Ceramic,1293,Low,Yes,Sea,1.552,Bio Bubble Wrap,1.04,20,70,Home & Decor,63.01,48.0,1,49.9
P2705,Plastic,755,Medium,Yes,Land,1.585,Recycled Cardboard,0.7,10,65,Cosmetics,62.23,65.0,1,50.42
P2706,Metal,800,Low,Yes,Land,1.44,Cornstarch Wrap,0.71,5,55,Industrial,65.68,64.5,1,48.08
P2707,Bioplastic,587,High,Yes,Land,0.411,Paper Wrap,0.18,80,40,Pharma & Health,90.2,91.0,1,77.81
P2708,Metal,227,Medium,Yes,Air,0.409,Minimalist Pouch,0.21,5,50,Industrial,90.25,89.5,1,60.7
P2709,Bioplastic,1254,Medium,Yes,Air,0.878,Paper Wrap,0.19,80,40,Pharma & Health,79.08,90.5,1,74.35
P2710,Plastic,761,Low,Yes,Air,1.598,Recycled Cardboard,0.69,10,65,E-Commerce,61.92,65.5,1,50.45
P2711,Plastic,1441,Medium,No,Sea,3.026,Recycled Cardboard,0.56,10,65,Cosmetics,27.88,72.0,0,41.86
P2712,Ceramic,942,Low,Yes,Land,1.13,Bio Bubble Wrap,0.74,20,70,Home & Decor,73.07,63.0,1,56.67
P2713,Plastic,1368,Medium,Yes,Land,2.873,Recycled Cardboard,0.49,10,65,Cosmetics,31.53,75.5,1,43.83
P2714,Glass,1041,Low,Yes,Sea,1.562,Bio Bubble Wrap,0.5,15,70,Home & Decor,62.77,75.0,1,55.33
P2715,Glass,1144,Low,Yes,Air,1.716,Bio Bubble Wrap,0.71,15,70,Home & Decor,59.1,64.5,1,51.6
P2716,Metal,1286,Low,Yes,Sea,2.315,Bio Bubble Wrap,0.95,5,70,Industrial,44.83,52.5,1,41.82
P2717,Glass,1193,High,Yes,Air,1.79,Bio Bubble Wrap,1.18,15,70,Home & Decor,57.34,41.0,1,45.2
P2718,Bioplastic,1047,Medium,No,Air,0.733,Paper Wrap,0.35,80,40,Pharma & Health,82.53,82.5,0,73.38
P2719,Plastic,1774,High,No,Air,3.725,Recycled Cardboard,0.31,10,65,E-Commerce,11.22,84.5,0,39.99
P2720,Plastic,159,High,No,Land,0.334,Recycled Cardboard,0.75,10,65,E-Commerce,92.04,62.5,0,58.74
P2721,Bioplastic,974,Medium,Yes,Air,0.682,Paper Wrap,0.33,80,40,Pharma & Health,83.75,83.5,1,74.0
P2722,Ceramic,442,Low,Yes,Land,0.53,Bio Bubble Wrap,1.05,20,70,Home & Decor,87.37,47.5,1,57.09
P2723,Paper,1774,High,Yes,Land,1.597,Paper Wrap,0.24,95,40,Food & Beverage,61.94,88.0,1,72.33
P2724,Metal,1091,Low,Yes,Sea,1.964,Bio Bubble Wrap,0.78,5,70,Industrial,53.19,61.0,1,46.46
P2725,Plastic,1763,Medium,Yes,Sea,3.702,Recycled Cardboard,0.45,10,65,Cosmetics,11.77,77.5,1,38.41
P2726,Ceramic,1287,Medium,No,Land,1.544,Bio Bubble Wrap,0.55,20,70,Home & Decor,63.2,72.5,0,56.08
P2727,Glass,1571,Low,Yes,Air,2.357,Bio Bubble Wrap,0.66,15,70,Home & Decor,43.83,67.0,1,47.65
P2728,Ceramic,1280,Medium,Yes,Sea,1.536,Bio Bubble Wrap,0.67,20,70,Home & Decor,63.39,66.5,1,54.64
P2729,Paper,1584,Medium,No,Air,1.426,Paper Wrap,0.25,95,40,Food & Beverage,66.02,87.5,0,73.43
P2730,Bioplastic,1607,Low,Yes,Sea,1.125,Paper Wrap,0.32,80,40,Pharma & Health,73.19,84.0,1,70.96
P2731,Metal,1176,High,No,Sea,2.117,Minimalist Pouch,0.39,5,50,Electronics,49.55,80.5,0,46.24
P2732,Plastic,1004,Medium,No,Air,2.108,Recycled Cardboard,0.33,10,65,Cosmetics,49.76,83.5,0,51.3
P2733,Metal,533,Low,Yes,Land,0.959,Cornstarch Wrap,1.46,5,55,Industrial,77.14,27.0,1,42.14
P2734,Paper,163,High,Yes,Sea,0.147,Paper Wrap,0.38,95,40,Food & Beverage,96.5,81.0,1,80.95
P2735,Glass,1954,Medium,Yes,Air,2.931,Bio Bubble Wrap,1.05,15,70,Home & Decor,30.15,47.5,1,38.67
P2736,Glass,148,Low,Yes,Land,0.222,Bio Bubble Wrap,1.19,15,70,Home & Decor,94.71,40.5,1,56.29
P2737,Bioplastic,1132,Low,Yes,Sea,0.792,Paper Wrap,0.26,80,40,Pharma & Health,81.12,87.0,1,74.09
P2738,Bioplastic,1907,Medium,Yes,Air,1.335,Paper Wrap,0.39,80,40,Pharma & Health,68.18,80.5,1,68.58
P2739,Plastic,837,High,No,Air,1.758,Recycled Cardboard,0.34,10,65,E-Commerce,58.1,83.0,0,53.68
P2740,Ceramic,527,Medium,Yes,Land,0.632,Bio Bubble Wrap,0.76,20,70,Home & Decor,84.94,62.0,1,59.98
P2741,Glass,1439,Low,No,Sea,2.159,Bio Bubble Wrap,0.66,15,70,Home & Decor,48.55,67.0,0,49.06
P2742,Ceramic,570,Low,No,Air,0.684,Bio Bubble Wrap,0.64,20,70,Home & Decor,83.7,68.0,0,61.11
P2743,Ceramic,1756,Medium,Yes,Air,2.107,Bio Bubble Wrap,0.6,20,70,Home & Decor,49.79,70.0,1,51.44
P2744,Metal,1432,Low,Yes,Air,2.578,Minimalist Pouch,0.45,5,50,Industrial,38.56,77.5,1,42.19
P2745,Bioplastic,1026,Medium,Yes,Sea,0.718,Paper Wrap,0.33,80,40,Pharma & Health,82.89,83.5,1,73.74
P2746,Glass,929,Medium,Yes,Land,1.393,Bio Bubble Wrap,0.9,15,70,Home & Decor,66.8,55.0,1,51.54
P2747,Bioplastic,1576,Low,Yes,Air,1.103,Paper Wrap,0.14,80,40,Pharma & Health,73.71,93.0,1,73.36
P2748,Paper,430,Low,No,Land,0.387,Paper Wrap,0.34,95,40,Food & Beverage,90.78,83.0,0,79.73
P2749,Metal,324,Low,Yes,Land,0.583,Bio Bubble Wrap,0.95,5,70,Industrial,86.11,52.5,1,54.21
P2750,Glass,704,Medium,Yes,Land,1.056,Bio Bubble Wrap,0.77,15,70,Home & Decor,74.83,61.5,1,55.57
P2751,Paper,1974,Medium,Yes,Land,1.777,Paper Wrap,0.3,95,40,Food & Beverage,57.65,85.0,1,70.3
P2752,Ceramic,844,High,No,Land,1.013,Bio Bubble Wrap,0.68,20,70,Home & Decor,75.86,66.0,0,58.26
P2753,Metal,914,Low,No,Land,1.645,Minimalist Pouch,0.34,5,50,Industrial,60.8,83.0,0,50.24
P2754,Glass,1369,Low,Yes,Sea,2.054,Bio Bubble Wrap,1.14,15,70,Home & Decor,51.05,43.0,1,43.82
P2755,Ceramic,856,Low,No,Sea,1.027,Bio Bubble Wrap,0.7,20,70,Home & Decor,75.52,65.0,0,57.91
P2756,Glass,125,Medium,No,Air,0.188,Bio Bubble Wrap,0.83,15,70,Home & Decor,95.52,58.5,0,61.03
P2757,Glass,389,Low,Yes,Air,0.584,Bio Bubble Wrap,1.12,15,70,Home & Decor,86.08,44.0,1,54.57
P2758,Plastic,1702,Low,Yes,Sea,3.574,Recycled Cardboard,0.65,10,65,E-Commerce,14.82,67.5,1,36.82
P2759,Glass,1140,Medium,Yes,Air,1.71,Bio Bubble Wrap,0.54,15,70,Home & Decor,59.25,73.0,1,53.78
P2760,Glass,1536,Low,No,Sea,2.304,Bio Bubble Wrap,0.6,15,70,Home & Decor,45.09,70.0,0,48.78
P2761,Bioplastic,514,High,Yes,Sea,0.36,Paper Wrap,0.1,80,40,Pharma & Health,91.42,95.0,1,79.18
P2762,Metal,150,High,Yes,Sea,0.27,Paper Wrap,0.29,5,40,Electronics,93.57,85.5,1,58.7
P2763,Ceramic,1242,Low,Yes,Air,1.49,Bio Bubble Wrap,0.81,20,70,Home & Decor,64.49,59.5,1,53.22
P2764,Plastic,1705,Medium,Yes,Sea,3.58,Recycled Cardboard,0.37,10,65,Cosmetics,14.68,81.5,1,40.28
P2765,Plastic,435,Low,Yes,Land,0.913,Recycled Cardboard,0.78,10,65,E-Commerce,78.24,61.0,1,54.22
P2766,Metal,1791,Medium,Yes,Air,3.224,Mushroom Foam,1.44,5,75,Industrial,23.16,28.0,1,30.2
P2767,Bioplastic,1489,Low,No,Sea,1.042,Paper Wrap,0.17,80,40,Pharma & Health,75.17,91.5,0,73.43
P2768,Paper,320,Low,No,Sea,0.288,Paper Wrap,0.25,95,40,Food & Beverage,93.14,87.5,0,81.57
P2769,Glass,964,Low,Yes,Air,1.446,Bio Bubble Wrap,0.98,15,70,Home & Decor,65.54,51.0,1,50.16
P2770,Plastic,944,Low,Yes,Air,1.982,Recycled Cardboard,0.34,10,65,E-Commerce,52.76,83.0,1,52.08
P2771,Glass,281,High,Yes,Sea,0.421,Bio Bubble Wrap,0.69,15,70,Home & Decor,89.97,65.5,1,61.12
P2772,Plastic,1779,Low,Yes,Sea,3.736,Recycled Cardboard,0.7,10,65,E-Commerce,10.96,65.0,1,35.04
P2773,Bioplastic,769,Medium,Yes,Land,0.538,Paper Wrap,0.24,80,40,Pharma & Health,87.18,88.0,1,76.15
P2774,Paper,806,Medium,Yes,Land,0.725,Paper Wrap,0.26,95,40,Food & Beverage,82.72,87.0,1,78.32
P2775,Glass,1623,Medium,Yes,Air,2.434,Bio Bubble Wrap,0.8,15,70,Home & Decor,41.99,60.0,1,45.35
P2776,Bioplastic,638,High,Yes,Sea,0.447,Paper Wrap,0.11,80,40,Pharma & Health,89.35,94.5,1,78.43
P2777,Ceramic,460,Low,No,Land,0.552,Bio Bubble Wrap,0.62,20,70,Home & Decor,86.84,69.0,0,62.3
P2778,Bioplastic,310,Medium,No,Land,0.217,Paper Wrap,0.23,80,40,Pharma & Health,94.83,88.5,0,78.57
P2779,Metal,1913,High,Yes,Air,3.443,Cornstarch Wrap,0.79,5,55,Electronics,17.95,60.5,1,32.76
P2780,Metal,547,Medium,No,Sea,0.985,Mushroom Foam,0.86,5,75,Industrial,76.53,57.0,0,53.46
P2781,Metal,975,Low,Yes,Land,1.755,Cornstarch Wrap,1.36,5,55,Industrial,58.17,32.0,1,37.7
P2782,Bioplastic,527,Medium,Yes,Sea,0.369,Paper Wrap,0.39,80,40,Pharma & Health,91.21,80.5,1,75.49
P2783,Bioplastic,1894,Low,Yes,Air,1.326,Paper Wrap,0.34,80,40,Pharma & Health,68.4,83.0,1,69.27
P2784,Ceramic,982,High,Yes,Air,1.178,Bio Bubble Wrap,1.1,20,70,Home & Decor,71.93,45.0,1,51.83
P2785,Paper,495,Low,No,Sea,0.446,Paper Wrap,0.17,95,40,Food & Beverage,89.37,91.5,0,81.44
P2786,Metal,780,Medium,Yes,Air,1.404,Minimalist Pouch,0.58,5,50,Industrial,66.54,71.0,1,48.96
P2787,Plastic,991,Medium,Yes,Land,2.081,Recycled Cardboard,0.4,10,65,Cosmetics,50.41,80.0,1,50.62
P2788,Metal,907,High,Yes,Land,1.633,Mushroom Foam,1.94,5,75,Electronics,61.08,3.0,1,35.32
P2789,Plastic,1973,High,Yes,Land,4.143,Recycled Cardboard,0.8,10,65,E-Commerce,1.26,60.0,1,30.88
P2790,Paper,1272,Medium,Yes,Sea,1.145,Paper Wrap,0.31,95,40,Food & Beverage,72.71,84.5,1,74.69
P2791,Metal,1242,Medium,Yes,Sea,2.236,Minimalist Pouch,0.59,5,50,Industrial,46.71,70.5,1,42.89
P2792,Metal,1215,High,Yes,Air,2.187,Mushroom Foam,1.48,5,75,Electronics,47.88,26.0,1,37.11
P2793,Bioplastic,1666,High,Yes,Land,1.166,Paper Wrap,0.18,80,40,Pharma & Health,72.21,91.0,1,72.41
P2794,Metal,1791,Low,Yes,Air,3.224,Bio Bubble Wrap,0.81,5,70,Industrial,23.16,59.5,1,37.07
P2795,Plastic,519,Medium,Yes,Land,1.09,Recycled Cardboard,0.6,10,65,Cosmetics,74.02,70.0,1,55.21
P2796,Plastic,763,Low,Yes,Sea,1.602,Recycled Cardboard,0.34,10,65,E-Commerce,61.82,83.0,1,54.8
P2797,Ceramic,224,Low,No,Sea,0.269,Bio Bubble Wrap,0.94,20,70,Home & Decor,93.59,53.0,0,60.33
P2798,Plastic,709,High,Yes,Air,1.489,Recycled Cardboard,0.79,10,65,E-Commerce,64.51,60.5,1,49.98
P2799,Glass,1940,High,No,Land,2.91,Bio Bubble Wrap,0.63,15,70,Home & Decor,30.65,68.5,0,44.07
P2800,Glass,1614,Low,Yes,Land,2.421,Bio Bubble Wrap,1.05,15,70,Home & Decor,42.3,47.5,1,42.32
P2801,Plastic,1306,Low,Yes,Air,2.743,Recycled Cardboard,0.75,10,65,E-Commerce,34.63,62.5,1,41.51
P2802,Glass,1423,Low,Yes,Air,2.135,Bio Bubble Wrap,1.16,15,70,Home & Decor,49.12,42.0,1,42.99
P2803,Paper,197,Medium,Yes,Sea,0.177,Paper Wrap,0.39,95,40,Food & Beverage,95.78,80.5,1,80.61
P2804,Paper,1758,Low,Yes,Sea,1.582,Paper Wrap,0.26,95,40,Food & Beverage,62.3,87.0,1,72.19
P2805,Metal,1944,Medium,Yes,Air,3.499,Recycled Cardboard,0.79,5,65,Industrial,16.61,60.5,1,34.36
P2806,Plastic,1302,High,No,Sea,2.734,Recycled Cardboard,0.68,10,65,E-Commerce,34.84,66.0,0,42.45
P2807,Metal,1718,Low,Yes,Land,3.092,Minimalist Pouch,0.26,5,50,Industrial,26.31,87.0,1,40.89
P2808,Plastic,1124,Medium,Yes,Sea,2.36,Recycled Cardboard,0.54,10,65,Cosmetics,43.76,73.0,1,46.88
P2809,Bioplastic,1333,Low,Yes,Sea,0.933,Paper Wrap,0.32,80,40,Pharma & Health,77.76,84.0,1,72.33
P2810,Plastic,615,Medium,Yes,Sea,1.292,Recycled Cardboard,0.42,10,65,Cosmetics,69.21,79.0,1,56.01
P2811,Bioplastic,1252,Medium,No,Air,0.876,Paper Wrap,0.29,80,40,Pharma & Health,79.12,85.5,0,73.11
P2812,Glass,476,Medium,Yes,Land,0.714,Bio Bubble Wrap,0.97,15,70,Home & Decor,82.98,51.5,1,55.52
P2813,Ceramic,628,Medium,Yes,Sea,0.754,Bio Bubble Wrap,0.61,20,70,Home & Decor,82.03,69.5,1,60.98
P2814,Paper,569,Low,Yes,Air,0.512,Paper Wrap,0.27,95,40,Food & Beverage,87.8,86.5,1,79.72
P2815,Plastic,1506,High,No,Land,3.163,Recycled Cardboard,0.69,10,65,E-Commerce,24.62,65.5,0,39.26
P2816,Paper,219,Medium,Yes,Air,0.197,Paper Wrap,0.25,95,40,Food & Beverage,95.31,87.5,1,82.22
P2817,Ceramic,1142,High,Yes,Air,1.37,Bio Bubble Wrap,0.51,20,70,Home & Decor,67.35,74.5,1,57.83
P2818,Ceramic,1858,Low,Yes,Land,2.23,Bio Bubble Wrap,0.51,20,70,Home & Decor,46.85,74.5,1,51.68
P2819,Paper,1913,Low,Yes,Land,1.722,Paper Wrap,0.21,95,40,Food & Beverage,58.96,89.5,1,71.81
P2820,Metal,1389,Low,Yes,Land,2.5,Paper Wrap,0.38,5,40,Industrial,40.42,81.0,1,41.63
P2821,Bioplastic,1090,Low,Yes,Air,0.763,Paper Wrap,0.17,80,40,Pharma & Health,81.82,91.5,1,75.42
P2822,Ceramic,1986,Medium,Yes,Sea,2.383,Bio Bubble Wrap,0.94,20,70,Home & Decor,43.21,53.0,1,45.21
P2823,Plastic,783,High,Yes,Sea,1.644,Recycled Cardboard,0.41,10,65,E-Commerce,60.82,79.5,1,53.62
P2824,Paper,584,Low,Yes,Sea,0.526,Paper Wrap,0.2,95,40,Food & Beverage,87.46,90.0,1,80.49
P2825,Plastic,887,High,Yes,Sea,1.863,Recycled Cardboard,0.72,10,65,E-Commerce,55.6,64.0,1,48.18
P2826,Metal,702,Medium,Yes,Air,1.264,Bio Bubble Wrap,1.01,5,70,Industrial,69.88,49.5,1,48.59
P2827,Bioplastic,581,Low,Yes,Land,0.407,Paper Wrap,0.13,80,40,Pharma & Health,90.3,93.5,1,78.46
P2828,Paper,1769,Medium,Yes,Sea,1.592,Paper Wrap,0.23,95,40,Food & Beverage,62.06,88.5,1,72.49
P2829,Paper,1751,High,Yes,Land,1.576,Paper Wrap,0.11,95,40,Food & Beverage,62.44,94.5,1,74.11
P2830,Paper,1427,Medium,Yes,Sea,1.284,Paper Wrap,0.24,95,40,Food & Beverage,69.4,88.0,1,74.57
P2831,Glass,1578,High,No,Air,2.367,Bio Bubble Wrap,0.96,15,70,Home & Decor,43.59,52.0,0,43.83
P2832,Glass,1934,Medium,No,Land,2.901,Bio Bubble Wrap,0.58,15,70,Home & Decor,30.86,71.0,0,44.76
P2833,Glass,1532,Medium,Yes,Air,2.298,Bio Bubble Wrap,0.7,15,70,Home & Decor,45.23,65.0,1,47.57
P2834,Metal,1308,High,Yes,Land,2.354,Minimalist Pouch,0.36,5,50,Electronics,43.9,82.0,1,44.92
P2835,Ceramic,1795,Low,Yes,Sea,2.154,Bio Bubble Wrap,1.14,20,70,Home & Decor,48.67,43.0,1,44.35
P2836,Bioplastic,1824,Medium,Yes,Sea,1.277,Paper Wrap,0.4,80,40,Pharma & Health,69.57,80.0,1,68.87
P2837,Bioplastic,636,Low,Yes,Land,0.445,Paper Wrap,0.11,80,40,Pharma & Health,89.39,94.5,1,78.44
P2838,Metal,141,Low,Yes,Air,0.254,Bio Bubble Wrap,1.03,5,70,Industrial,93.95,48.5,1,55.56
P2839,Bioplastic,345,Medium,Yes,Sea,0.241,Paper Wrap,0.21,80,40,Pharma & Health,94.26,89.5,1,78.65
P2840,Glass,1644,High,Yes,Sea,2.466,Bio Bubble Wrap,0.77,15,70,Home & Decor,41.23,61.5,1,45.49
P2841,Metal,752,High,Yes,Sea,1.354,Cornstarch Wrap,1.28,5,55,Electronics,67.73,36.0,1,41.57
P2842,Bioplastic,1814,Medium,Yes,Land,1.27,Paper Wrap,0.38,80,40,Pharma & Health,69.73,81.0,1,69.17
P2843,Bioplastic,364,Low,Yes,Sea,0.255,Paper Wrap,0.39,80,40,Pharma & Health,93.92,80.5,1,76.3
P2844,Paper,1727,Medium,Yes,Air,1.554,Paper Wrap,0.27,95,40,Food & Beverage,62.96,86.5,1,72.26
P2845,Glass,1747,Medium,Yes,Land,2.62,Bio Bubble Wrap,0.75,15,70,Home & Decor,37.56,62.5,1,44.64
P2846,Paper,618,Low,No,Land,0.556,Paper Wrap,0.34,95,40,Food & Beverage,86.75,83.0,0,78.53
P2847,Ceramic,1366,High,Yes,Air,1.639,Bio Bubble Wrap,0.68,20,70,Home & Decor,60.94,66.0,1,53.78
P2848,Glass,547,Medium,Yes,Air,0.821,Bio Bubble Wrap,0.89,15,70,Home & Decor,80.43,55.5,1,55.75
P2849,Bioplastic,1744,Low,Yes,Sea,1.221,Paper Wrap,0.21,80,40,Pharma & Health,70.9,89.5,1,71.64
P2850,Glass,1423,Medium,No,Air,2.135,Bio Bubble Wrap,0.96,15,70,Home & Decor,49.12,52.0,0,45.49
P2851,Paper,548,Medium,Yes,Sea,0.493,Paper Wrap,0.17,95,40,Food & Beverage,88.25,91.5,1,81.1
P2852,Paper,1122,Low,Yes,Land,1.01,Paper Wrap,0.16,95,40,Food & Beverage,75.93,92.0,1,77.53
P2853,Paper,140,Medium,Yes,Sea,0.126,Paper Wrap,0.38,95,40,Food & Beverage,97.0,81.0,1,81.1
P2854,Bioplastic,1340,Low,Yes,Sea,0.938,Paper Wrap,0.13,80,40,Pharma & Health,77.65,93.5,1,74.67
P2855,Bioplastic,1438,High,No,Air,1.007,Paper Wrap,0.25,80,40,Pharma & Health,76.0,87.5,0,72.68
P2856,Ceramic,1869,Medium,Yes,Sea,2.243,Bio Bubble Wrap,0.65,20,70,Home & Decor,46.54,67.5,1,49.84
P2857,Glass,527,Medium,No,Sea,0.79,Bio Bubble Wrap,0.53,15,70,Home & Decor,81.17,73.5,0,60.48
P2858,Metal,1579,Medium,Yes,Land,2.842,Mushroom Foam,0.84,5,75,Industrial,32.27,58.0,1,40.43
P2859,Metal,762,High,Yes,Air,1.372,Recycled Cardboard,0.39,5,65,Electronics,67.3,80.5,1,54.56
P2860,Metal,1929,Low,Yes,Land,3.472,Mushroom Foam,1.84,5,75,Industrial,17.25,8.0,1,23.42
P2861,Metal,952,Low,Yes,Air,1.714,Minimalist Pouch,0.31,5,50,Industrial,59.15,84.5,1,50.12
P2862,Bioplastic,1741,Medium,Yes,Sea,1.219,Paper Wrap,0.39,80,40,Pharma & Health,70.95,80.5,1,69.41
P2863,Ceramic,477,Medium,Yes,Air,0.572,Bio Bubble Wrap,0.91,20,70,Home & Decor,86.37,54.5,1,58.54
P2864,Bioplastic,1898,Low,Yes,Land,1.329,Paper Wrap,0.23,80,40,Pharma & Health,68.33,88.5,1,70.62
P2865,Glass,134,Low,Yes,Sea,0.201,Bio Bubble Wrap,0.91,15,70,Home & Decor,95.21,54.5,1,59.94
P2866,Plastic,1058,Low,Yes,Sea,2.222,Recycled Cardboard,0.56,10,65,E-Commerce,47.04,72.0,1,47.61
P2867,Glass,496,Medium,Yes,Sea,0.744,Bio Bubble Wrap,1.03,15,70,Home & Decor,82.27,48.5,1,54.56
P2868,Glass,214,High,Yes,Sea,0.321,Bio Bubble Wrap,0.7,15,70,Home & Decor,92.35,65.0,1,61.7
P2869,Bioplastic,1689,Medium,Yes,Sea,1.182,Paper Wrap,0.21,80,40,Pharma & Health,71.83,89.5,1,71.92
P2870,Glass,1700,Medium,Yes,Sea,2.55,Bio Bubble Wrap,1.13,15,70,Home & Decor,39.23,43.5,1,40.39
P2871,Plastic,306,Medium,Yes,Land,0.643,Recycled Cardboard,0.77,10,65,Cosmetics,84.68,61.5,1,56.28
P2872,Paper,623,Medium,Yes,Sea,0.561,Paper Wrap,0.37,95,40,Food & Beverage,86.63,81.5,1,78.11
P2873,Paper,905,High,Yes,Air,0.815,Paper Wrap,0.23,95,40,Food & Beverage,80.58,88.5,1,78.05
P2874,Plastic,575,Low,Yes,Sea,1.208,Recycled Cardboard,0.69,10,65,E-Commerce,71.21,65.5,1,53.24
P2875,Bioplastic,746,Low,No,Sea,0.522,Paper Wrap,0.24,80,40,Pharma & Health,87.56,88.0,0,76.27
P2876,Ceramic,969,Low,Yes,Sea,1.163,Bio Bubble Wrap,0.85,20,70,Home & Decor,72.28,57.5,1,55.06
P2877,Glass,420,Medium,Yes,Land,0.63,Bio Bubble Wrap,0.64,15,70,Home & Decor,84.99,68.0,1,60.25
P2878,Metal,143,Low,Yes,Land,0.257,Mushroom Foam,1.51,5,75,Industrial,93.88,24.5,1,50.54
P2879,Glass,1997,High,No,Air,2.995,Bio Bubble Wrap,0.63,15,70,Home & Decor,28.62,68.5,0,43.46
P2880,Metal,576,Medium,No,Sea,1.037,Mushroom Foam,1.2,5,75,Industrial,75.29,40.0,0,48.84
P2881,Metal,475,Low,No,Sea,0.855,Minimalist Pouch,0.54,5,50,Industrial,79.62,73.0,0,53.39
P2882,Bioplastic,1929,Medium,Yes,Air,1.35,Paper Wrap,0.16,80,40,Pharma & Health,67.83,92.0,1,71.35
P2883,Bioplastic,725,High,Yes,Land,0.507,Paper Wrap,0.12,80,40,Pharma & Health,87.92,94.0,1,77.88
P2884,Plastic,1492,Medium,Yes,Air,3.133,Recycled Cardboard,0.33,10,65,Cosmetics,25.33,83.5,1,43.97
P2885,Paper,421,Low,Yes,Sea,0.379,Paper Wrap,0.38,95,40,Food & Beverage,90.97,81.0,1,79.29
P2886,Bioplastic,237,Medium,No,Air,0.166,Paper Wrap,0.25,80,40,Pharma & Health,96.04,87.5,0,78.69
P2887,Metal,1357,Low,Yes,Sea,2.443,Paper Wrap,0.22,5,40,Industrial,41.78,89.0,1,44.03
P2888,Metal,190,Medium,Yes,Sea,0.342,Minimalist Pouch,0.52,5,50,Industrial,91.85,74.0,1,57.3
P2889,Paper,1406,Low,No,Sea,1.265,Paper Wrap,0.35,95,40,Food & Beverage,69.85,82.5,0,73.33
P2890,Glass,1330,High,Yes,Land,1.995,Bio Bubble Wrap,0.73,15,70,Home & Decor,52.45,63.5,1,49.36
P2891,Plastic,1366,High,Yes,Sea,2.869,Recycled Cardboard,0.65,10,65,E-Commerce,31.63,67.5,1,41.86
P2892,Paper,1532,Medium,Yes,Air,1.379,Paper Wrap,0.33,95,40,Food & Beverage,67.14,83.5,1,72.77
P2893,Metal,198,Low,Yes,Sea,0.356,Bio Bubble Wrap,0.96,5,70,Industrial,91.52,52.0,1,55.71
P2894,Plastic,1054,Medium,Yes,Land,2.213,Recycled Cardboard,0.38,10,65,Cosmetics,47.26,81.0,1,49.93
P2895,Bioplastic,1451,Medium,Yes,Air,1.016,Paper Wrap,0.36,80,40,Pharma & Health,75.79,82.0,1,71.24
P2896,Plastic,936,Low,Yes,Sea,1.966,Recycled Cardboard,0.57,10,65,E-Commerce,53.15,71.5,1,49.32
P2897,Plastic,421,High,Yes,Land,0.884,Recycled Cardboard,0.44,10,65,E-Commerce,78.93,78.0,1,58.68
P2898,Bioplastic,816,High,No,Sea,0.571,Paper Wrap,0.23,80,40,Pharma & Health,86.39,88.5,0,76.04
P2899,Metal,1646,Low,Yes,Land,2.963,Bio Bubble Wrap,0.53,5,70,Industrial,29.39,73.5,1,42.44
P2900,Glass,318,High,Yes,Sea,0.477,Bio Bubble Wrap,0.59,15,70,Home & Decor,88.63,70.5,1,61.96
P2901,Paper,840,Low,Yes,Sea,0.756,Paper Wrap,0.33,95,40,Food & Beverage,81.98,83.5,1,77.22
P2902,Plastic,1492,Low,Yes,Land,3.133,Recycled Cardboard,0.3,10,65,E-Commerce,25.33,85.0,1,44.35
P2903,Plastic,665,High,Yes,Sea,1.397,Recycled Cardboard,0.51,10,65,E-Commerce,66.71,74.5,1,54.14
P2904,Ceramic,475,Medium,Yes,Sea,0.57,Bio Bubble Wrap,0.87,20,70,Home & Decor,86.42,56.5,1,59.05
P2905,Paper,916,Medium,Yes,Air,0.824,Paper Wrap,0.12,95,40,Food & Beverage,80.36,94.0,1,79.36
P2906,Paper,132,Medium,No,Land,0.119,Paper Wrap,0.39,95,40,Food & Beverage,97.16,80.5,0,81.02
P2907,Glass,786,Low,Yes,Sea,1.179,Bio Bubble Wrap,0.66,15,70,Home & Decor,71.9,67.0,1,56.07
P2908,Glass,1868,Low,Yes,Land,2.802,Bio Bubble Wrap,0.71,15,70,Home & Decor,33.22,64.5,1,43.84
P2909,Metal,1257,Low,Yes,Sea,2.263,Cornstarch Wrap,0.87,5,55,Industrial,46.07,56.5,1,40.2
P2910,Metal,665,Low,Yes,Sea,1.197,Mushroom Foam,1.08,5,75,Industrial,71.47,46.0,1,49.19
P2911,Ceramic,1023,Low,Yes,Land,1.228,Bio Bubble Wrap,0.5,20,70,Home & Decor,70.73,75.0,1,58.97
P2912,Ceramic,1369,Low,Yes,Sea,1.643,Bio Bubble Wrap,1.01,20,70,Home & Decor,60.84,49.5,1,49.63
P2913,Paper,1397,Medium,Yes,Sea,1.257,Paper Wrap,0.39,95,40,Food & Beverage,70.04,80.5,1,72.89
P2914,Paper,831,Medium,No,Air,0.748,Paper Wrap,0.17,95,40,Food & Beverage,82.17,91.5,0,79.28
P2915,Paper,1649,Low,Yes,Sea,1.484,Paper Wrap,0.3,95,40,Food & Beverage,64.63,85.0,1,72.39
P2916,Metal,1951,Medium,Yes,Land,3.512,Minimalist Pouch,0.5,5,50,Industrial,16.3,75.0,1,34.89
P2917,Glass,511,Medium,Yes,Land,0.766,Bio Bubble Wrap,1.09,15,70,Home & Decor,81.74,45.5,1,53.65
P2918,Ceramic,1309,Medium,Yes,Land,1.571,Bio Bubble Wrap,0.8,20,70,Home & Decor,62.56,60.0,1,52.77
P2919,Plastic,407,Medium,Yes,Sea,0.855,Recycled Cardboard,0.45,10,65,Cosmetics,79.62,77.5,1,58.76
P2920,Glass,882,Medium,Yes,Sea,1.323,Bio Bubble Wrap,0.73,15,70,Home & Decor,68.47,63.5,1,54.17
P2921,Glass,309,High,No,Air,0.464,Bio Bubble Wrap,1.0,15,70,Home & Decor,88.94,50.0,0,56.93
P2922,Paper,1151,Low,Yes,Sea,1.036,Paper Wrap,0.35,95,40,Food & Beverage,75.31,82.5,1,74.97
P2923,Plastic,244,Low,Yes,Land,0.512,Recycled Cardboard,0.39,10,65,E-Commerce,87.8,80.5,1,61.96
P2924,Paper,1131,High,Yes,Land,1.018,Paper Wrap,0.21,95,40,Food & Beverage,75.74,89.5,1,76.85
P2925,Bioplastic,1374,Medium,Yes,Air,0.962,Paper Wrap,0.37,80,40,Pharma & Health,77.07,81.5,1,71.5
P2926,Ceramic,131,Low,Yes,Land,0.157,Bio Bubble Wrap,1.06,20,70,Home & Decor,96.26,47.0,1,59.63
P2927,Plastic,602,High,Yes,Land,1.264,Recycled Cardboard,0.79,10,65,E-Commerce,69.88,60.5,1,51.59
P2928,Plastic,142,Medium,Yes,Land,0.298,Recycled Cardboard,0.68,10,65,Cosmetics,92.9,66.0,1,59.87
P2929,Metal,1061,Medium,Yes,Land,1.91,Bio Bubble Wrap,0.78,5,70,Industrial,54.48,61.0,1,46.84
P2930,Glass,607,High,Yes,Air,0.91,Bio Bubble Wrap,0.91,15,70,Home & Decor,78.31,54.5,1,54.87
P2931,Glass,1319,Low,Yes,Sea,1.978,Bio Bubble Wrap,0.96,15,70,Home & Decor,52.86,52.0,1,46.61
P2932,Metal,1472,Medium,Yes,Air,2.65,Recycled Cardboard,0.34,5,65,Industrial,36.84,83.0,1,46.05
P2933,Glass,590,Low,Yes,Sea,0.885,Bio Bubble Wrap,0.88,15,70,Home & Decor,78.91,56.0,1,55.42
P2934,Glass,1304,High,Yes,Land,1.956,Bio Bubble Wrap,1.0,15,70,Home & Decor,53.38,50.0,1,46.26
P2935,Glass,923,Low,Yes,Land,1.385,Bio Bubble Wrap,0.62,15,70,Home & Decor,66.99,69.0,1,55.1
P2936,Paper,1451,High,Yes,Land,1.306,Paper Wrap,0.33,95,40,Food & Beverage,68.88,83.5,1,73.29
P2937,Ceramic,637,High,Yes,Land,0.764,Bio Bubble Wrap,0.91,20,70,Home & Decor,81.79,54.5,1,57.16
P2938,Bioplastic,882,Low,No,Air,0.617,Paper Wrap,0.39,80,40,Pharma & Health,85.3,80.5,0,73.72
P2939,Plastic,387,High,Yes,Land,0.813,Recycled Cardboard,0.32,10,65,E-Commerce,80.62,84.0,1,60.69
P2940,Paper,892,Low,Yes,Air,0.803,Paper Wrap,0.18,95,40,Food & Beverage,80.86,91.0,1,78.76
P2941,Ceramic,460,Medium,Yes,Land,0.552,Bio Bubble Wrap,0.92,20,70,Home & Decor,86.84,54.0,1,58.55
P2942,Ceramic,1627,Low,Yes,Land,1.952,Bio Bubble Wrap,0.71,20,70,Home & Decor,53.48,64.5,1,51.17
P2943,Metal,307,Medium,Yes,Air,0.553,Minimalist Pouch,0.49,5,50,Industrial,86.82,75.5,1,56.17
P2944,Glass,1009,Medium,Yes,Land,1.514,Bio Bubble Wrap,1.03,15,70,Home & Decor,63.92,48.5,1,49.05
P2945,Bioplastic,1037,High,Yes,Land,0.726,Paper Wrap,0.13,80,40,Pharma & Health,82.7,93.5,1,76.18
P2946,Plastic,198,High,Yes,Land,0.416,Recycled Cardboard,0.56,10,65,E-Commerce,90.09,72.0,1,60.53
P2947,Bioplastic,883,Medium,Yes,Land,0.618,Paper Wrap,0.25,80,40,Pharma & Health,85.27,87.5,1,75.46
P2948,Metal,1711,Medium,No,Land,3.08,Minimalist Pouch,0.35,5,50,Industrial,26.6,82.5,0,39.86
P2949,Glass,489,High,Yes,Air,0.734,Bio Bubble Wrap,1.15,15,70,Home & Decor,82.51,42.5,1,53.13
P2950,Metal,1585,High,No,Air,2.853,Recycled Cardboard,0.71,5,65,Electronics,32.01,64.5,0,39.98
P2951,Metal,360,Medium,No,Air,0.648,Cornstarch Wrap,1.23,5,55,Industrial,84.56,38.5,0,47.24
P2952,Glass,644,Low,Yes,Land,0.966,Bio Bubble Wrap,1.0,15,70,Home & Decor,76.98,50.0,1,53.34
P2953,Bioplastic,1665,Medium,Yes,Land,1.165,Paper Wrap,0.24,80,40,Pharma & Health,72.24,88.0,1,71.67
P2954,Bioplastic,707,Low,Yes,Sea,0.495,Paper Wrap,0.38,80,40,Pharma & Health,88.2,81.0,1,74.71
P2955,Metal,599,High,Yes,Land,1.078,Mushroom Foam,1.63,5,75,Electronics,74.31,18.5,1,43.17
P2956,Paper,437,High,No,Sea,0.393,Paper Wrap,0.32,95,40,Food & Beverage,90.63,84.0,0,79.94
P2957,Ceramic,477,Medium,Yes,Land,0.572,Bio Bubble Wrap,1.1,20,70,Home & Decor,86.37,45.0,1,56.16
P2958,Bioplastic,1209,Low,Yes,Sea,0.846,Paper Wrap,0.18,80,40,Pharma & Health,79.84,91.0,1,74.7
P2959,Glass,587,Medium,Yes,Air,0.88,Bio Bubble Wrap,1.06,15,70,Home & Decor,79.03,47.0,1,53.21
P2960,Metal,1905,Medium,Yes,Land,3.429,Bio Bubble Wrap,0.64,5,70,Industrial,18.28,68.0,1,37.73
P2961,Glass,741,High,Yes,Land,1.111,Bio Bubble Wrap,0.74,15,70,Home & Decor,73.52,63.0,1,55.56
P2962,Metal,1678,Low,Yes,Land,3.02,Cornstarch Wrap,0.9,5,55,Industrial,28.03,55.0,1,34.41
P2963,Plastic,112,Low,Yes,Air,0.235,Recycled Cardboard,0.79,10,65,E-Commerce,94.4,60.5,1,58.94
P2964,Bioplastic,702,Low,No,Air,0.491,Paper Wrap,0.36,80,40,Pharma & Health,88.3,82.0,0,74.99
P2965,Paper,1732,Medium,Yes,Sea,1.559,Paper Wrap,0.31,95,40,Food & Beverage,62.85,84.5,1,71.73
P2966,Paper,1813,Low,Yes,Air,1.632,Paper Wrap,0.32,95,40,Food & Beverage,61.11,84.0,1,71.08
P2967,Plastic,514,Medium,Yes,Air,1.079,Recycled Cardboard,0.58,10,65,Cosmetics,74.29,71.0,1,55.54
P2968,Paper,665,High,No,Land,0.599,Paper Wrap,0.38,95,40,Food & Beverage,85.72,81.0,0,77.72
P2969,Bioplastic,384,Medium,Yes,Land,0.269,Paper Wrap,0.25,80,40,Pharma & Health,93.59,87.5,1,77.95
P2970,Ceramic,768,Low,Yes,Sea,0.922,Bio Bubble Wrap,0.77,20,70,Home & Decor,78.03,61.5,1,57.78
P2971,Paper,1341,High,Yes,Land,1.207,Paper Wrap,0.15,95,40,Food & Beverage,71.23,92.5,1,76.24
P2972,Metal,1270,Low,Yes,Air,2.286,Minimalist Pouch,0.51,5,50,Industrial,45.52,74.5,1,43.53
P2973,Glass,313,High,Yes,Land,0.469,Bio Bubble Wrap,1.01,15,70,Home & Decor,88.82,49.5,1,56.77
P2974,Metal,1326,Medium,Yes,Air,2.387,Recycled Cardboard,0.49,5,65,Industrial,43.11,75.5,1,46.06
P2975,Metal,1495,Low,Yes,Sea,2.691,Bio Bubble Wrap,0.52,5,70,Industrial,35.87,74.0,1,44.51
P2976,Bioplastic,976,Low,Yes,Land,0.683,Paper Wrap,0.35,80,40,Pharma & Health,83.72,82.5,1,73.74
P2977,Glass,1428,Low,No,Air,2.142,Bio Bubble Wrap,0.51,15,70,Home & Decor,48.95,74.5,0,51.06
P2978,Glass,278,Low,Yes,Sea,0.417,Bio Bubble Wrap,0.99,15,70,Home & Decor,90.06,50.5,1,57.39
P2979,Bioplastic,1712,Low,No,Air,1.198,Paper Wrap,0.39,80,40,Pharma & Health,71.45,80.5,0,69.56
P2980,Ceramic,1776,Medium,Yes,Land,2.131,Bio Bubble Wrap,0.81,20,70,Home & Decor,49.21,59.5,1,48.64
P2981,Metal,1051,Medium,No,Land,1.892,Recycled Cardboard,0.42,5,65,Industrial,54.91,79.0,0,50.47
P2982,Ceramic,781,Medium,No,Sea,0.937,Bio Bubble Wrap,0.99,20,70,Home & Decor,77.67,50.5,0,54.93
P2983,Metal,470,High,No,Sea,0.846,Recycled Cardboard,0.71,5,65,Electronics,79.84,64.5,0,54.33
P2984,Glass,387,High,No,Air,0.581,Bio Bubble Wrap,0.88,15,70,Home & Decor,86.15,56.0,0,57.6
P2985,Paper,1085,Low,Yes,Air,0.977,Paper Wrap,0.39,95,40,Food & Beverage,76.72,80.5,1,74.89
P2986,Ceramic,1366,Low,No,Sea,1.639,Bio Bubble Wrap,0.54,20,70,Home & Decor,60.94,73.0,0,55.53
P2987,Glass,206,Low,Yes,Air,0.309,Bio Bubble Wrap,0.85,15,70,Home & Decor,92.64,57.5,1,59.92
P2988,Metal,1323,Low,Yes,Air,2.381,Paper Wrap,0.32,5,40,Industrial,43.26,84.0,1,43.23
P2989,Plastic,199,Low,Yes,Land,0.418,Recycled Cardboard,0.73,10,65,E-Commerce,90.04,63.5,1,58.39
P2990,Bioplastic,168,Medium,Yes,Land,0.118,Paper Wrap,0.15,80,40,Pharma & Health,97.19,92.5,1,80.28
P2991,Paper,473,Low,Yes,Air,0.426,Paper Wrap,0.34,95,40,Food & Beverage,89.85,83.0,1,79.46
P2992,Ceramic,1990,Low,Yes,Sea,2.388,Bio Bubble Wrap,0.89,20,70,Home & Decor,43.09,55.5,1,45.8
P2993,Glass,1323,High,Yes,Land,1.984,Bio Bubble Wrap,0.78,15,70,Home & Decor,52.72,61.0,1,48.82
P2994,Paper,292,Low,Yes,Air,0.263,Paper Wrap,0.14,95,40,Food & Beverage,93.73,93.0,1,83.12
P2995,Metal,316,Medium,Yes,Land,0.569,Recycled Cardboard,0.73,5,65,Industrial,86.44,63.5,1,56.06
P2996,Paper,1701,Low,Yes,Land,1.531,Paper Wrap,0.15,95,40,Food & Beverage,63.51,92.5,1,73.93
P2997,Ceramic,463,High,Yes,Land,0.556,Bio Bubble Wrap,0.72,20,70,Home & Decor,86.75,64.0,1,61.02
P2998,Plastic,662,High,Yes,Sea,1.39,Recycled Cardboard,0.45,10,65,E-Commerce,66.87,77.5,1,54.94
P2999,Plastic,314,High,No,Sea,0.659,Recycled Cardboard,0.74,10,65,E-Commerce,84.29,63.0,0,56.54
P3000,Metal,693,High,Yes,Land,1.247,Minimalist Pouch,0.47,5,50,Electronics,70.28,76.5,1,51.46
P3001,Paper,159,Low,Yes,Land,0.143,Paper Wrap,0.34,95,40,Food & Beverage,96.59,83.0,1,81.48
P3002,Metal,1135,Medium,Yes,Air,2.043,Recycled Cardboard,0.43,5,65,Industrial,51.31,78.5,1,49.27
P3003,Ceramic,1036,Low,Yes,Air,1.243,Bio Bubble Wrap,0.94,20,70,Home & Decor,70.38,53.0,1,53.36
P3004,Paper,1132,Low,Yes,Sea,1.019,Paper Wrap,0.27,95,40,Food & Beverage,75.71,86.5,1,76.09
P3005,Bioplastic,880,High,Yes,Land,0.616,Paper Wrap,0.35,80,40,Pharma & Health,85.32,82.5,1,74.22
P3006,Glass,410,Medium,No,Sea,0.615,Bio Bubble Wrap,1.13,15,70,Home & Decor,85.34,43.5,0,54.23
P3007,Ceramic,519,Medium,Yes,Air,0.623,Bio Bubble Wrap,0.51,20,70,Home & Decor,85.15,74.5,1,63.17
P3008,Bioplastic,116,Medium,Yes,Sea,0.081,Paper Wrap,0.3,80,40,Pharma & Health,98.07,85.0,1,78.67
P3009,Metal,1323,Medium,Yes,Air,2.381,Bio Bubble Wrap,0.54,5,70,Industrial,43.26,73.0,1,46.48
P3010,Glass,326,Low,Yes,Air,0.489,Bio Bubble Wrap,0.88,15,70,Home & Decor,88.35,56.0,1,58.26
P3011,Glass,1478,Medium,Yes,Air,2.217,Bio Bubble Wrap,0.7,15,70,Home & Decor,47.16,65.0,1,48.15
P3012,Bioplastic,1046,High,No,Land,0.732,Paper Wrap,0.19,80,40,Pharma & Health,82.55,90.5,0,75.39
P3013,Ceramic,1229,High,Yes,Sea,1.475,Bio Bubble Wrap,0.75,20,70,Home & Decor,64.85,62.5,1,54.08
P3014,Metal,196,High,Yes,Land,0.353,Paper Wrap,0.29,5,40,Electronics,91.59,85.5,1,58.1
P3015,Metal,1077,Low,Yes,Land,1.939,Bio Bubble Wrap,0.73,5,70,Industrial,53.79,63.5,1,47.26
P3016,Paper,222,Low,Yes,Land,0.2,Paper Wrap,0.32,95,40,Food & Beverage,95.23,84.0,1,81.32
P3017,Paper,1634,Medium,No,Land,1.471,Paper Wrap,0.22,95,40,Food & Beverage,64.94,89.0,0,73.48
P3018,Paper,1151,High,No,Land,1.036,Paper Wrap,0.12,95,40,Food & Beverage,75.31,94.0,0,77.84
P3019,Glass,632,Low,Yes,Sea,0.948,Bio Bubble Wrap,1.05,15,70,Home & Decor,77.41,47.5,1,52.85
P3020,Metal,1530,Low,Yes,Land,2.754,Paper Wrap,0.19,5,40,Industrial,34.37,90.5,1,42.19
P3021,Glass,1539,Low,Yes,Land,2.308,Bio Bubble Wrap,0.8,15,70,Home & Decor,45.0,60.0,1,46.25
P3022,Ceramic,1947,Low,Yes,Air,2.336,Bio Bubble Wrap,0.98,20,70,Home & Decor,44.33,51.0,1,45.05
P3023,Paper,709,High,No,Air,0.638,Paper Wrap,0.2,95,40,Food & Beverage,84.8,90.0,0,79.69
P3024,Metal,920,Medium,Yes,Land,1.656,Paper Wrap,0.12,5,40,Industrial,60.53,94.0,1,50.91
P3025,Ceramic,1465,Medium,Yes,Sea,1.758,Bio Bubble Wrap,0.76,20,70,Home & Decor,58.1,62.0,1,51.93
P3026,Ceramic,1066,Low,Yes,Sea,1.279,Bio Bubble Wrap,1.16,20,70,Home & Decor,69.52,42.0,1,50.36
P3027,Plastic,1755,Low,Yes,Land,3.686,Recycled Cardboard,0.62,10,65,E-Commerce,12.15,69.0,1,36.39
P3028,Ceramic,1209,Low,Yes,Land,1.451,Bio Bubble Wrap,0.97,20,70,Home & Decor,65.42,51.5,1,51.5
P3029,Metal,1553,Low,Yes,Sea,2.795,Mushroom Foam,1.56,5,75,Industrial,33.39,22.0,1,31.77
P3030,Glass,527,Low,Yes,Air,0.79,Bio Bubble Wrap,0.64,15,70,Home & Decor,81.17,68.0,1,59.1
P3031,Ceramic,1334,Low,Yes,Land,1.601,Bio Bubble Wrap,0.79,20,70,Home & Decor,61.84,60.5,1,52.68
P3032,Metal,1494,Medium,Yes,Land,2.689,Paper Wrap,0.33,5,40,Industrial,35.92,83.5,1,40.9
P3033,Ceramic,1371,Medium,Yes,Land,1.645,Bio Bubble Wrap,0.57,20,70,Home & Decor,60.8,71.5,1,55.11
P3034,Glass,950,Medium,No,Air,1.425,Bio Bubble Wrap,0.69,15,70,Home & Decor,66.04,65.5,0,53.94
P3035,Paper,1909,High,Yes,Land,1.718,Paper Wrap,0.18,95,40,Food & Beverage,59.06,91.0,1,72.22
P3036,Glass,504,Low,Yes,Land,0.756,Bio Bubble Wrap,0.8,15,70,Home & Decor,81.98,60.0,1,57.34
P3037,Ceramic,1531,Low,Yes,Land,1.837,Bio Bubble Wrap,1.19,20,70,Home & Decor,56.22,40.5,1,45.99
P3038,Paper,1377,Low,Yes,Land,1.239,Paper Wrap,0.12,95,40,Food & Beverage,70.47,94.0,1,76.39
P3039,Paper,1539,Low,Yes,Air,1.385,Paper Wrap,0.26,95,40,Food & Beverage,66.99,87.0,1,73.6
P3040,Ceramic,1000,Low,Yes,Land,1.2,Bio Bubble Wrap,0.63,20,70,Home & Decor,71.4,68.5,1,57.54
P3041,Bioplastic,137,Low,Yes,Land,0.096,Paper Wrap,0.39,80,40,Pharma & Health,97.71,80.5,1,77.44
P3042,Paper,1179,High,Yes,Air,1.061,Paper Wrap,0.13,95,40,Food & Beverage,74.71,93.5,1,77.54
P3043,Paper,939,Medium,Yes,Air,0.845,Paper Wrap,0.22,95,40,Food & Beverage,79.86,89.0,1,77.96
P3044,Metal,1031,Medium,Yes,Sea,1.856,Paper Wrap,0.32,5,40,Industrial,55.77,84.0,1,46.98
P3045,Paper,1670,Low,Yes,Air,1.503,Paper Wrap,0.31,95,40,Food & Beverage,64.18,84.5,1,72.13
P3046,Plastic,1199,Medium,Yes,Sea,2.518,Recycled Cardboard,0.51,10,65,Cosmetics,39.99,74.5,1,46.12
P3047,Ceramic,593,Low,No,Land,0.712,Bio Bubble Wrap,0.74,20,70,Home & Decor,83.03,63.0,0,59.66
P3048,Ceramic,502,Low,Yes,Sea,0.602,Bio Bubble Wrap,0.78,20,70,Home & Decor,85.65,61.0,1,59.94
P3049,Glass,268,High,Yes,Land,0.402,Bio Bubble Wrap,0.68,15,70,Home & Decor,90.42,66.0,1,61.38
P3050,Metal,388,High,Yes,Air,0.698,Cornstarch Wrap,0.78,5,55,Electronics,83.37,61.0,1,52.51
P3051,Bioplastic,1181,Medium,Yes,Air,0.827,Paper Wrap,0.24,80,40,Pharma & Health,80.29,88.0,1,74.09
P3052,Ceramic,441,Medium,Yes,Land,0.529,Bio Bubble Wrap,0.69,20,70,Home & Decor,87.39,65.5,1,61.59
P3053,Ceramic,1702,Medium,No,Land,2.042,Bio Bubble Wrap,0.7,20,70,Home & Decor,51.33,65.0,0,50.65
P3054,Paper,1438,High,Yes,Land,1.294,Paper Wrap,0.3,95,40,Food & Beverage,69.16,85.0,1,73.75
P3055,Bioplastic,236,Medium,Yes,Air,0.165,Paper Wrap,0.39,80,40,Pharma & Health,96.07,80.5,1,76.95
P3056,Bioplastic,276,Medium,No,Land,0.193,Paper Wrap,0.28,80,40,Pharma & Health,95.4,86.0,0,78.12
P3057,Paper,1722,High,Yes,Air,1.55,Paper Wrap,0.12,95,40,Food & Beverage,63.06,94.0,1,74.17
P3058,Bioplastic,1182,Medium,Yes,Sea,0.827,Paper Wrap,0.12,80,40,Pharma & Health,80.29,94.0,1,75.59
P3059,Metal,188,Low,No,Air,0.338,Bio Bubble Wrap,1.17,5,70,Industrial,91.94,41.5,0,53.21
P3060,Paper,1657,Low,Yes,Land,1.491,Paper Wrap,0.19,95,40,Food & Beverage,64.47,90.5,1,73.72
P3061,Glass,488,Low,No,Air,0.732,Bio Bubble Wrap,0.56,15,70,Home & Decor,82.55,72.0,0,60.52
P3062,Ceramic,671,High,Yes,Air,0.805,Bio Bubble Wrap,0.92,20,70,Home & Decor,80.82,54.0,1,56.75
P3063,Ceramic,1265,High,Yes,Land,1.518,Bio Bubble Wrap,0.94,20,70,Home & Decor,63.82,53.0,1,51.4
P3064,Metal,844,Medium,Yes,Land,1.519,Cornstarch Wrap,1.18,5,55,Industrial,63.8,41.0,1,41.64
P3065,Paper,246,Low,No,Sea,0.221,Paper Wrap,0.18,95,40,Food & Beverage,94.73,91.0,0,82.92
P3066,Glass,1040,Medium,Yes,Sea,1.56,Bio Bubble Wrap,0.51,15,70,Home & Decor,62.82,74.5,1,55.22
P3067,Plastic,1787,Medium,Yes,Sea,3.753,Recycled Cardboard,0.78,10,65,Cosmetics,10.56,61.0,1,33.92
P3068,Glass,1827,Low,Yes,Land,2.74,Bio Bubble Wrap,0.68,15,70,Home & Decor,34.7,66.0,1,44.66
P3069,Metal,1211,Medium,Yes,Land,2.18,Paper Wrap,0.3,5,40,Industrial,48.05,85.0,1,44.92
P3070,Bioplastic,1715,Medium,Yes,Air,1.2,Paper Wrap,0.31,80,40,Pharma & Health,71.4,84.5,1,70.54
P3071,Metal,1889,Low,Yes,Land,3.4,Mushroom Foam,1.53,5,75,Industrial,18.97,23.5,1,27.82
P3072,Bioplastic,1961,Medium,Yes,Sea,1.373,Paper Wrap,0.19,80,40,Pharma & Health,67.28,90.5,1,70.81
P3073,Metal,407,Low,Yes,Air,0.733,Paper Wrap,0.18,5,40,Industrial,82.53,91.0,1,56.76
P3074,Glass,1879,Low,Yes,Land,2.818,Bio Bubble Wrap,0.92,15,70,Home & Decor,32.84,54.0,1,41.1
P3075,Glass,1522,Low,Yes,Air,2.283,Bio Bubble Wrap,1.11,15,70,Home & Decor,45.59,44.5,1,42.55
P3076,Paper,1521,High,Yes,Sea,1.369,Paper Wrap,0.38,95,40,Food & Beverage,67.37,81.0,1,72.21
P3077,Metal,1835,Low,Yes,Air,3.303,Paper Wrap,0.13,5,40,Industrial,21.28,93.5,1,39.01
P3078,Glass,669,High,Yes,Sea,1.004,Bio Bubble Wrap,0.61,15,70,Home & Decor,76.07,69.5,1,57.95
P3079,Ceramic,1103,Medium,Yes,Air,1.324,Bio Bubble Wrap,1.16,20,70,Home & Decor,68.45,42.0,1,50.04
P3080,Paper,1089,Medium,Yes,Land,0.98,Paper Wrap,0.32,95,40,Food & Beverage,76.64,84.0,1,75.74
P3081,Ceramic,941,Low,Yes,Land,1.129,Bio Bubble Wrap,1.12,20,70,Home & Decor,73.09,44.0,1,51.93
P3082,Bioplastic,1882,Low,Yes,Air,1.317,Paper Wrap,0.16,80,40,Pharma & Health,68.61,92.0,1,71.58
P3083,Bioplastic,1110,Medium,No,Air,0.777,Paper Wrap,0.28,80,40,Pharma & Health,81.48,86.0,0,73.94
P3084,Bioplastic,617,Low,Yes,Air,0.432,Paper Wrap,0.31,80,40,Pharma & Health,89.7,84.5,1,76.04
P3085,Glass,1344,Medium,Yes,Air,2.016,Bio Bubble Wrap,0.98,15,70,Home & Decor,51.95,51.0,1,46.08
P3086,Glass,113,Low,Yes,Air,0.17,Bio Bubble Wrap,0.79,15,70,Home & Decor,95.95,60.5,1,61.66
P3087,Glass,1554,Medium,Yes,Sea,2.331,Bio Bubble Wrap,0.51,15,70,Home & Decor,44.45,74.5,1,49.71
P3088,Paper,1677,High,Yes,Air,1.509,Paper Wrap,0.27,95,40,Food & Beverage,64.04,86.5,1,72.59
P3089,Glass,1493,Low,Yes,Air,2.24,Bio Bubble Wrap,0.68,15,70,Home & Decor,46.62,66.0,1,48.24
P3090,Bioplastic,1952,Medium,No,Sea,1.366,Paper Wrap,0.24,80,40,Pharma & Health,67.45,88.0,0,70.24
P3091,Glass,1203,Medium,Yes,Land,1.804,Bio Bubble Wrap,1.17,15,70,Home & Decor,57.01,41.5,1,45.23
P3092,Paper,1846,Low,Yes,Air,1.661,Paper Wrap,0.22,95,40,Food & Beverage,60.41,89.0,1,72.12
P3093,Paper,335,Medium,Yes,Land,0.301,Paper Wrap,0.35,95,40,Food & Beverage,92.83,82.5,1,80.22
P3094,Paper,1925,Medium,Yes,Sea,1.732,Paper Wrap,0.16,95,40,Food & Beverage,58.72,92.0,1,72.37
P3095,Paper,1417,Low,Yes,Sea,1.275,Paper Wrap,0.3,95,40,Food & Beverage,69.61,85.0,1,73.88
P3096,Ceramic,402,High,Yes,Air,0.482,Bio Bubble Wrap,1.18,20,70,Home & Decor,88.51,41.0,1,55.8
P3097,Glass,683,High,Yes,Air,1.024,Bio Bubble Wrap,0.57,15,70,Home & Decor,75.6,71.5,1,58.3
P3098,Plastic,1435,High,Yes,Sea,3.014,Recycled Cardboard,0.3,10,65,E-Commerce,28.17,85.0,1,45.2
P3099,Metal,1756,Medium,Yes,Air,3.161,Paper Wrap,0.23,5,40,Industrial,24.67,88.5,1,38.78
P3100,Ceramic,1159,Medium,No,Air,1.391,Bio Bubble Wrap,0.56,20,70,Home & Decor,66.85,72.0,0,57.05
P3101,Ceramic,1086,Medium,Yes,Air,1.303,Bio Bubble Wrap,1.02,20,70,Home & Decor,68.95,49.0,1,51.94
P3102,Glass,803,Low,Yes,Land,1.204,Bio Bubble Wrap,1.14,15,70,Home & Decor,71.31,43.0,1,49.89
P3103,Paper,1275,Low,Yes,Sea,1.147,Paper Wrap,0.23,95,40,Food & Beverage,72.66,88.5,1,75.67
P3104,Paper,1931,Medium,Yes,Air,1.738,Paper Wrap,0.18,95,40,Food & Beverage,58.58,91.0,1,72.07
P3105,Bioplastic,782,Medium,Yes,Sea,0.547,Paper Wrap,0.23,80,40,Pharma & Health,86.96,88.5,1,76.21
P3106,Ceramic,1944,High,No,Air,2.333,Bio Bubble Wrap,1.01,20,70,Home & Decor,44.4,49.5,0,44.7
P3107,Bioplastic,1755,Medium,Yes,Air,1.228,Paper Wrap,0.1,80,40,Pharma & Health,70.73,95.0,1,72.97
P3108,Plastic,1130,Medium,Yes,Air,2.373,Recycled Cardboard,0.59,10,65,Cosmetics,43.45,70.5,1,46.16
P3109,Ceramic,1547,High,Yes,Sea,1.856,Bio Bubble Wrap,0.93,20,70,Home & Decor,55.77,53.5,1,49.11
P3110,Ceramic,353,Medium,Yes,Air,0.424,Bio Bubble Wrap,0.95,20,70,Home & Decor,89.9,52.5,1,59.1
P3111,Bioplastic,514,High,No,Sea,0.36,Paper Wrap,0.17,80,40,Pharma & Health,91.42,91.5,0,78.3
P3112,Plastic,1838,Medium,Yes,Land,3.86,Recycled Cardboard,0.66,10,65,Cosmetics,8.01,67.0,1,34.65
P3113,Bioplastic,1352,Low,Yes,Air,0.946,Paper Wrap,0.13,80,40,Pharma & Health,77.45,93.5,1,74.61
P3114,Plastic,210,Medium,Yes,Land,0.441,Recycled Cardboard,0.4,10,65,Cosmetics,89.49,80.0,1,62.35
P3115,Paper,1366,Medium,Yes,Air,1.229,Paper Wrap,0.36,95,40,Food & Beverage,70.71,82.0,1,73.46
P3116,Plastic,1343,Medium,Yes,Air,2.82,Recycled Cardboard,0.67,10,65,Cosmetics,32.79,66.5,1,41.96
P3117,Plastic,1954,Low,Yes,Land,4.103,Recycled Cardboard,0.31,10,65,E-Commerce,2.22,84.5,1,37.29
P3118,Plastic,1862,Low,Yes,Air,3.91,Recycled Cardboard,0.42,10,65,E-Commerce,6.82,79.0,1,37.3
P3119,Bioplastic,883,High,Yes,Air,0.618,Paper Wrap,0.16,80,40,Pharma & Health,85.27,92.0,1,76.58
P3120,Ceramic,888,High,No,Land,1.066,Bio Bubble Wrap,0.69,20,70,Home & Decor,74.59,65.5,0,57.75
P3121,Plastic,1912,Medium,Yes,Land,4.015,Recycled Cardboard,0.42,10,65,Cosmetics,4.31,79.0,1,36.54
P3122,Paper,934,Low,No,Sea,0.841,Paper Wrap,0.12,95,40,Food & Beverage,79.96,94.0,0,79.24
P3123,Metal,1156,High,Yes,Land,2.081,Minimalist Pouch,0.38,5,50,Electronics,50.41,81.0,1,46.62
P3124,Paper,1755,Low,Yes,Air,1.579,Paper Wrap,0.32,95,40,Food & Beverage,62.37,84.0,1,71.46
P3125,Bioplastic,561,Low,Yes,Air,0.393,Paper Wrap,0.28,80,40,Pharma & Health,90.63,86.0,1,76.69
P3126,Metal,1506,Low,No,Air,2.711,Minimalist Pouch,0.47,5,50,Industrial,35.39,76.5,0,40.99
P3127,Paper,1134,Medium,Yes,Sea,1.021,Paper Wrap,0.12,95,40,Food & Beverage,75.67,94.0,1,77.95
P3128,Metal,1561,Medium,No,Sea,2.81,Bio Bubble Wrap,1.17,5,70,Industrial,33.03,41.5,0,35.53
P3129,Metal,1584,Low,No,Sea,2.851,Paper Wrap,0.35,5,40,Industrial,32.05,82.5,0,39.49
P3130,Paper,463,Medium,Yes,Air,0.417,Paper Wrap,0.34,95,40,Food & Beverage,90.06,83.0,1,79.52
P3131,Plastic,506,Medium,Yes,Sea,1.063,Recycled Cardboard,0.71,10,65,Cosmetics,74.67,64.5,1,54.03
P3132,Paper,814,Low,Yes,Land,0.733,Paper Wrap,0.38,95,40,Food & Beverage,82.53,81.0,1,76.76
P3133,Bioplastic,1281,Low,Yes,Air,0.897,Paper Wrap,0.26,80,40,Pharma & Health,78.62,87.0,1,73.34
P3134,Metal,970,High,No,Sea,1.746,Paper Wrap,0.16,5,40,Electronics,58.39,92.0,0,49.77
P3135,Glass,420,Low,No,Air,0.63,Bio Bubble Wrap,0.93,15,70,Home & Decor,84.99,53.5,0,56.62
P3136,Plastic,765,Low,Yes,Land,1.607,Recycled Cardboard,0.67,10,65,E-Commerce,61.7,66.5,1,50.64
P3137,Bioplastic,1078,High,Yes,Land,0.755,Paper Wrap,0.32,80,40,Pharma & Health,82.01,84.0,1,73.6
P3138,Bioplastic,515,Medium,Yes,Air,0.36,Paper Wrap,0.26,80,40,Pharma & Health,91.42,87.0,1,77.18
P3139,Glass,253,High,Yes,Sea,0.38,Bio Bubble Wrap,0.55,15,70,Home & Decor,90.94,72.5,1,63.16
P3140,Bioplastic,639,Medium,Yes,Land,0.447,Paper Wrap,0.21,80,40,Pharma & Health,89.35,89.5,1,77.18
P3141,Bioplastic,1409,Medium,Yes,Land,0.986,Paper Wrap,0.38,80,40,Pharma & Health,76.5,81.0,1,71.2
P3142,Paper,546,Low,Yes,Sea,0.491,Paper Wrap,0.28,95,40,Food & Beverage,88.3,86.0,1,79.74
P3143,Plastic,801,Medium,Yes,Land,1.682,Recycled Cardboard,0.57,10,65,Cosmetics,59.91,71.5,1,51.35
P3144,Metal,951,Low,No,Land,1.712,Recycled Cardboard,0.43,5,65,Industrial,59.2,78.5,0,51.64
P3145,Ceramic,934,High,Yes,Land,1.121,Bio Bubble Wrap,0.76,20,70,Home & Decor,73.28,62.0,1,56.48
P3146,Bioplastic,171,Low,No,Sea,0.12,Paper Wrap,0.37,80,40,Pharma & Health,97.14,81.5,0,77.52
P3147,Plastic,830,Medium,No,Sea,1.743,Recycled Cardboard,0.63,10,65,Cosmetics,58.46,68.5,0,50.16
P3148,Glass,1195,Low,No,Air,1.792,Bio Bubble Wrap,1.05,15,70,Home & Decor,57.29,47.5,0,46.81
P3149,Paper,1277,Low,No,Land,1.149,Paper Wrap,0.24,95,40,Food & Beverage,72.62,88.0,0,75.54
P3150,Paper,1940,High,No,Land,1.746,Paper Wrap,0.29,95,40,Food & Beverage,58.39,85.5,0,70.64
P3151,Metal,1998,Low,Yes,Air,3.596,Minimalist Pouch,0.3,5,50,Industrial,14.3,85.0,1,36.79
P3152,Ceramic,1126,Medium,Yes,Air,1.351,Bio Bubble Wrap,0.99,20,70,Home & Decor,67.8,50.5,1,51.96
P3153,Glass,446,High,Yes,Land,0.669,Bio Bubble Wrap,0.8,15,70,Home & Decor,84.06,60.0,1,57.97
P3154,Glass,1713,Low,Yes,Sea,2.57,Bio Bubble Wrap,0.81,15,70,Home & Decor,38.75,59.5,1,44.25
P3155,Plastic,1911,Low,No,Air,4.013,Recycled Cardboard,0.62,10,65,E-Commerce,4.36,69.0,0,34.06
P3156,Metal,1609,Low,Yes,Air,2.896,Minimalist Pouch,0.57,5,50,Industrial,30.98,71.5,1,38.42
P3157,Paper,414,Low,Yes,Sea,0.373,Paper Wrap,0.12,95,40,Food & Beverage,91.11,94.0,1,82.58
P3158,Metal,550,Medium,Yes,Land,0.99,Paper Wrap,0.35,5,40,Industrial,76.41,82.5,1,52.8
P3159,Bioplastic,1801,Low,Yes,Air,1.261,Paper Wrap,0.19,80,40,Pharma & Health,69.95,90.5,1,71.61
P3160,Bioplastic,1976,Low,Yes,Land,1.383,Paper Wrap,0.23,80,40,Pharma & Health,67.04,88.5,1,70.24
P3161,Glass,218,Low,Yes,Sea,0.327,Bio Bubble Wrap,0.52,15,70,Home & Decor,92.21,74.0,1,63.91
P3162,Metal,372,Medium,Yes,Land,0.67,Cornstarch Wrap,0.87,5,55,Industrial,84.03,56.5,1,51.58
P3163,Plastic,886,Medium,Yes,Land,1.861,Recycled Cardboard,0.55,10,65,Cosmetics,55.65,72.5,1,50.32
P3164,Bioplastic,193,Low,Yes,Land,0.135,Paper Wrap,0.12,80,40,Pharma & Health,96.78,94.0,1,80.53
P3165,Plastic,154,Medium,Yes,Land,0.323,Recycled Cardboard,0.55,10,65,Cosmetics,92.3,72.5,1,61.32
P3166,Bioplastic,1219,High,Yes,Air,0.853,Paper Wrap,0.38,80,40,Pharma & Health,79.67,81.0,1,72.15
P3167,Glass,551,High,Yes,Sea,0.827,Bio Bubble Wrap,0.57,15,70,Home & Decor,80.29,71.5,1,59.71
P3168,Plastic,1327,Low,Yes,Air,2.787,Recycled Cardboard,0.68,10,65,E-Commerce,33.58,66.0,1,42.07
P3169,Plastic,384,Medium,Yes,Air,0.806,Recycled Cardboard,0.5,10,65,Cosmetics,80.79,75.0,1,58.49
P3170,Paper,365,Medium,Yes,Air,0.329,Paper Wrap,0.3,95,40,Food & Beverage,92.16,85.0,1,80.65
P3171,Plastic,1817,High,Yes,Land,3.816,Recycled Cardboard,0.43,10,65,E-Commerce,9.06,78.5,1,37.84
P3172,Glass,1822,Medium,Yes,Air,2.733,Bio Bubble Wrap,0.61,15,70,Home & Decor,34.87,69.5,1,45.59
P3173,Plastic,605,Medium,Yes,Sea,1.27,Recycled Cardboard,0.38,10,65,Cosmetics,69.73,81.0,1,56.67
P3174,Metal,1514,Medium,Yes,Air,2.725,Recycled Cardboard,0.34,5,65,Industrial,35.06,83.0,1,45.52
P3175,Metal,613,Medium,No,Land,1.103,Recycled Cardboard,0.39,5,65,Industrial,73.71,80.5,0,56.49
P3176,Plastic,459,High,Yes,Sea,0.964,Recycled Cardboard,0.63,10,65,E-Commerce,77.03,68.5,1,55.73
P3177,Plastic,1748,Low,Yes,Sea,3.671,Recycled Cardboard,0.74,10,65,E-Commerce,12.51,63.0,1,35.0
P3178,Metal,348,Low,Yes,Land,0.626,Paper Wrap,0.34,5,40,Industrial,85.08,83.0,1,55.52
P3179,Metal,985,Low,Yes,Sea,1.773,Recycled Cardboard,0.64,5,65,Industrial,57.75,68.0,1,48.58
P3180,Paper,930,High,Yes,Air,0.837,Paper Wrap,0.13,95,40,Food & Beverage,80.05,93.5,1,79.14
P3181,Bioplastic,493,Low,Yes,Land,0.345,Paper Wrap,0.19,80,40,Pharma & Health,91.78,90.5,1,78.16
P3182,Ceramic,421,Medium,Yes,Land,0.505,Bio Bubble Wrap,0.72,20,70,Home & Decor,87.96,64.0,1,61.39
P3183,Metal,577,Low,Yes,Land,1.039,Recycled Cardboard,0.42,5,65,Industrial,75.24,79.0,1,56.57
P3184,Paper,964,Low,Yes,Land,0.868,Paper Wrap,0.25,95,40,Food & Beverage,79.31,87.5,1,77.42
P3185,Paper,947,Medium,Yes,Air,0.852,Paper Wrap,0.26,95,40,Food & Beverage,79.69,87.0,1,77.41
P3186,Metal,1859,Low,Yes,Land,3.346,Cornstarch Wrap,0.92,5,55,Industrial,20.26,54.0,1,31.83
P3187,Metal,1209,Medium,Yes,Sea,2.176,Recycled Cardboard,0.48,5,65,Industrial,48.14,76.0,1,47.69
P3188,Ceramic,957,Low,Yes,Air,1.148,Bio Bubble Wrap,1.08,20,70,Home & Decor,72.64,46.0,1,52.29
P3189,Metal,406,Low,Yes,Sea,0.731,Paper Wrap,0.34,5,40,Industrial,82.58,83.0,1,54.77
P3190,Bioplastic,1770,Medium,Yes,Air,1.239,Paper Wrap,0.19,80,40,Pharma & Health,70.47,90.5,1,71.77
P3191,Ceramic,871,Medium,No,Air,1.045,Bio Bubble Wrap,1.14,20,70,Home & Decor,75.1,43.0,0,52.28
P3192,Bioplastic,1421,High,Yes,Land,0.995,Paper Wrap,0.39,80,40,Pharma & Health,76.29,80.5,1,71.01
P3193,Glass,1730,Low,No,Land,2.595,Bio Bubble Wrap,0.73,15,70,Home & Decor,38.16,63.5,0,45.07
P3194,Glass,447,Medium,No,Air,0.67,Bio Bubble Wrap,0.75,15,70,Home & Decor,84.03,62.5,0,58.58
P3195,Plastic,1908,Low,No,Air,4.007,Recycled Cardboard,0.55,10,65,E-Commerce,4.5,72.5,0,34.98
P3196,Metal,1050,Medium,No,Air,1.89,Paper Wrap,0.38,5,40,Industrial,54.96,81.0,0,45.99
P3197,Glass,1187,Medium,Yes,Land,1.78,Bio Bubble Wrap,1.11,15,70,Home & Decor,57.58,44.5,1,46.15
P3198,Paper,820,Medium,Yes,Air,0.738,Paper Wrap,0.13,95,40,Food & Beverage,82.41,93.5,1,79.85
P3199,Bioplastic,152,High,Yes,Air,0.106,Paper Wrap,0.22,80,40,Pharma & Health,97.47,89.0,1,79.49
P3200,Paper,1582,Medium,Yes,Air,1.424,Paper Wrap,0.27,95,40,Food & Beverage,66.06,86.5,1,73.19
P3201,Plastic,1802,Medium,Yes,Air,3.784,Recycled Cardboard,0.55,10,65,Cosmetics,9.82,72.5,1,36.57
P3202,Paper,164,Medium,No,Land,0.148,Paper Wrap,0.16,95,40,Food & Beverage,96.47,92.0,0,83.69
P3203,Bioplastic,1339,Medium,Yes,Air,0.937,Paper Wrap,0.36,80,40,Pharma & Health,77.67,82.0,1,71.8
P3204,Glass,797,High,No,Air,1.196,Bio Bubble Wrap,0.97,15,70,Home & Decor,71.5,51.5,0,52.08
P3205,Glass,573,High,No,Land,0.86,Bio Bubble Wrap,1.09,15,70,Home & Decor,79.5,45.5,0,52.97
P3206,Glass,1714,Low,Yes,Land,2.571,Bio Bubble Wrap,1.1,15,70,Home & Decor,38.73,45.0,1,40.62
P3207,Glass,1036,Medium,Yes,Land,1.554,Bio Bubble Wrap,1.02,15,70,Home & Decor,62.96,49.0,1,48.89
P3208,Glass,600,Low,Yes,Air,0.9,Bio Bubble Wrap,0.81,15,70,Home & Decor,78.55,59.5,1,56.19
P3209,Metal,1776,Low,Yes,Land,3.197,Bio Bubble Wrap,0.93,5,70,Industrial,23.81,53.5,1,35.77
P3210,Paper,1681,Low,No,Land,1.513,Paper Wrap,0.15,95,40,Food & Beverage,63.94,92.5,0,74.06
P3211,Metal,241,High,Yes,Sea,0.434,Minimalist Pouch,0.47,5,50,Electronics,89.66,76.5,1,57.27
P3212,Ceramic,229,High,Yes,Sea,0.275,Bio Bubble Wrap,0.63,20,70,Home & Decor,93.45,68.5,1,64.16
P3213,Glass,350,Low,Yes,Land,0.525,Bio Bubble Wrap,0.99,15,70,Home & Decor,87.49,50.5,1,56.62
P3214,Bioplastic,273,High,Yes,Land,0.191,Paper Wrap,0.17,80,40,Pharma & Health,95.45,91.5,1,79.51
P3215,Plastic,1327,Medium,Yes,Land,2.787,Recycled Cardboard,0.36,10,65,Cosmetics,33.58,82.0,1,46.07
P3216,Bioplastic,844,Medium,No,Land,0.591,Paper Wrap,0.15,80,40,Pharma & Health,85.92,92.5,0,76.9
P3217,Metal,233,Low,No,Air,0.419,Bio Bubble Wrap,0.5,5,70,Industrial,90.01,75.0,0,61.0
P3218,Bioplastic,1056,Low,Yes,Sea,0.739,Paper Wrap,0.32,80,40,Pharma & Health,82.39,84.0,1,73.72
P3219,Paper,1686,High,Yes,Air,1.517,Paper Wrap,0.32,95,40,Food & Beverage,63.85,84.0,1,71.9
P3220,Bioplastic,362,Low,Yes,Air,0.253,Paper Wrap,0.25,80,40,Pharma & Health,93.97,87.5,1,78.07
P3221,Ceramic,517,Medium,Yes,Sea,0.62,Bio Bubble Wrap,0.61,20,70,Home & Decor,85.22,69.5,1,61.94
P3222,Metal,1077,Medium,Yes,Land,1.939,Mushroom Foam,0.9,5,75,Industrial,53.79,55.0,1,46.14
P3223,Paper,709,Medium,No,Land,0.638,Paper Wrap,0.11,95,40,Food & Beverage,84.8,94.5,0,80.82
P3224,Paper,1284,High,Yes,Land,1.156,Paper Wrap,0.15,95,40,Food & Beverage,72.45,92.5,1,76.61
P3225,Glass,1752,High,Yes,Sea,2.628,Bio Bubble Wrap,1.12,15,70,Home & Decor,37.37,44.0,1,39.96
P3226,Ceramic,396,Low,Yes,Sea,0.475,Bio Bubble Wrap,0.67,20,70,Home & Decor,88.68,66.5,1,62.23
P3227,Bioplastic,1319,Low,No,Sea,0.923,Paper Wrap,0.21,80,40,Pharma & Health,78.0,89.5,0,73.78
P3228,Glass,1272,Low,Yes,Air,1.908,Bio Bubble Wrap,0.57,15,70,Home & Decor,54.53,71.5,1,51.98
P3229,Bioplastic,767,Medium,Yes,Sea,0.537,Paper Wrap,0.17,80,40,Pharma & Health,87.2,91.5,1,77.04
P3230,Ceramic,537,Medium,Yes,Air,0.644,Bio Bubble Wrap,0.86,20,70,Home & Decor,84.65,57.0,1,58.64
P3231,Bioplastic,663,Medium,Yes,Sea,0.464,Paper Wrap,0.28,80,40,Pharma & Health,88.94,86.0,1,76.18
P3232,Glass,1211,Low,No,Land,1.817,Bio Bubble Wrap,0.67,15,70,Home & Decor,56.7,66.5,0,51.39
P3233,Metal,668,Low,Yes,Air,1.202,Mushroom Foam,0.87,5,75,Industrial,71.35,56.5,1,51.78
P3234,Glass,1070,Medium,No,Air,1.605,Bio Bubble Wrap,0.77,15,70,Home & Decor,61.75,61.5,0,51.65
P3235,Bioplastic,1556,Low,Yes,Land,1.089,Paper Wrap,0.17,80,40,Pharma & Health,74.05,91.5,1,73.09
P3236,Plastic,574,Low,No,Land,1.205,Recycled Cardboard,0.41,10,65,E-Commerce,71.28,79.5,0,56.76
P3237,Ceramic,929,Low,Yes,Land,1.115,Bio Bubble Wrap,1.17,20,70,Home & Decor,73.43,41.5,1,51.4
P3238,Paper,1461,Low,Yes,Land,1.315,Paper Wrap,0.28,95,40,Food & Beverage,68.66,86.0,1,73.85
P3239,Metal,1371,Low,No,Land,2.468,Bio Bubble Wrap,0.89,5,70,Industrial,41.18,55.5,0,41.48
P3240,Bioplastic,1785,Low,Yes,Sea,1.25,Paper Wrap,0.22,80,40,Pharma & Health,70.21,89.0,1,71.31
P3241,Paper,348,High,Yes,Air,0.313,Paper Wrap,0.23,95,40,Food & Beverage,92.54,88.5,1,81.64
P3242,Metal,1583,Low,Yes,Air,2.849,Mushroom Foam,1.45,5,75,Industrial,32.1,27.5,1,32.76
P3243,Plastic,834,Medium,Yes,Sea,1.751,Recycled Cardboard,0.65,10,65,Cosmetics,58.27,67.5,1,49.86
P3244,Bioplastic,774,Medium,Yes,Land,0.542,Paper Wrap,0.31,80,40,Pharma & Health,87.08,84.5,1,75.25
P3245,Bioplastic,575,Low,Yes,Land,0.403,Paper Wrap,0.15,80,40,Pharma & Health,90.4,92.5,1,78.24
P3246,Glass,1594,High,Yes,Air,2.391,Bio Bubble Wrap,0.85,15,70,Home & Decor,43.02,57.5,1,45.03
P3247,Plastic,1141,Low,Yes,Land,2.396,Recycled Cardboard,0.51,10,65,E-Commerce,42.9,74.5,1,47.0
P3248,Plastic,985,Medium,No,Land,2.068,Recycled Cardboard,0.74,10,65,Cosmetics,50.71,63.0,0,46.46
P3249,Glass,606,Low,Yes,Air,0.909,Bio Bubble Wrap,0.94,15,70,Home & Decor,78.34,53.0,1,54.5
P3250,Metal,1192,Low,No,Sea,2.146,Paper Wrap,0.26,5,40,Industrial,48.86,87.0,0,45.66
P3251,Glass,1444,Low,No,Land,2.166,Bio Bubble Wrap,0.58,15,70,Home & Decor,48.38,71.0,0,50.01
P3252,Glass,1725,Low,Yes,Air,2.587,Bio Bubble Wrap,0.92,15,70,Home & Decor,38.35,54.0,1,42.76
P3253,Plastic,191,Medium,No,Land,0.401,Recycled Cardboard,0.36,10,65,Cosmetics,90.44,82.0,0,63.13
P3254,Glass,1816,Medium,No,Land,2.724,Bio Bubble Wrap,0.74,15,70,Home & Decor,35.08,63.0,0,44.02
P3255,Ceramic,1190,Medium,Yes,Air,1.428,Bio Bubble Wrap,0.6,20,70,Home & Decor,65.97,70.0,1,56.29
P3256,Bioplastic,1837,High,Yes,Land,1.286,Paper Wrap,0.31,80,40,Pharma & Health,69.35,84.5,1,69.93
P3257,Metal,516,Low,Yes,Air,0.929,Recycled Cardboard,0.4,5,65,Industrial,77.86,80.0,1,57.61
P3258,Ceramic,1738,Medium,Yes,Sea,2.086,Bio Bubble Wrap,0.77,20,70,Home & Decor,50.29,61.5,1,49.46
P3259,Ceramic,327,Low,Yes,Air,0.392,Bio Bubble Wrap,1.13,20,70,Home & Decor,90.66,43.5,1,57.07
P3260,Bioplastic,863,High,Yes,Air,0.604,Paper Wrap,0.16,80,40,Pharma & Health,85.61,92.0,1,76.68
P3261,Plastic,1006,Low,Yes,Sea,2.113,Recycled Cardboard,0.55,10,65,E-Commerce,49.64,72.5,1,48.52
P3262,Bioplastic,747,Low,Yes,Air,0.523,Paper Wrap,0.23,80,40,Pharma & Health,87.54,88.5,1,76.39
P3263,Paper,1773,High,Yes,Air,1.596,Paper Wrap,0.11,95,40,Food & Beverage,61.96,94.5,1,73.96
P3264,Ceramic,1253,Low,Yes,Sea,1.504,Bio Bubble Wrap,1.05,20,70,Home & Decor,64.16,47.5,1,50.12
P3265,Bioplastic,223,Medium,No,Air,0.156,Paper Wrap,0.12,80,40,Pharma & Health,96.28,94.0,0,80.38
P3266,Bioplastic,1106,Low,Yes,Land,0.774,Paper Wrap,0.24,80,40,Pharma & Health,81.55,88.0,1,74.46
P3267,Ceramic,1904,Low,Yes,Sea,2.285,Bio Bubble Wrap,0.89,20,70,Home & Decor,45.54,55.5,1,46.54
P3268,Metal,1824,High,No,Land,3.283,Paper Wrap,0.29,5,40,Electronics,21.76,85.5,0,37.15
P3269,Bioplastic,362,High,Yes,Air,0.253,Paper Wrap,0.31,80,40,Pharma & Health,93.97,84.5,1,77.32
P3270,Bioplastic,819,Medium,Yes,Sea,0.573,Paper Wrap,0.18,80,40,Pharma & Health,86.34,91.0,1,76.65
P3271,Ceramic,473,Low,Yes,Air,0.568,Bio Bubble Wrap,0.51,20,70,Home & Decor,86.46,74.5,1,63.56
P3272,Bioplastic,1414,Medium,Yes,Sea,0.99,Paper Wrap,0.32,80,40,Pharma & Health,76.41,84.0,1,71.92
P3273,Metal,1265,Medium,Yes,Sea,2.277,Paper Wrap,0.26,5,40,Industrial,45.73,87.0,1,44.72
P3274,Ceramic,112,Medium,Yes,Air,0.134,Bio Bubble Wrap,1.09,20,70,Home & Decor,96.81,45.5,1,59.42
P3275,Plastic,1278,Low,Yes,Land,2.684,Recycled Cardboard,0.71,10,65,E-Commerce,36.03,64.5,1,42.43
P3276,Plastic,645,Low,No,Air,1.355,Recycled Cardboard,0.72,10,65,E-Commerce,67.71,64.0,0,51.81
P3277,Bioplastic,1207,Low,Yes,Sea,0.845,Paper Wrap,0.25,80,40,Pharma & Health,79.86,87.5,1,73.83
P3278,Bioplastic,1950,Medium,Yes,Air,1.365,Paper Wrap,0.2,80,40,Pharma & Health,67.47,90.0,1,70.74
P3279,Metal,1287,Medium,Yes,Land,2.317,Recycled Cardboard,0.7,5,65,Industrial,44.78,65.0,1,43.93
P3280,Paper,1522,High,No,Air,1.37,Paper Wrap,0.24,95,40,Food & Beverage,67.35,88.0,0,73.96
P3281,Ceramic,1891,Medium,Yes,Land,2.269,Bio Bubble Wrap,0.63,20,70,Home & Decor,45.92,68.5,1,49.9
P3282,Metal,797,Medium,Yes,Air,1.435,Minimalist Pouch,0.54,5,50,Industrial,65.8,73.0,1,49.24
P3283,Bioplastic,1210,Low,Yes,Air,0.847,Paper Wrap,0.36,80,40,Pharma & Health,79.81,82.0,1,72.44
P3284,Plastic,171,High,Yes,Land,0.359,Recycled Cardboard,0.53,10,65,E-Commerce,91.44,73.5,1,61.31
P3285,Metal,432,Low,Yes,Air,0.778,Minimalist Pouch,0.23,5,50,Industrial,81.46,88.5,1,57.81
P3286,Glass,1162,Medium,No,Air,1.743,Bio Bubble Wrap,0.77,15,70,Home & Decor,58.46,61.5,0,50.66
P3287,Bioplastic,925,High,Yes,Sea,0.647,Paper Wrap,0.34,80,40,Pharma & Health,84.58,83.0,1,74.12
P3288,Bioplastic,1778,Low,Yes,Land,1.245,Paper Wrap,0.37,80,40,Pharma & Health,70.33,81.5,1,69.47
P3289,Bioplastic,1231,Medium,No,Air,0.862,Paper Wrap,0.16,80,40,Pharma & Health,79.46,92.0,0,74.84
P3290,Glass,1175,Medium,Yes,Sea,1.762,Bio Bubble Wrap,0.55,15,70,Home & Decor,58.01,72.5,1,53.28
P3291,Plastic,1540,Medium,No,Sea,3.234,Recycled Cardboard,0.74,10,65,Cosmetics,22.93,63.0,0,38.13
P3292,Glass,267,Medium,Yes,Land,0.401,Bio Bubble Wrap,0.77,15,70,Home & Decor,90.44,61.5,1,60.26
P3293,Ceramic,383,Low,Yes,Air,0.46,Bio Bubble Wrap,0.88,20,70,Home & Decor,89.04,56.0,1,59.71
P3294,Glass,1850,High,Yes,Land,2.775,Bio Bubble Wrap,1.18,15,70,Home & Decor,33.87,41.0,1,38.16
P3295,Glass,530,Low,No,Sea,0.795,Bio Bubble Wrap,0.55,15,70,Home & Decor,81.05,72.5,0,60.19
P3296,Ceramic,230,Medium,Yes,Air,0.276,Bio Bubble Wrap,0.95,20,70,Home & Decor,93.42,52.5,1,60.15
P3297,Metal,706,Medium,Yes,Sea,1.271,Paper Wrap,0.12,5,40,Industrial,69.71,94.0,1,53.66
P3298,Glass,296,Low,Yes,Land,0.444,Bio Bubble Wrap,0.76,15,70,Home & Decor,89.42,62.0,1,60.08
P3299,Glass,1092,Medium,Yes,Sea,1.638,Bio Bubble Wrap,1.06,15,70,Home & Decor,60.96,47.0,1,47.79
P3300,Ceramic,483,Medium,Yes,Sea,0.58,Bio Bubble Wrap,0.8,20,70,Home & Decor,86.18,60.0,1,59.85
P3301,Glass,1781,Medium,Yes,Land,2.671,Bio Bubble Wrap,1.2,15,70,Home & Decor,36.34,40.0,1,38.65
P3302,Paper,1275,High,Yes,Air,1.147,Paper Wrap,0.27,95,40,Food & Beverage,72.66,86.5,1,75.17
P3303,Metal,544,Low,Yes,Sea,0.979,Minimalist Pouch,0.33,5,50,Industrial,76.67,83.5,1,55.13
P3304,Bioplastic,1870,Medium,Yes,Sea,1.309,Paper Wrap,0.17,80,40,Pharma & Health,68.8,91.5,1,71.52
P3305,Glass,218,Low,Yes,Air,0.327,Bio Bubble Wrap,0.75,15,70,Home & Decor,92.21,62.5,1,61.04
P3306,Paper,1356,Low,Yes,Sea,1.22,Paper Wrap,0.21,95,40,Food & Beverage,70.92,89.5,1,75.4
P3307,Bioplastic,1633,Low,Yes,Sea,1.143,Paper Wrap,0.12,80,40,Pharma & Health,72.76,94.0,1,73.33
P3308,Metal,1795,Medium,Yes,Land,3.231,Cornstarch Wrap,0.93,5,55,Industrial,23.0,53.5,1,32.52
P3309,Ceramic,1338,Medium,No,Air,1.606,Bio Bubble Wrap,0.82,20,70,Home & Decor,61.73,59.0,0,52.27
P3310,Metal,1786,Low,No,Air,3.215,Cornstarch Wrap,1.25,5,55,Industrial,23.38,37.5,0,28.64
P3311,Paper,1829,Low,Yes,Sea,1.646,Paper Wrap,0.3,95,40,Food & Beverage,60.77,85.0,1,71.23
P3312,Ceramic,1632,Medium,No,Sea,1.958,Bio Bubble Wrap,1.0,20,70,Home & Decor,53.34,50.0,0,47.5
P3313,Ceramic,150,Low,Yes,Air,0.18,Bio Bubble Wrap,0.51,20,70,Home & Decor,95.71,74.5,1,66.34
P3314,Ceramic,1104,Medium,Yes,Land,1.325,Bio Bubble Wrap,0.65,20,70,Home & Decor,68.42,67.5,1,56.4
P3315,Paper,200,High,No,Sea,0.18,Paper Wrap,0.3,95,40,Food & Beverage,95.71,85.0,0,81.71
P3316,Ceramic,135,Medium,Yes,Land,0.162,Bio Bubble Wrap,0.84,20,70,Home & Decor,96.14,58.0,1,62.34
P3317,Plastic,1695,Low,Yes,Land,3.559,Recycled Cardboard,0.3,10,65,E-Commerce,15.18,85.0,1,41.3
P3318,Bioplastic,1857,Medium,Yes,Air,1.3,Paper Wrap,0.34,80,40,Pharma & Health,69.02,83.0,1,69.46
P3319,Paper,862,Low,Yes,Air,0.776,Paper Wrap,0.33,95,40,Food & Beverage,81.51,83.5,1,77.08
P3320,Metal,1610,Low,Yes,Sea,2.898,Cornstarch Wrap,1.09,5,55,Industrial,30.93,45.5,1,32.9
P3321,Metal,724,Low,Yes,Sea,1.303,Recycled Cardboard,0.33,5,65,Industrial,68.95,83.5,1,55.81
P3322,Paper,580,Low,No,Land,0.522,Paper Wrap,0.33,95,40,Food & Beverage,87.56,83.5,0,78.89
P3323,Metal,1805,Medium,Yes,Sea,3.249,Cornstarch Wrap,1.13,5,55,Industrial,22.57,43.5,1,29.9
P3324,Ceramic,957,High,Yes,Land,1.148,Bio Bubble Wrap,1.05,20,70,Home & Decor,72.64,47.5,1,52.67
P3325,Paper,1556,High,No,Air,1.4,Paper Wrap,0.33,95,40,Food & Beverage,66.63,83.5,0,72.61
P3326,Metal,227,Medium,No,Sea,0.409,Bio Bubble Wrap,1.06,5,70,Industrial,90.25,47.0,0,54.08
P3327,Glass,1955,High,No,Land,2.933,Bio Bubble Wrap,0.86,15,70,Home & Decor,30.1,57.0,0,41.03
P3328,Bioplastic,683,Medium,No,Air,0.478,Paper Wrap,0.14,80,40,Pharma & Health,88.61,93.0,0,77.83
P3329,Ceramic,250,Low,Yes,Land,0.3,Bio Bubble Wrap,0.97,20,70,Home & Decor,92.85,51.5,1,59.73
P3330,Plastic,900,Medium,Yes,Air,1.89,Recycled Cardboard,0.61,10,65,Cosmetics,54.96,69.5,1,49.36
P3331,Plastic,660,Medium,Yes,Sea,1.386,Recycled Cardboard,0.67,10,65,Cosmetics,66.97,66.5,1,52.22
P3332,Metal,235,Low,Yes,Land,0.423,Mushroom Foam,1.0,5,75,Industrial,89.92,50.0,1,55.73
P3333,Glass,1263,Low,Yes,Land,1.895,Bio Bubble Wrap,0.64,15,70,Home & Decor,54.84,68.0,1,51.2
P3334,Plastic,756,High,Yes,Sea,1.588,Recycled Cardboard,0.75,10,65,E-Commerce,62.15,62.5,1,49.77
P3335,Paper,1134,Low,Yes,Air,1.021,Paper Wrap,0.32,95,40,Food & Beverage,75.67,84.0,1,75.45
P3336,Plastic,1827,High,Yes,Sea,3.837,Recycled Cardboard,0.75,10,65,E-Commerce,8.56,62.5,1,33.69
P3337,Paper,871,Medium,Yes,Air,0.784,Paper Wrap,0.33,95,40,Food & Beverage,81.32,83.5,1,77.02
P3338,Ceramic,1757,Low,Yes,Land,2.108,Bio Bubble Wrap,0.92,20,70,Home & Decor,49.76,54.0,1,47.43
P3339,Plastic,204,Low,Yes,Sea,0.428,Recycled Cardboard,0.63,10,65,E-Commerce,89.8,68.5,1,59.56
P3340,Plastic,1597,Medium,Yes,Sea,3.354,Recycled Cardboard,0.74,10,65,Cosmetics,20.07,63.0,1,37.27
P3341,Paper,122,High,Yes,Air,0.11,Paper Wrap,0.27,95,40,Food & Beverage,97.38,86.5,1,82.59
P3342,Ceramic,1635,High,No,Sea,1.962,Bio Bubble Wrap,0.94,20,70,Home & Decor,53.24,53.0,0,48.22
P3343,Ceramic,276,High,Yes,Land,0.331,Bio Bubble Wrap,0.61,20,70,Home & Decor,92.11,69.5,1,64.01
P3344,Bioplastic,721,High,No,Air,0.505,Paper Wrap,0.24,80,40,Pharma & Health,87.96,88.0,0,76.39
P3345,Bioplastic,1878,Low,Yes,Sea,1.315,Paper Wrap,0.31,80,40,Pharma & Health,68.66,84.5,1,69.72
P3346,Ceramic,368,Medium,No,Air,0.442,Bio Bubble Wrap,0.69,20,70,Home & Decor,89.47,65.5,0,62.22
P3347,Metal,1484,Medium,Yes,Land,2.671,Mushroom Foam,1.04,5,75,Industrial,36.34,48.0,1,39.15
P3348,Bioplastic,1975,Medium,Yes,Sea,1.383,Paper Wrap,0.19,80,40,Pharma & Health,67.04,90.5,1,70.74
P3349,Plastic,937,Medium,Yes,Sea,1.968,Recycled Cardboard,0.42,10,65,Cosmetics,53.1,79.0,1,51.18
P3350,Plastic,1332,Medium,No,Land,2.797,Recycled Cardboard,0.41,10,65,Cosmetics,33.34,79.5,0,45.38
P3351,Bioplastic,136,High,Yes,Land,0.095,Paper Wrap,0.23,80,40,Pharma & Health,97.74,88.5,1,79.45
P3352,Ceramic,1693,Medium,Yes,Land,2.032,Bio Bubble Wrap,1.14,20,70,Home & Decor,51.57,43.0,1,45.22
P3353,Ceramic,1333,Low,No,Sea,1.6,Bio Bubble Wrap,0.85,20,70,Home & Decor,61.87,57.5,0,51.94
P3354,Metal,1873,Medium,Yes,Land,3.371,Cornstarch Wrap,0.77,5,55,Industrial,19.66,61.5,1,33.52
P3355,Ceramic,1981,Low,Yes,Sea,2.377,Bio Bubble Wrap,0.55,20,70,Home & Decor,43.35,72.5,1,50.13
P3356,Paper,1538,Low,Yes,Air,1.384,Paper Wrap,0.31,95,40,Food & Beverage,67.02,84.5,1,72.98
P3357,Plastic,379,High,Yes,Land,0.796,Recycled Cardboard,0.49,10,65,E-Commerce,81.03,75.5,1,58.68
P3358,Metal,146,Medium,Yes,Air,0.263,Paper Wrap,0.35,5,40,Industrial,93.73,82.5,1,57.99
P3359,Bioplastic,1483,Low,Yes,Air,1.038,Paper Wrap,0.3,80,40,Pharma & Health,75.26,85.0,1,71.83
P3360,Paper,366,Low,Yes,Air,0.329,Paper Wrap,0.34,95,40,Food & Beverage,92.16,83.0,1,80.15
P3361,Metal,555,Medium,Yes,Land,0.999,Minimalist Pouch,0.31,5,50,Industrial,76.19,84.5,1,55.23
P3362,Metal,427,Low,Yes,Sea,0.769,Mushroom Foam,1.63,5,75,Industrial,81.67,18.5,1,45.38
P3363,Plastic,697,Low,No,Air,1.464,Recycled Cardboard,0.43,10,65,E-Commerce,65.11,78.5,0,54.66
P3364,Metal,919,High,Yes,Air,1.654,Paper Wrap,0.38,5,40,Electronics,60.58,81.0,1,47.67
P3365,Metal,1572,High,Yes,Land,2.83,Recycled Cardboard,0.62,5,65,Electronics,32.55,69.0,1,41.26
P3366,Paper,193,Low,Yes,Air,0.174,Paper Wrap,0.2,95,40,Food & Beverage,95.85,90.0,1,83.0
P3367,Ceramic,1141,Medium,No,Sea,1.369,Bio Bubble Wrap,0.69,20,70,Home & Decor,67.37,65.5,0,55.59
P3368,Bioplastic,1185,Medium,No,Land,0.83,Paper Wrap,0.16,80,40,Pharma & Health,80.22,92.0,0,75.07
P3369,Metal,1322,Medium,Yes,Sea,2.38,Bio Bubble Wrap,0.99,5,70,Industrial,43.28,50.5,1,40.86
P3370,Metal,773,Medium,Yes,Air,1.391,Mushroom Foam,1.06,5,75,Industrial,66.85,47.0,1,48.05
P3371,Plastic,1271,Medium,No,Land,2.669,Recycled Cardboard,0.6,10,65,Cosmetics,36.39,70.0,0,43.92
P3372,Paper,924,Medium,Yes,Land,0.832,Paper Wrap,0.18,95,40,Food & Beverage,80.17,91.0,1,78.55
P3373,Ceramic,1390,Medium,No,Air,1.668,Bio Bubble Wrap,0.96,20,70,Home & Decor,60.25,52.0,0,50.08
P3374,Plastic,820,Low,Yes,Sea,1.722,Recycled Cardboard,0.71,10,65,E-Commerce,58.96,64.5,1,49.31
P3375,Glass,1516,Medium,Yes,Sea,2.274,Bio Bubble Wrap,1.04,15,70,Home & Decor,45.81,48.0,1,43.49
P3376,Bioplastic,1524,Low,Yes,Air,1.067,Paper Wrap,0.33,80,40,Pharma & Health,74.57,83.5,1,71.25
P3377,Plastic,334,Low,No,Land,0.701,Recycled Cardboard,0.39,10,65,E-Commerce,83.29,80.5,0,60.61
P3378,Bioplastic,384,Medium,No,Air,0.269,Paper Wrap,0.13,80,40,Pharma & Health,93.59,93.5,0,79.45
P3379,Plastic,533,Medium,Yes,Air,1.119,Recycled Cardboard,0.65,10,65,Cosmetics,73.33,67.5,1,54.37
P3380,Ceramic,1384,Medium,No,Land,1.661,Bio Bubble Wrap,0.76,20,70,Home & Decor,60.41,62.0,0,52.62
P3381,Metal,1741,Low,No,Sea,3.134,Paper Wrap,0.23,5,40,Industrial,25.31,88.5,0,38.97
P3382,Plastic,862,Low,Yes,Land,1.81,Recycled Cardboard,0.32,10,65,E-Commerce,56.86,84.0,1,53.56
P3383,Plastic,1818,Low,Yes,Land,3.818,Recycled Cardboard,0.43,10,65,E-Commerce,9.01,78.5,1,37.83
P3384,Glass,225,High,Yes,Land,0.338,Bio Bubble Wrap,0.52,15,70,Home & Decor,91.94,74.0,1,63.83
P3385,Glass,1433,Medium,Yes,Land,2.15,Bio Bubble Wrap,1.12,15,70,Home & Decor,48.76,44.0,1,43.38
P3386,Ceramic,1326,Medium,Yes,Sea,1.591,Bio Bubble Wrap,0.67,20,70,Home & Decor,62.08,66.5,1,54.25
P3387,Glass,1206,High,Yes,Air,1.809,Bio Bubble Wrap,0.89,15,70,Home & Decor,56.89,55.5,1,48.69
P3388,Metal,1869,High,Yes,Sea,3.364,Recycled Cardboard,0.32,5,65,Electronics,19.83,84.0,1,41.2
P3389,Plastic,1142,Medium,Yes,Land,2.398,Recycled Cardboard,0.63,10,65,Cosmetics,42.85,68.5,1,45.48
P3390,Metal,419,Medium,Yes,Air,0.754,Paper Wrap,0.2,5,40,Industrial,82.03,90.0,1,56.36
P3391,Metal,786,Low,No,Air,1.415,Minimalist Pouch,0.56,5,50,Industrial,66.28,72.0,0,49.13
P3392,Paper,1421,High,Yes,Sea,1.279,Paper Wrap,0.37,95,40,Food & Beverage,69.52,81.5,1,72.98
P3393,Ceramic,884,High,Yes,Air,1.061,Bio Bubble Wrap,0.73,20,70,Home & Decor,74.71,63.5,1,57.29
P3394,Plastic,1696,Low,Yes,Air,3.562,Recycled Cardboard,0.75,10,65,E-Commerce,15.11,62.5,1,35.66
P3395,Metal,199,Low,Yes,Air,0.358,Bio Bubble Wrap,1.2,5,70,Industrial,91.47,40.0,1,52.69
P3396,Bioplastic,772,High,No,Air,0.54,Paper Wrap,0.35,80,40,Pharma & Health,87.13,82.5,0,74.76
P3397,Metal,1574,Medium,Yes,Air,2.833,Paper Wrap,0.35,5,40,Industrial,32.48,82.5,1,39.62
P3398,Paper,129,Low,Yes,Sea,0.116,Paper Wrap,0.17,95,40,Food & Beverage,97.24,91.5,1,83.8
P3399,Ceramic,1452,Low,Yes,Air,1.742,Bio Bubble Wrap,0.9,20,70,Home & Decor,58.48,55.0,1,50.29
P3400,Plastic,550,Low,Yes,Sea,1.155,Recycled Cardboard,0.33,10,65,E-Commerce,72.47,83.5,1,58.12
P3401,Metal,310,Low,No,Air,0.558,Paper Wrap,0.13,5,40,Industrial,86.7,93.5,0,58.64
P3402,Bioplastic,1392,Medium,Yes,Air,0.974,Paper Wrap,0.4,80,40,Pharma & Health,76.79,80.0,1,71.04
P3403,Bioplastic,1790,High,Yes,Sea,1.253,Paper Wrap,0.2,80,40,Pharma & Health,70.14,90.0,1,71.54
P3404,Glass,1163,Medium,No,Land,1.744,Bio Bubble Wrap,1.02,15,70,Home & Decor,58.44,49.0,0,47.53
P3405,Ceramic,1945,Medium,No,Sea,2.334,Bio Bubble Wrap,1.06,20,70,Home & Decor,44.38,47.0,0,44.06
P3406,Bioplastic,1441,Low,Yes,Land,1.009,Paper Wrap,0.36,80,40,Pharma & Health,75.95,82.0,1,71.28
P3407,Metal,1833,High,Yes,Land,3.299,Mushroom Foam,2.0,5,75,Electronics,21.38,0.0,1,22.66
P3408,Paper,342,Low,Yes,Sea,0.308,Paper Wrap,0.17,95,40,Food & Beverage,92.66,91.5,1,82.42
P3409,Glass,1057,High,Yes,Air,1.585,Bio Bubble Wrap,0.53,15,70,Home & Decor,62.23,73.5,1,54.79
P3410,Ceramic,1645,Low,Yes,Air,1.974,Bio Bubble Wrap,0.79,20,70,Home & Decor,52.96,60.5,1,50.01
P3411,Paper,1349,Medium,Yes,Air,1.214,Paper Wrap,0.14,95,40,Food & Beverage,71.07,93.0,1,76.32
P3412,Glass,264,High,Yes,Sea,0.396,Bio Bubble Wrap,0.52,15,70,Home & Decor,90.56,74.0,1,63.42
P3413,Metal,486,Low,Yes,Air,0.875,Mushroom Foam,1.23,5,75,Industrial,79.15,38.5,1,49.62
P3414,Glass,593,Low,Yes,Air,0.889,Bio Bubble Wrap,1.05,15,70,Home & Decor,78.81,47.5,1,53.27
P3415,Paper,613,Low,Yes,Land,0.552,Paper Wrap,0.27,95,40,Food & Beverage,86.84,86.5,1,79.43
P3416,Plastic,1816,Medium,Yes,Sea,3.814,Recycled Cardboard,0.46,10,65,Cosmetics,9.1,77.0,1,37.48
P3417,Plastic,1300,Low,Yes,Air,2.73,Recycled Cardboard,0.63,10,65,E-Commerce,34.94,68.5,1,43.11
P3418,Glass,969,Low,Yes,Sea,1.454,Bio Bubble Wrap,0.66,15,70,Home & Decor,65.35,67.0,1,54.1
P3419,Plastic,117,Medium,Yes,Air,0.246,Recycled Cardboard,0.31,10,65,Cosmetics,94.14,84.5,1,64.87
P3420,Glass,1500,Medium,Yes,Air,2.25,Bio Bubble Wrap,1.04,15,70,Home & Decor,46.38,48.0,1,43.66
P3421,Glass,894,Medium,Yes,Air,1.341,Bio Bubble Wrap,0.94,15,70,Home & Decor,68.04,53.0,1,51.41
P3422,Glass,1958,High,Yes,Land,2.937,Bio Bubble Wrap,1.03,15,70,Home & Decor,30.0,48.5,1,38.88
P3423,Paper,195,Medium,No,Air,0.175,Paper Wrap,0.11,95,40,Food & Beverage,95.83,94.5,0,84.12
P3424,Paper,531,Medium,Yes,Sea,0.478,Paper Wrap,0.35,95,40,Food & Beverage,88.61,82.5,1,78.96
P3425,Bioplastic,530,Medium,Yes,Air,0.371,Paper Wrap,0.29,80,40,Pharma & Health,91.16,85.5,1,76.72
P3426,Paper,689,Medium,Yes,Air,0.62,Paper Wrap,0.27,95,40,Food & Beverage,85.22,86.5,1,78.94
P3427,Metal,1002,Low,Yes,Land,1.804,Mushroom Foam,1.55,5,75,Industrial,57.01,22.5,1,38.98
P3428,Plastic,1814,High,Yes,Land,3.809,Recycled Cardboard,0.73,10,65,E-Commerce,9.22,63.5,1,34.14
P3429,Glass,802,High,Yes,Sea,1.203,Bio Bubble Wrap,0.91,15,70,Home & Decor,71.33,54.5,1,52.77
P3430,Paper,1311,Low,No,Air,1.18,Paper Wrap,0.27,95,40,Food & Beverage,71.88,86.5,0,74.94
P3431,Paper,458,Medium,Yes,Land,0.412,Paper Wrap,0.4,95,40,Food & Beverage,90.18,80.0,1,78.8
P3432,Plastic,465,Medium,No,Air,0.977,Recycled Cardboard,0.68,10,65,Cosmetics,76.72,66.0,0,55.02
P3433,Metal,216,Medium,Yes,Air,0.389,Bio Bubble Wrap,0.81,5,70,Industrial,90.73,59.5,1,57.34
P3434,Bioplastic,316,Low,No,Air,0.221,Paper Wrap,0.31,80,40,Pharma & Health,94.73,84.5,0,77.54
P3435,Paper,398,Low,Yes,Sea,0.358,Paper Wrap,0.22,95,40,Food & Beverage,91.47,89.0,1,81.44
P3436,Ceramic,1634,High,No,Land,1.961,Bio Bubble Wrap,0.66,20,70,Home & Decor,53.27,67.0,0,51.73
P3437,Glass,1429,Medium,Yes,Land,2.143,Bio Bubble Wrap,0.92,15,70,Home & Decor,48.93,54.0,1,45.93
P3438,Metal,301,Medium,Yes,Land,0.542,Recycled Cardboard,0.76,5,65,Industrial,87.08,62.0,1,55.87
P3439,Ceramic,615,Low,Yes,Land,0.738,Bio Bubble Wrap,1.15,20,70,Home & Decor,82.41,42.5,1,54.35
P3440,Plastic,997,Medium,No,Air,2.094,Recycled Cardboard,0.47,10,65,Cosmetics,50.1,76.5,0,49.66
P3441,Glass,1493,Low,Yes,Land,2.24,Bio Bubble Wrap,0.87,15,70,Home & Decor,46.62,56.5,1,45.86
P3442,Plastic,306,High,Yes,Air,0.643,Recycled Cardboard,0.41,10,65,E-Commerce,84.68,79.5,1,60.78
P3443,Ceramic,1320,Medium,Yes,Air,1.584,Bio Bubble Wrap,1.2,20,70,Home & Decor,62.25,40.0,1,47.68
P3444,Paper,1276,Medium,Yes,Air,1.148,Paper Wrap,0.39,95,40,Food & Beverage,72.64,80.5,1,73.67
P3445,Bioplastic,1291,Low,Yes,Air,0.904,Paper Wrap,0.29,80,40,Pharma & Health,78.46,85.5,1,72.91
P3446,Paper,1401,High,Yes,Air,1.261,Paper Wrap,0.34,95,40,Food & Beverage,69.95,83.0,1,73.48
P3447,Glass,1898,Low,Yes,Air,2.847,Bio Bubble Wrap,1.0,15,70,Home & Decor,32.15,50.0,1,39.89
P3448,Metal,786,Medium,Yes,Sea,1.415,Paper Wrap,0.28,5,40,Industrial,66.28,86.0,1,50.63
P3449,Bioplastic,1837,Low,Yes,Land,1.286,Paper Wrap,0.12,80,40,Pharma & Health,69.35,94.0,1,72.3
P3450,Plastic,1611,Medium,No,Land,3.383,Recycled Cardboard,0.53,10,65,Cosmetics,19.38,73.5,0,39.69
P3451,Bioplastic,1017,Medium,Yes,Sea,0.712,Paper Wrap,0.3,80,40,Pharma & Health,83.03,85.0,1,74.16
P3452,Metal,1047,Medium,Yes,Sea,1.885,Mushroom Foam,1.61,5,75,Industrial,55.08,19.5,1,37.65
P3453,Plastic,888,High,No,Land,1.865,Recycled Cardboard,0.49,10,65,E-Commerce,55.55,75.5,0,51.04
P3454,Paper,972,Low,Yes,Land,0.875,Paper Wrap,0.38,95,40,Food & Beverage,79.15,81.0,1,75.74
P3455,Paper,1574,Medium,Yes,Air,1.417,Paper Wrap,0.15,95,40,Food & Beverage,66.23,92.5,1,74.74
P3456,Ceramic,1440,Low,Yes,Land,1.728,Bio Bubble Wrap,0.85,20,70,Home & Decor,58.82,57.5,1,51.02
P3457,Plastic,415,Medium,Yes,Air,0.872,Recycled Cardboard,0.65,10,65,Cosmetics,79.22,67.5,1,56.14
P3458,Glass,857,Low,Yes,Air,1.286,Bio Bubble Wrap,0.99,15,70,Home & Decor,69.35,50.5,1,51.18
P3459,Plastic,1872,Medium,Yes,Air,3.931,Recycled Cardboard,0.62,10,65,Cosmetics,6.32,69.0,1,34.65
P3460,Paper,903,High,Yes,Land,0.813,Paper Wrap,0.18,95,40,Food & Beverage,80.62,91.0,1,78.69
P3461,Plastic,452,Low,Yes,Land,0.949,Recycled Cardboard,0.38,10,65,E-Commerce,77.38,81.0,1,58.96
P3462,Metal,1949,Medium,Yes,Sea,3.508,Bio Bubble Wrap,0.95,5,70,Industrial,16.4,52.5,1,33.3
P3463,Plastic,1009,Medium,Yes,Sea,2.119,Recycled Cardboard,0.6,10,65,Cosmetics,49.5,70.0,1,47.85
P3464,Paper,1679,Low,Yes,Land,1.511,Paper Wrap,0.15,95,40,Food & Beverage,63.99,92.5,1,74.07
P3465,Plastic,202,Medium,No,Sea,0.424,Recycled Cardboard,0.65,10,65,Cosmetics,89.9,67.5,0,59.34
P3466,Plastic,1121,Medium,No,Air,2.354,Recycled Cardboard,0.53,10,65,Cosmetics,43.9,73.5,0,47.04
P3467,Paper,926,Low,Yes,Land,0.833,Paper Wrap,0.3,95,40,Food & Beverage,80.15,85.0,1,77.04
P3468,Ceramic,1280,Low,Yes,Land,1.536,Bio Bubble Wrap,1.09,20,70,Home & Decor,63.39,45.5,1,49.39
P3469,Metal,286,Medium,Yes,Air,0.515,Mushroom Foam,1.0,5,75,Industrial,87.73,50.0,1,55.07
P3470,Ceramic,1858,Medium,No,Sea,2.23,Bio Bubble Wrap,0.51,20,70,Home & Decor,46.85,74.5,0,51.68
P3471,Glass,770,High,No,Land,1.155,Bio Bubble Wrap,1.05,15,70,Home & Decor,72.47,47.5,0,51.37
P3472,Glass,519,Medium,Yes,Land,0.778,Bio Bubble Wrap,0.93,15,70,Home & Decor,81.46,53.5,1,55.56
P3473,Plastic,366,Low,Yes,Air,0.769,Recycled Cardboard,0.65,10,65,E-Commerce,81.67,67.5,1,56.88
P3474,Plastic,143,Medium,Yes,Land,0.3,Recycled Cardboard,0.72,10,65,Cosmetics,92.85,64.0,1,59.36
P3475,Paper,1439,Low,Yes,Sea,1.295,Paper Wrap,0.34,95,40,Food & Beverage,69.14,83.0,1,73.24
P3476,Bioplastic,308,Low,Yes,Air,0.216,Paper Wrap,0.39,80,40,Pharma & Health,94.85,80.5,1,76.58
P3477,Plastic,745,Low,Yes,Sea,1.565,Recycled Cardboard,0.57,10,65,E-Commerce,62.7,71.5,1,52.18
P3478,Ceramic,547,High,Yes,Land,0.656,Bio Bubble Wrap,0.84,20,70,Home & Decor,84.37,58.0,1,58.81
P3479,Ceramic,956,Medium,No,Air,1.147,Bio Bubble Wrap,0.78,20,70,Home & Decor,72.66,61.0,0,56.05
P3480,Glass,738,Medium,Yes,Sea,1.107,Bio Bubble Wrap,0.61,15,70,Home & Decor,73.62,69.5,1,57.21
P3481,Bioplastic,666,Low,Yes,Air,0.466,Paper Wrap,0.27,80,40,Pharma & Health,88.89,86.5,1,76.29
P3482,Plastic,1753,High,Yes,Sea,3.681,Recycled Cardboard,0.44,10,65,E-Commerce,12.27,78.0,1,38.68
P3483,Metal,715,Medium,Yes,Air,1.287,Bio Bubble Wrap,1.14,5,70,Industrial,69.33,43.0,1,46.8
P3484,Glass,544,High,Yes,Air,0.816,Bio Bubble Wrap,0.91,15,70,Home & Decor,80.55,54.5,1,55.54
P3485,Paper,735,Low,Yes,Sea,0.661,Paper Wrap,0.28,95,40,Food & Beverage,84.25,86.0,1,78.53
P3486,Paper,1923,Medium,Yes,Air,1.731,Paper Wrap,0.21,95,40,Food & Beverage,58.75,89.5,1,71.75
P3487,Metal,1729,Low,Yes,Air,3.112,Cornstarch Wrap,0.65,5,55,Industrial,25.83,67.5,1,36.87
P3488,Plastic,1973,Low,Yes,Sea,4.143,Recycled Cardboard,0.32,10,65,E-Commerce,1.26,84.0,1,36.88
P3489,Metal,1949,Medium,No,Sea,3.508,Bio Bubble Wrap,0.8,5,70,Industrial,16.4,60.0,0,35.17
P3490,Metal,1137,Medium,Yes,Sea,2.047,Minimalist Pouch,0.23,5,50,Industrial,51.22,88.5,1,48.74
P3491,Bioplastic,678,Medium,Yes,Land,0.475,Paper Wrap,0.28,80,40,Pharma & Health,88.68,86.0,1,76.1
P3492,Metal,1538,Low,Yes,Air,2.768,Bio Bubble Wrap,1.12,5,70,Industrial,34.03,44.0,1,36.46
P3493,Glass,177,Low,No,Land,0.266,Bio Bubble Wrap,1.12,15,70,Home & Decor,93.66,44.0,0,56.85
P3494,Ceramic,1213,High,Yes,Air,1.456,Bio Bubble Wrap,0.96,20,70,Home & Decor,65.3,52.0,1,51.59
P3495,Paper,576,Low,Yes,Land,0.518,Paper Wrap,0.16,95,40,Food & Beverage,87.65,92.0,1,81.04
P3496,Plastic,182,Low,Yes,Sea,0.382,Recycled Cardboard,0.73,10,65,E-Commerce,90.9,63.5,1,58.64
P3497,Ceramic,1477,Medium,Yes,Sea,1.772,Bio Bubble Wrap,1.12,20,70,Home & Decor,57.77,44.0,1,47.33
P3498,Paper,1272,High,Yes,Sea,1.145,Paper Wrap,0.16,95,40,Food & Beverage,72.71,92.0,1,76.56
P3499,Paper,1664,Medium,Yes,Air,1.498,Paper Wrap,0.32,95,40,Food & Beverage,64.3,84.0,1,72.04
P3500,Plastic,359,Medium,Yes,Air,0.754,Recycled Cardboard,0.44,10,65,Cosmetics,82.03,78.0,1,59.61
P3501,Plastic,1490,High,No,Air,3.129,Recycled Cardboard,0.7,10,65,E-Commerce,25.43,65.0,0,39.38
P3502,Metal,1386,Low,Yes,Air,2.495,Cornstarch Wrap,1.5,5,55,Industrial,40.54,25.0,1,30.66
P3503,Paper,1325,High,Yes,Sea,1.192,Paper Wrap,0.11,95,40,Food & Beverage,71.59,94.5,1,76.85
P3504,Ceramic,1786,High,Yes,Land,2.143,Bio Bubble Wrap,1.13,20,70,Home & Decor,48.93,43.5,1,44.55
P3505,Plastic,358,Medium,No,Land,0.752,Recycled Cardboard,0.61,10,65,Cosmetics,82.08,69.5,0,57.5
P3506,Ceramic,671,Low,Yes,Air,0.805,Bio Bubble Wrap,1.18,20,70,Home & Decor,80.82,41.0,1,53.5
P3507,Paper,620,Low,Yes,Land,0.558,Paper Wrap,0.24,95,40,Food & Beverage,86.7,88.0,1,79.76
P3508,Plastic,510,Low,Yes,Air,1.071,Recycled Cardboard,0.72,10,65,E-Commerce,74.48,64.0,1,53.84
P3509,Paper,1019,High,Yes,Sea,0.917,Paper Wrap,0.12,95,40,Food & Beverage,78.15,94.0,1,78.69
P3510,Paper,1466,High,Yes,Sea,1.319,Paper Wrap,0.2,95,40,Food & Beverage,68.57,90.0,1,74.82
P3511,Glass,1900,Medium,Yes,Land,2.85,Bio Bubble Wrap,0.55,15,70,Home & Decor,32.08,72.5,1,45.5
P3512,Paper,1655,Medium,Yes,Land,1.49,Paper Wrap,0.39,95,40,Food & Beverage,64.49,80.5,1,71.22
P3513,Plastic,1198,Low,Yes,Land,2.516,Recycled Cardboard,0.71,10,65,E-Commerce,40.04,64.5,1,43.64
P3514,Bioplastic,1998,High,Yes,Sea,1.399,Paper Wrap,0.36,80,40,Pharma & Health,66.66,82.0,1,68.5
P3515,Bioplastic,1490,High,Yes,Air,1.043,Paper Wrap,0.38,80,40,Pharma & Health,75.14,81.0,1,70.79
P3516,Metal,818,High,Yes,Sea,1.472,Paper Wrap,0.13,5,40,Electronics,64.92,93.5,1,52.1
P3517,Ceramic,1990,Medium,Yes,Sea,2.388,Bio Bubble Wrap,0.77,20,70,Home & Decor,43.09,61.5,1,47.3
P3518,Bioplastic,108,Medium,Yes,Air,0.076,Paper Wrap,0.12,80,40,Pharma & Health,98.19,94.0,1,80.96
P3519,Glass,1368,Medium,Yes,Land,2.052,Bio Bubble Wrap,0.65,15,70,Home & Decor,51.1,67.5,1,49.96
P3520,Plastic,347,Low,Yes,Sea,0.729,Recycled Cardboard,0.41,10,65,E-Commerce,82.63,79.5,1,60.16
P3521,Plastic,643,Medium,Yes,Sea,1.35,Recycled Cardboard,0.53,10,65,Cosmetics,67.83,73.5,1,54.22
P3522,Ceramic,1026,Medium,Yes,Air,1.231,Bio Bubble Wrap,0.69,20,70,Home & Decor,70.66,65.5,1,56.57
P3523,Plastic,845,Low,Yes,Land,1.774,Recycled Cardboard,0.35,10,65,E-Commerce,57.72,82.5,1,53.44
P3524,Paper,1984,Low,Yes,Air,1.786,Paper Wrap,0.15,95,40,Food & Beverage,57.44,92.5,1,72.11
P3525,Metal,159,High,No,Air,0.286,Minimalist Pouch,0.26,5,50,Electronics,93.18,87.0,0,60.95
P3526,Metal,853,High,Yes,Sea,1.535,Mushroom Foam,1.97,5,75,Electronics,63.42,1.5,1,35.65
P3527,Bioplastic,1789,Medium,No,Air,1.252,Paper Wrap,0.33,80,40,Pharma & Health,70.16,83.5,0,69.92
P3528,Bioplastic,1807,Low,Yes,Sea,1.265,Paper Wrap,0.39,80,40,Pharma & Health,69.85,80.5,1,69.08
P3529,Plastic,1613,Medium,Yes,Air,3.387,Recycled Cardboard,0.52,10,65,Cosmetics,19.28,74.0,1,39.78
P3530,Ceramic,189,High,Yes,Sea,0.227,Bio Bubble Wrap,0.69,20,70,Home & Decor,94.59,65.5,1,63.75
P3531,Plastic,1206,Low,No,Air,2.533,Recycled Cardboard,0.7,10,65,E-Commerce,39.63,65.0,0,43.64
P3532,Plastic,728,Medium,Yes,Air,1.529,Recycled Cardboard,0.46,10,65,Cosmetics,63.56,77.0,1,53.82
P3533,Glass,998,Low,Yes,Land,1.497,Bio Bubble Wrap,0.71,15,70,Home & Decor,64.32,64.5,1,53.17
P3534,Bioplastic,1514,High,Yes,Air,1.06,Paper Wrap,0.17,80,40,Pharma & Health,74.74,91.5,1,73.3
P3535,Plastic,1745,Low,Yes,Land,3.664,Recycled Cardboard,0.36,10,65,E-Commerce,12.68,82.0,1,39.8
P3536,Ceramic,1660,Low,Yes,Air,1.992,Bio Bubble Wrap,0.68,20,70,Home & Decor,52.53,66.0,1,51.26
P3537,Metal,1593,Medium,Yes,Air,2.867,Mushroom Foam,1.23,5,75,Industrial,31.67,38.5,1,35.38
P3538,Ceramic,1399,Medium,Yes,Sea,1.679,Bio Bubble Wrap,0.97,20,70,Home & Decor,59.99,51.5,1,49.87
P3539,Plastic,1608,Low,No,Land,3.377,Recycled Cardboard,0.33,10,65,E-Commerce,19.52,83.5,0,42.23
P3540,Paper,977,High,Yes,Land,0.879,Paper Wrap,0.16,95,40,Food & Beverage,79.05,92.0,1,78.46
P3541,Metal,236,Medium,No,Sea,0.425,Minimalist Pouch,0.52,5,50,Industrial,89.87,74.0,0,56.71
P3542,Glass,561,High,Yes,Sea,0.842,Bio Bubble Wrap,0.6,15,70,Home & Decor,79.93,70.0,1,59.23
P3543,Plastic,1977,Medium,Yes,Sea,4.152,Recycled Cardboard,0.47,10,65,Cosmetics,1.05,76.5,1,34.94
P3544,Bioplastic,686,Medium,No,Land,0.48,Paper Wrap,0.36,80,40,Pharma & Health,88.56,82.0,0,75.07
P3545,Bioplastic,261,Low,No,Land,0.183,Paper Wrap,0.15,80,40,Pharma & Health,95.64,92.5,0,79.82
P3546,Plastic,275,Low,Yes,Land,0.578,Recycled Cardboard,0.34,10,65,E-Commerce,86.22,83.0,1,62.12
P3547,Ceramic,1091,Low,Yes,Sea,1.309,Bio Bubble Wrap,0.84,20,70,Home & Decor,68.8,58.0,1,54.14
P3548,Paper,1742,Medium,Yes,Air,1.568,Paper Wrap,0.19,95,40,Food & Beverage,62.63,90.5,1,73.16
P3549,Ceramic,1332,Medium,Yes,Land,1.598,Bio Bubble Wrap,0.89,20,70,Home & Decor,61.92,55.5,1,51.45
P3550,Metal,729,High,Yes,Sea,1.312,Cornstarch Wrap,1.32,5,55,Electronics,68.73,34.0,1,41.37
P3551,Bioplastic,607,High,Yes,Land,0.425,Paper Wrap,0.14,80,40,Pharma & Health,89.87,93.0,1,78.21
P3552,Glass,258,Low,No,Air,0.387,Bio Bubble Wrap,0.91,15,70,Home & Decor,90.78,54.5,0,58.61
P3553,Ceramic,1807,Medium,Yes,Land,2.168,Bio Bubble Wrap,0.85,20,70,Home & Decor,48.33,57.5,1,47.87
P3554,Plastic,1387,High,No,Land,2.913,Recycled Cardboard,0.37,10,65,E-Commerce,30.58,81.5,0,45.05
P3555,Ceramic,1776,Medium,Yes,Sea,2.131,Bio Bubble Wrap,0.94,20,70,Home & Decor,49.21,53.0,1,47.01
P3556,Plastic,465,High,Yes,Sea,0.977,Recycled Cardboard,0.44,10,65,E-Commerce,76.72,78.0,1,58.02
P3557,Metal,1455,High,Yes,Sea,2.619,Paper Wrap,0.25,5,40,Electronics,37.58,87.5,1,42.4
P3558,Paper,147,High,Yes,Air,0.132,Paper Wrap,0.12,95,40,Food & Beverage,96.85,94.0,1,84.3
P3559,Glass,197,Medium,Yes,Land,0.295,Bio Bubble Wrap,0.82,15,70,Home & Decor,92.97,59.0,1,60.39
P3560,Metal,998,Low,Yes,Land,1.796,Recycled Cardboard,0.45,5,65,Industrial,57.2,77.5,1,50.78
P3561,Bioplastic,1134,Low,No,Land,0.794,Paper Wrap,0.35,80,40,Pharma & Health,81.08,82.5,0,72.95
P3562,Paper,1975,Low,Yes,Air,1.778,Paper Wrap,0.12,95,40,Food & Beverage,57.63,94.0,1,72.54
P3563,Plastic,1286,High,Yes,Air,2.701,Recycled Cardboard,0.51,10,65,E-Commerce,35.63,74.5,1,44.81
P3564,Ceramic,247,Low,Yes,Sea,0.296,Bio Bubble Wrap,0.82,20,70,Home & Decor,92.95,59.0,1,61.64
P3565,Paper,559,Medium,No,Air,0.503,Paper Wrap,0.32,95,40,Food & Beverage,88.01,84.0,0,79.15
P3566,Glass,1553,Low,Yes,Air,2.329,Bio Bubble Wrap,0.9,15,70,Home & Decor,44.49,55.0,1,44.85
P3567,Plastic,1852,Low,Yes,Air,3.889,Recycled Cardboard,0.63,10,65,E-Commerce,7.32,68.5,1,34.82
P3568,Bioplastic,1023,High,No,Land,0.716,Paper Wrap,0.33,80,40,Pharma & Health,82.94,83.5,0,73.76
P3569,Bioplastic,275,Medium,Yes,Sea,0.193,Paper Wrap,0.36,80,40,Pharma & Health,95.4,82.0,1,77.12
P3570,Glass,590,Medium,Yes,Sea,0.885,Bio Bubble Wrap,0.72,15,70,Home & Decor,78.91,64.0,1,57.42
P3571,Metal,1122,Low,Yes,Land,2.02,Cornstarch Wrap,1.08,5,55,Industrial,51.86,46.0,1,39.31
P3572,Plastic,1762,Medium,Yes,Sea,3.7,Recycled Cardboard,0.72,10,65,Cosmetics,11.82,64.0,1,35.05
P3573,Bioplastic,572,High,Yes,Sea,0.4,Paper Wrap,0.4,80,40,Pharma & Health,90.47,80.0,1,75.14
P3574,Paper,431,Low,No,Air,0.388,Paper Wrap,0.37,95,40,Food & Beverage,90.75,81.5,0,79.35
P3575,Glass,901,Medium,Yes,Air,1.351,Bio Bubble Wrap,0.76,15,70,Home & Decor,67.8,62.0,1,53.59
P3576,Ceramic,636,Low,No,Air,0.763,Bio Bubble Wrap,0.64,20,70,Home & Decor,81.82,68.0,0,60.55
P3577,Paper,1764,Medium,Yes,Air,1.588,Paper Wrap,0.25,95,40,Food & Beverage,62.15,87.5,1,72.27
P3578,Paper,1974,Medium,No,Land,1.777,Paper Wrap,0.32,95,40,Food & Beverage,57.65,84.0,0,70.04
P3579,Ceramic,478,Low,No,Air,0.574,Bio Bubble Wrap,0.84,20,70,Home & Decor,86.32,58.0,0,59.4
P3580,Glass,1329,Medium,No,Air,1.994,Bio Bubble Wrap,0.84,15,70,Home & Decor,52.48,58.0,0,47.99
P3581,Paper,1834,Medium,Yes,Sea,1.651,Paper Wrap,0.35,95,40,Food & Beverage,60.65,82.5,1,70.57
P3582,Paper,1483,Low,Yes,Land,1.335,Paper Wrap,0.21,95,40,Food & Beverage,68.18,89.5,1,74.58
P3583,Metal,1385,Medium,Yes,Sea,2.493,Bio Bubble Wrap,1.1,5,70,Industrial,40.59,45.0,1,38.68
P3584,Glass,378,Low,Yes,Sea,0.567,Bio Bubble Wrap,0.78,15,70,Home & Decor,86.49,61.0,1,58.95
P3585,Glass,1662,Medium,Yes,Sea,2.493,Bio Bubble Wrap,0.73,15,70,Home & Decor,40.59,63.5,1,45.8
P3586,Glass,1032,High,Yes,Sea,1.548,Bio Bubble Wrap,0.82,15,70,Home & Decor,63.11,59.0,1,51.43
P3587,Bioplastic,346,Low,Yes,Air,0.242,Paper Wrap,0.33,80,40,Pharma & Health,94.23,83.5,1,77.14
P3588,Metal,721,Low,No,Air,1.298,Mushroom Foam,0.95,5,75,Industrial,69.07,52.5,0,50.1
P3589,Bioplastic,1731,High,Yes,Land,1.212,Paper Wrap,0.16,80,40,Pharma & Health,71.12,92.0,1,72.34
P3590,Bioplastic,1088,Low,Yes,Sea,0.762,Paper Wrap,0.39,80,40,Pharma & Health,81.84,80.5,1,72.68
P3591,Plastic,163,Medium,No,Air,0.342,Recycled Cardboard,0.39,10,65,Cosmetics,91.85,80.5,0,63.18
P3592,Metal,1972,Medium,Yes,Land,3.55,Minimalist Pouch,0.43,5,50,Industrial,15.4,78.5,1,35.5
P3593,Glass,1877,Low,Yes,Sea,2.816,Bio Bubble Wrap,0.91,15,70,Home & Decor,32.89,54.5,1,41.24
P3594,Bioplastic,774,High,No,Air,0.542,Paper Wrap,0.25,80,40,Pharma & Health,87.08,87.5,0,76.0
P3595,Plastic,1499,Low,Yes,Air,3.148,Recycled Cardboard,0.62,10,65,E-Commerce,24.98,69.0,1,40.24
P3596,Bioplastic,333,Medium,No,Land,0.233,Paper Wrap,0.17,80,40,Pharma & Health,94.45,91.5,0,79.21
P3597,Plastic,1754,Medium,Yes,Land,3.683,Recycled Cardboard,0.58,10,65,Cosmetics,12.23,71.0,1,36.92
P3598,Plastic,803,Medium,No,Land,1.686,Recycled Cardboard,0.49,10,65,Cosmetics,59.82,75.5,0,52.32
P3599,Paper,1081,High,Yes,Air,0.973,Paper Wrap,0.3,95,40,Food & Beverage,76.81,85.0,1,76.04
P3600,Plastic,742,Low,No,Air,1.558,Recycled Cardboard,0.37,10,65,E-Commerce,62.87,81.5,0,54.74
P3601,Metal,1073,Low,Yes,Land,1.931,Cornstarch Wrap,1.11,5,55,Industrial,53.98,44.5,1,39.57
P3602,Plastic,918,High,Yes,Air,1.928,Recycled Cardboard,0.39,10,65,E-Commerce,54.05,80.5,1,51.84
P3603,Paper,1125,Medium,Yes,Sea,1.012,Paper Wrap,0.18,95,40,Food & Beverage,75.88,91.0,1,77.26
P3604,Bioplastic,1495,Medium,No,Land,1.046,Paper Wrap,0.17,80,40,Pharma & Health,75.07,91.5,0,73.4
P3605,Metal,556,High,Yes,Land,1.001,Cornstarch Wrap,0.76,5,55,Electronics,76.14,62.0,1,50.59
P3606,Plastic,1336,Medium,Yes,Air,2.806,Recycled Cardboard,0.71,10,65,Cosmetics,33.13,64.5,1,41.56
P3607,Glass,1528,Low,Yes,Land,2.292,Bio Bubble Wrap,0.7,15,70,Home & Decor,45.38,65.0,1,47.61
P3608,Ceramic,734,Low,Yes,Air,0.881,Bio Bubble Wrap,1.15,20,70,Home & Decor,79.0,42.5,1,53.32
P3609,Ceramic,1633,Medium,Yes,Sea,1.96,Bio Bubble Wrap,1.18,20,70,Home & Decor,53.29,41.0,1,45.24
P3610,Paper,955,High,No,Land,0.86,Paper Wrap,0.27,95,40,Food & Beverage,79.5,86.5,0,77.22
P3611,Paper,221,Medium,No,Sea,0.199,Paper Wrap,0.14,95,40,Food & Beverage,95.26,93.0,0,83.58
P3612,Ceramic,667,Medium,Yes,Air,0.8,Bio Bubble Wrap,0.76,20,70,Home & Decor,80.93,62.0,1,58.78
P3613,Plastic,121,High,Yes,Air,0.254,Recycled Cardboard,0.7,10,65,E-Commerce,93.95,65.0,1,59.94
P3614,Plastic,1491,Medium,Yes,Sea,3.131,Recycled Cardboard,0.48,10,65,Cosmetics,25.38,76.0,1,42.11
P3615,Glass,756,Medium,No,Land,1.134,Bio Bubble Wrap,0.56,15,70,Home & Decor,72.97,72.0,0,57.64
P3616,Glass,359,Low,Yes,Sea,0.538,Bio Bubble Wrap,0.89,15,70,Home & Decor,87.18,55.5,1,57.78
P3617,Bioplastic,439,Low,Yes,Sea,0.307,Paper Wrap,0.35,80,40,Pharma & Health,92.68,82.5,1,76.43
P3618,Bioplastic,1236,High,Yes,Air,0.865,Paper Wrap,0.34,80,40,Pharma & Health,79.39,83.0,1,72.57
P3619,Glass,598,Low,Yes,Sea,0.897,Bio Bubble Wrap,0.62,15,70,Home & Decor,78.62,69.0,1,58.59
P3620,Metal,1826,Low,No,Sea,3.287,Cornstarch Wrap,1.21,5,55,Industrial,21.66,39.5,0,28.62
P3621,Plastic,244,Low,Yes,Land,0.512,Recycled Cardboard,0.41,10,65,E-Commerce,87.8,79.5,1,61.72
P3622,Paper,412,Low,Yes,Air,0.371,Paper Wrap,0.17,95,40,Food & Beverage,91.16,91.5,1,81.97
P3623,Bioplastic,226,Medium,Yes,Land,0.158,Paper Wrap,0.36,80,40,Pharma & Health,96.23,82.0,1,77.37
P3624,Plastic,235,Medium,Yes,Air,0.493,Recycled Cardboard,0.42,10,65,Cosmetics,88.25,79.0,1,61.72
P3625,Ceramic,840,Low,Yes,Sea,1.008,Bio Bubble Wrap,0.68,20,70,Home & Decor,75.98,66.0,1,58.29
P3626,Bioplastic,1901,Medium,Yes,Sea,1.331,Paper Wrap,0.1,80,40,Pharma & Health,68.28,95.0,1,72.23
P3627,Plastic,288,Low,Yes,Land,0.605,Recycled Cardboard,0.74,10,65,E-Commerce,85.58,63.0,1,56.92
P3628,Paper,1702,Low,No,Air,1.532,Paper Wrap,0.34,95,40,Food & Beverage,63.49,83.0,0,71.55
P3629,Glass,221,High,Yes,Air,0.332,Bio Bubble Wrap,0.94,15,70,Home & Decor,92.09,53.0,1,58.63
P3630,Paper,817,Low,Yes,Air,0.735,Paper Wrap,0.33,95,40,Food & Beverage,82.48,83.5,1,77.37
P3631,Plastic,1760,Medium,No,Air,3.696,Recycled Cardboard,0.38,10,65,Cosmetics,11.92,81.0,0,39.33
P3632,Paper,1003,Medium,No,Land,0.903,Paper Wrap,0.24,95,40,Food & Beverage,78.48,88.0,0,77.29
P3633,Metal,1373,Medium,Yes,Land,2.471,Cornstarch Wrap,0.92,5,55,Industrial,41.11,54.0,1,38.08
P3634,Ceramic,495,High,Yes,Sea,0.594,Bio Bubble Wrap,0.57,20,70,Home & Decor,85.84,71.5,1,62.63
P3635,Glass,1013,Low,Yes,Sea,1.52,Bio Bubble Wrap,0.84,15,70,Home & Decor,63.78,58.0,1,51.38
P3636,Plastic,1360,Low,Yes,Air,2.856,Recycled Cardboard,0.76,10,65,E-Commerce,31.94,62.0,1,40.58
P3637,Plastic,1145,Medium,Yes,Land,2.405,Recycled Cardboard,0.32,10,65,Cosmetics,42.68,84.0,1,49.3
P3638,Glass,884,High,Yes,Land,1.326,Bio Bubble Wrap,0.7,15,70,Home & Decor,68.4,65.0,1,54.52
P3639,Bioplastic,1922,High,Yes,Sea,1.345,Paper Wrap,0.16,80,40,Pharma & Health,67.95,92.0,1,71.39
P3640,Paper,1118,Low,Yes,Land,1.006,Paper Wrap,0.17,95,40,Food & Beverage,76.02,91.5,1,77.43
P3641,Ceramic,594,Low,Yes,Sea,0.713,Bio Bubble Wrap,1.14,20,70,Home & Decor,83.01,43.0,1,54.65
P3642,Ceramic,911,Low,Yes,Air,1.093,Bio Bubble Wrap,0.83,20,70,Home & Decor,73.95,58.5,1,55.81
P3643,Plastic,1068,High,Yes,Air,2.243,Recycled Cardboard,0.53,10,65,E-Commerce,46.54,73.5,1,47.84
P3644,Metal,1268,High,Yes,Sea,2.282,Paper Wrap,0.33,5,40,Electronics,45.61,83.5,1,43.81
P3645,Ceramic,985,High,Yes,Land,1.182,Bio Bubble Wrap,0.61,20,70,Home & Decor,71.83,69.5,1,57.92
P3646,Bioplastic,1977,Low,Yes,Sea,1.384,Paper Wrap,0.25,80,40,Pharma & Health,67.02,87.5,1,69.98
P3647,Ceramic,1404,Medium,Yes,Air,1.685,Bio Bubble Wrap,0.8,20,70,Home & Decor,59.84,60.0,1,51.95
P3648,Glass,1226,Medium,No,Land,1.839,Bio Bubble Wrap,0.92,15,70,Home & Decor,56.17,54.0,0,48.1
P3649,Paper,816,Medium,Yes,Land,0.734,Paper Wrap,0.4,95,40,Food & Beverage,82.51,80.0,1,76.5
P3650,Ceramic,222,Low,No,Land,0.266,Bio Bubble Wrap,1.04,20,70,Home & Decor,93.66,48.0,0,59.1
P3651,Plastic,1344,High,Yes,Air,2.822,Recycled Cardboard,0.5,10,65,E-Commerce,32.75,75.0,1,44.08
P3652,Glass,1517,Medium,Yes,Land,2.276,Bio Bubble Wrap,1.08,15,70,Home & Decor,45.76,46.0,1,42.98
P3653,Glass,1306,Low,Yes,Sea,1.959,Bio Bubble Wrap,0.62,15,70,Home & Decor,53.31,69.0,1,50.99
P3654,Paper,767,Low,Yes,Air,0.69,Paper Wrap,0.11,95,40,Food & Beverage,83.56,94.5,1,80.44
P3655,Bioplastic,1101,High,Yes,Air,0.771,Paper Wrap,0.16,80,40,Pharma & Health,81.63,92.0,1,75.49
P3656,Glass,136,High,No,Sea,0.204,Bio Bubble Wrap,0.74,15,70,Home & Decor,95.14,63.0,0,62.04
P3657,Ceramic,1903,Low,Yes,Air,2.284,Bio Bubble Wrap,0.86,20,70,Home & Decor,45.57,57.0,1,46.92
P3658,Bioplastic,798,High,No,Sea,0.559,Paper Wrap,0.28,80,40,Pharma & Health,86.68,86.0,0,75.5
P3659,Ceramic,1080,High,Yes,Sea,1.296,Bio Bubble Wrap,1.14,20,70,Home & Decor,69.11,43.0,1,50.48
P3660,Ceramic,172,Low,Yes,Sea,0.206,Bio Bubble Wrap,0.86,20,70,Home & Decor,95.09,57.0,1,61.78
P3661,Plastic,1263,Medium,Yes,Land,2.652,Recycled Cardboard,0.55,10,65,Cosmetics,36.8,72.5,1,44.66
P3662,Bioplastic,1051,Low,Yes,Sea,0.736,Paper Wrap,0.12,80,40,Pharma & Health,82.46,94.0,1,76.24
P3663,Ceramic,278,Medium,Yes,Air,0.334,Bio Bubble Wrap,0.52,20,70,Home & Decor,92.04,74.0,1,65.11
P3664,Paper,551,High,Yes,Air,0.496,Paper Wrap,0.27,95,40,Food & Beverage,88.18,86.5,1,79.83
P3665,Paper,384,Low,Yes,Land,0.346,Paper Wrap,0.23,95,40,Food & Beverage,91.75,88.5,1,81.4
P3666,Glass,1282,High,Yes,Land,1.923,Bio Bubble Wrap,1.09,15,70,Home & Decor,54.17,45.5,1,45.38
P3667,Bioplastic,1416,Medium,No,Land,0.991,Paper Wrap,0.15,80,40,Pharma & Health,76.38,92.5,0,74.04
P3668,Metal,1229,Low,No,Air,2.212,Bio Bubble Wrap,0.52,5,70,Industrial,47.28,74.0,0,47.93
P3669,Ceramic,838,Medium,No,Land,1.006,Bio Bubble Wrap,0.81,20,70,Home & Decor,76.02,59.5,0,56.68
P3670,Ceramic,653,High,Yes,Sea,0.784,Bio Bubble Wrap,0.67,20,70,Home & Decor,81.32,66.5,1,60.02
P3671,Paper,473,Medium,Yes,Sea,0.426,Paper Wrap,0.11,95,40,Food & Beverage,89.85,94.5,1,82.33
P3672,Ceramic,1563,Low,Yes,Sea,1.876,Bio Bubble Wrap,1.01,20,70,Home & Decor,55.29,49.5,1,47.96
P3673,Ceramic,1986,High,Yes,Air,2.383,Bio Bubble Wrap,0.58,20,70,Home & Decor,43.21,71.0,1,49.71
P3674,Bioplastic,1608,Medium,Yes,Sea,1.126,Paper Wrap,0.28,80,40,Pharma & Health,73.16,86.0,1,71.45
P3675,Glass,587,Medium,Yes,Sea,0.88,Bio Bubble Wrap,0.7,15,70,Home & Decor,79.03,65.0,1,57.71
P3676,Plastic,499,Low,No,Land,1.048,Recycled Cardboard,0.39,10,65,E-Commerce,75.02,80.5,0,58.13
P3677,Metal,801,High,Yes,Land,1.442,Recycled Cardboard,0.49,5,65,Electronics,65.63,75.5,1,52.81
P3678,Ceramic,1529,Low,Yes,Air,1.835,Bio Bubble Wrap,1.06,20,70,Home & Decor,56.27,47.0,1,47.63
P3679,Plastic,1796,Medium,Yes,Sea,3.772,Recycled Cardboard,0.5,10,65,Cosmetics,10.1,75.0,1,37.28
P3680,Plastic,928,Low,No,Land,1.949,Recycled Cardboard,0.68,10,65,E-Commerce,53.55,66.0,0,48.06
P3681,Bioplastic,1741,Low,Yes,Land,1.219,Paper Wrap,0.14,80,40,Pharma & Health,70.95,93.0,1,72.54
P3682,Glass,1433,Medium,Yes,Sea,2.15,Bio Bubble Wrap,1.04,15,70,Home & Decor,48.76,48.0,1,44.38
P3683,Metal,570,Low,No,Air,1.026,Minimalist Pouch,0.29,5,50,Industrial,75.55,85.5,0,55.29
P3684,Plastic,1871,Low,Yes,Land,3.929,Recycled Cardboard,0.64,10,65,E-Commerce,6.36,68.0,1,34.41
P3685,Ceramic,1411,Low,Yes,Sea,1.693,Bio Bubble Wrap,0.9,20,70,Home & Decor,59.65,55.0,1,50.64
P3686,Glass,606,Low,Yes,Sea,0.909,Bio Bubble Wrap,1.15,15,70,Home & Decor,78.34,42.5,1,51.88
P3687,Ceramic,162,Medium,Yes,Land,0.194,Bio Bubble Wrap,0.77,20,70,Home & Decor,95.38,61.5,1,62.99
P3688,Glass,1929,Low,Yes,Land,2.893,Bio Bubble Wrap,0.55,15,70,Home & Decor,31.05,72.5,1,45.19
P3689,Bioplastic,111,Low,No,Air,0.078,Paper Wrap,0.11,80,40,Pharma & Health,98.14,94.5,0,81.07
P3690,Ceramic,604,Medium,Yes,Air,0.725,Bio Bubble Wrap,1.08,20,70,Home & Decor,82.72,46.0,1,55.32
P3691,Plastic,1025,Low,Yes,Sea,2.152,Recycled Cardboard,0.56,10,65,E-Commerce,48.71,72.0,1,48.11
P3692,Glass,650,Medium,Yes,Land,0.975,Bio Bubble Wrap,1.04,15,70,Home & Decor,76.76,48.0,1,52.78
P3693,Paper,626,Low,Yes,Air,0.563,Paper Wrap,0.17,95,40,Food & Beverage,86.58,91.5,1,80.6
P3694,Paper,659,Low,No,Air,0.593,Paper Wrap,0.2,95,40,Food & Beverage,85.87,90.0,0,80.01
P3695,Glass,1625,Medium,Yes,Land,2.438,Bio Bubble Wrap,0.52,15,70,Home & Decor,41.9,74.0,1,48.82
P3696,Glass,980,Low,Yes,Sea,1.47,Bio Bubble Wrap,1.17,15,70,Home & Decor,64.97,41.5,1,47.62
P3697,Plastic,275,Medium,Yes,Land,0.578,Recycled Cardboard,0.63,10,65,Cosmetics,86.22,68.5,1,58.49
P3698,Ceramic,298,High,Yes,Sea,0.358,Bio Bubble Wrap,1.15,20,70,Home & Decor,91.47,42.5,1,57.07
P3699,Ceramic,475,Low,Yes,Land,0.57,Bio Bubble Wrap,0.69,20,70,Home & Decor,86.42,65.5,1,61.3
P3700,Metal,617,Low,No,Sea,1.111,Bio Bubble Wrap,0.93,5,70,Industrial,73.52,53.5,0,50.68
P3701,Glass,500,Medium,No,Sea,0.75,Bio Bubble Wrap,0.97,15,70,Home & Decor,82.13,51.5,0,55.26
P3702,Paper,918,High,Yes,Sea,0.826,Paper Wrap,0.2,95,40,Food & Beverage,80.31,90.0,1,78.34
P3703,Metal,106,Medium,Yes,Air,0.191,Paper Wrap,0.35,5,40,Industrial,95.45,82.5,1,58.51
P3704,Metal,193,Low,Yes,Land,0.347,Minimalist Pouch,0.58,5,50,Industrial,91.73,71.0,1,56.52
P3705,Paper,929,High,Yes,Air,0.836,Paper Wrap,0.37,95,40,Food & Beverage,80.08,81.5,1,76.15
P3706,Bioplastic,1031,Medium,Yes,Air,0.722,Paper Wrap,0.32,80,40,Pharma & Health,82.79,84.0,1,73.84
P3707,Glass,105,Medium,Yes,Air,0.158,Bio Bubble Wrap,0.69,15,70,Home & Decor,96.23,65.5,1,62.99
P3708,Ceramic,695,High,No,Sea,0.834,Bio Bubble Wrap,0.7,20,70,Home & Decor,80.12,65.0,0,59.29
P3709,Paper,1220,Medium,No,Land,1.098,Paper Wrap,0.39,95,40,Food & Beverage,73.83,80.5,0,74.02
P3710,Bioplastic,1211,Low,No,Sea,0.848,Paper Wrap,0.1,80,40,Pharma & Health,79.79,95.0,0,75.69
P3711,Glass,893,High,Yes,Air,1.339,Bio Bubble Wrap,1.0,15,70,Home & Decor,68.09,50.0,1,50.68
P3712,Paper,1829,Medium,Yes,Land,1.646,Paper Wrap,0.31,95,40,Food & Beverage,60.77,84.5,1,71.11
P3713,Ceramic,886,High,Yes,Land,1.063,Bio Bubble Wrap,0.94,20,70,Home & Decor,74.67,53.0,1,54.65
P3714,Metal,778,Medium,Yes,Air,1.4,Recycled Cardboard,0.8,5,65,Industrial,66.63,60.0,1,49.24
P3715,Plastic,742,Medium,Yes,Air,1.558,Recycled Cardboard,0.46,10,65,Cosmetics,62.87,77.0,1,53.61
P3716,Ceramic,945,Low,Yes,Air,1.134,Bio Bubble Wrap,0.74,20,70,Home & Decor,72.97,63.0,1,56.64
P3717,Glass,172,Low,Yes,Sea,0.258,Bio Bubble Wrap,0.56,15,70,Home & Decor,93.85,72.0,1,63.9
P3718,Plastic,144,Low,No,Land,0.302,Recycled Cardboard,0.52,10,65,E-Commerce,92.8,74.0,0,61.84
P3719,Glass,380,Low,Yes,Air,0.57,Bio Bubble Wrap,0.68,15,70,Home & Decor,86.42,66.0,1,60.18
P3720,Glass,942,Medium,No,Sea,1.413,Bio Bubble Wrap,0.74,15,70,Home & Decor,66.33,63.0,0,53.4
P3721,Glass,1783,Low,Yes,Air,2.675,Bio Bubble Wrap,1.08,15,70,Home & Decor,36.25,46.0,1,40.12
P3722,Ceramic,1630,Low,Yes,Sea,1.956,Bio Bubble Wrap,1.15,20,70,Home & Decor,53.38,42.5,1,45.64
P3723,Plastic,725,Medium,No,Land,1.522,Recycled Cardboard,0.39,10,65,Cosmetics,63.73,80.5,0,54.74
P3724,Ceramic,315,Medium,Yes,Land,0.378,Bio Bubble Wrap,0.76,20,70,Home & Decor,90.99,62.0,1,61.8
P3725,Bioplastic,548,High,Yes,Land,0.384,Paper Wrap,0.38,80,40,Pharma & Health,90.85,81.0,1,75.5
P3726,Paper,610,Low,Yes,Sea,0.549,Paper Wrap,0.12,95,40,Food & Beverage,86.92,94.0,1,81.33
P3727,Glass,1592,High,Yes,Sea,2.388,Bio Bubble Wrap,0.56,15,70,Home & Decor,43.09,72.0,1,48.68
P3728,Ceramic,161,Medium,No,Land,0.193,Bio Bubble Wrap,0.61,20,70,Home & Decor,95.4,69.5,0,65.0
P3729,Bioplastic,1575,Medium,Yes,Air,1.103,Paper Wrap,0.28,80,40,Pharma & Health,73.71,86.0,1,71.61
P3730,Glass,583,Low,Yes,Air,0.875,Bio Bubble Wrap,0.61,15,70,Home & Decor,79.15,69.5,1,58.87
P3731,Metal,874,Medium,Yes,Sea,1.573,Bio Bubble Wrap,1.18,5,70,Industrial,62.51,41.0,1,44.25
P3732,Bioplastic,1417,Low,Yes,Sea,0.992,Paper Wrap,0.23,80,40,Pharma & Health,76.36,88.5,1,73.03
P3733,Glass,1178,Low,Yes,Sea,1.767,Bio Bubble Wrap,0.85,15,70,Home & Decor,57.89,57.5,1,49.49
P3734,Metal,207,High,Yes,Air,0.373,Cornstarch Wrap,0.82,5,55,Electronics,91.11,59.0,1,54.33
P3735,Plastic,1540,High,Yes,Sea,3.234,Recycled Cardboard,0.54,10,65,E-Commerce,22.93,73.0,1,40.63
P3736,Paper,147,Medium,Yes,Land,0.132,Paper Wrap,0.3,95,40,Food & Beverage,96.85,85.0,1,82.06
P3737,Metal,1822,Medium,No,Sea,3.28,Paper Wrap,0.33,5,40,Industrial,21.83,83.5,0,36.67
P3738,Plastic,1550,Low,Yes,Air,3.255,Recycled Cardboard,0.68,10,65,E-Commerce,22.43,66.0,1,38.73
P3739,Plastic,397,Medium,No,Sea,0.834,Recycled Cardboard,0.59,10,65,Cosmetics,80.12,70.5,0,57.16
P3740,Ceramic,1001,Low,Yes,Sea,1.201,Bio Bubble Wrap,1.13,20,70,Home & Decor,71.38,43.5,1,51.29
P3741,Ceramic,1286,Medium,Yes,Land,1.543,Bio Bubble Wrap,1.07,20,70,Home & Decor,63.23,46.5,1,49.59
P3742,Glass,980,Medium,No,Sea,1.47,Bio Bubble Wrap,1.03,15,70,Home & Decor,64.97,48.5,0,49.37
P3743,Metal,628,Medium,Yes,Air,1.13,Minimalist Pouch,0.22,5,50,Industrial,73.07,89.0,1,55.42
P3744,Glass,615,Medium,Yes,Air,0.922,Bio Bubble Wrap,0.5,15,70,Home & Decor,78.03,75.0,1,59.91
P3745,Glass,871,Low,No,Sea,1.306,Bio Bubble Wrap,0.65,15,70,Home & Decor,68.88,67.5,0,55.29
P3746,Paper,1632,Low,Yes,Land,1.469,Paper Wrap,0.3,95,40,Food & Beverage,64.99,85.0,1,72.5
P3747,Bioplastic,1341,Low,Yes,Air,0.939,Paper Wrap,0.22,80,40,Pharma & Health,77.62,89.0,1,73.54
P3748,Plastic,438,Low,Yes,Land,0.92,Recycled Cardboard,0.5,10,65,E-Commerce,78.07,75.0,1,57.67
P3749,Glass,1421,Low,Yes,Air,2.131,Bio Bubble Wrap,1.12,15,70,Home & Decor,49.21,44.0,1,43.51
P3750,Bioplastic,213,High,Yes,Sea,0.149,Paper Wrap,0.37,80,40,Pharma & Health,96.45,81.5,1,77.31
P3751,Paper,1402,Low,Yes,Land,1.262,Paper Wrap,0.37,95,40,Food & Beverage,69.92,81.5,1,73.1
P3752,Paper,1825,Low,Yes,Land,1.643,Paper Wrap,0.19,95,40,Food & Beverage,60.84,90.5,1,72.63
P3753,Metal,1537,High,Yes,Land,2.767,Paper Wrap,0.31,5,40,Electronics,34.06,84.5,1,40.59
P3754,Glass,450,Medium,Yes,Sea,0.675,Bio Bubble Wrap,0.69,15,70,Home & Decor,83.91,65.5,1,59.3
P3755,Metal,1762,Medium,Yes,Air,3.172,Recycled Cardboard,0.4,5,65,Industrial,24.4,80.0,1,41.57
P3756,Plastic,1990,Medium,Yes,Land,4.179,Recycled Cardboard,0.39,10,65,Cosmetics,0.41,80.5,1,35.75
P3757,Glass,1320,High,Yes,Land,1.98,Bio Bubble Wrap,0.74,15,70,Home & Decor,52.81,63.0,1,49.34
P3758,Metal,1868,High,Yes,Air,3.362,Mushroom Foam,1.32,5,75,Electronics,19.88,34.0,1,30.71
P3759,Ceramic,761,High,No,Air,0.913,Bio Bubble Wrap,1.08,20,70,Home & Decor,78.24,46.0,0,53.97
P3760,Ceramic,1702,Medium,No,Sea,2.042,Bio Bubble Wrap,0.58,20,70,Home & Decor,51.33,71.0,0,52.15
P3761,Bioplastic,182,High,Yes,Air,0.127,Paper Wrap,0.32,80,40,Pharma & Health,96.97,84.0,1,78.09
P3762,Plastic,1040,Low,Yes,Land,2.184,Recycled Cardboard,0.57,10,65,E-Commerce,47.95,71.5,1,47.76
P3763,Plastic,562,Medium,No,Air,1.18,Recycled Cardboard,0.44,10,65,Cosmetics,71.88,78.0,0,56.56
P3764,Ceramic,1637,High,Yes,Land,1.964,Bio Bubble Wrap,0.84,20,70,Home & Decor,53.19,58.0,1,49.46
P3765,Metal,1203,Low,Yes,Sea,2.165,Bio Bubble Wrap,0.71,5,70,Industrial,48.4,64.5,1,45.9
P3766,Glass,1377,Medium,Yes,Sea,2.066,Bio Bubble Wrap,0.92,15,70,Home & Decor,50.76,54.0,1,46.48
P3767,Plastic,359,Medium,Yes,Land,0.754,Recycled Cardboard,0.52,10,65,Cosmetics,82.03,74.0,1,58.61
P3768,Paper,133,High,Yes,Sea,0.12,Paper Wrap,0.15,95,40,Food & Beverage,97.14,92.5,1,84.02
P3769,Glass,1820,Low,Yes,Sea,2.73,Bio Bubble Wrap,0.58,15,70,Home & Decor,34.94,71.0,1,45.98
P3770,Plastic,841,Medium,No,Sea,1.766,Recycled Cardboard,0.57,10,65,Cosmetics,57.91,71.5,0,50.75
P3771,Plastic,590,Medium,Yes,Land,1.239,Recycled Cardboard,0.75,10,65,Cosmetics,70.47,62.5,1,52.27
P3772,Paper,1560,Low,Yes,Sea,1.404,Paper Wrap,0.2,95,40,Food & Beverage,66.54,90.0,1,74.21
P3773,Bioplastic,337,High,Yes,Air,0.236,Paper Wrap,0.32,80,40,Pharma & Health,94.38,84.0,1,77.31
P3774,Glass,1352,High,Yes,Land,2.028,Bio Bubble Wrap,0.96,15,70,Home & Decor,51.67,52.0,1,46.25
P3775,Glass,408,Medium,Yes,Sea,0.612,Bio Bubble Wrap,1.15,15,70,Home & Decor,85.41,42.5,1,54.0
P3776,Glass,1440,Low,Yes,Sea,2.16,Bio Bubble Wrap,1.07,15,70,Home & Decor,48.52,46.5,1,43.93
P3777,Metal,1352,Medium,Yes,Sea,2.434,Cornstarch Wrap,1.11,5,55,Industrial,41.99,44.5,1,35.97
P3778,Glass,804,Low,No,Sea,1.206,Bio Bubble Wrap,0.96,15,70,Home & Decor,71.26,52.0,0,52.13
P3779,Metal,787,Medium,Yes,Land,1.417,Minimalist Pouch,0.56,5,50,Industrial,66.23,72.0,1,49.12
P3780,Ceramic,684,Medium,Yes,Sea,0.821,Bio Bubble Wrap,0.78,20,70,Home & Decor,80.43,61.0,1,58.38
P3781,Glass,828,High,Yes,Sea,1.242,Bio Bubble Wrap,0.73,15,70,Home & Decor,70.4,63.5,1,54.74
P3782,Metal,396,Low,Yes,Land,0.713,Recycled Cardboard,0.31,5,65,Industrial,83.01,84.5,1,60.28
P3783,Ceramic,988,Low,Yes,Air,1.186,Bio Bubble Wrap,1.08,20,70,Home & Decor,71.73,46.0,1,52.02
P3784,Bioplastic,1595,Low,Yes,Sea,1.117,Paper Wrap,0.34,80,40,Pharma & Health,73.38,83.0,1,70.76
P3785,Ceramic,1901,Medium,Yes,Air,2.281,Bio Bubble Wrap,0.57,20,70,Home & Decor,45.64,71.5,1,50.57
P3786,Paper,1262,Low,Yes,Air,1.136,Paper Wrap,0.27,95,40,Food & Beverage,72.93,86.5,1,75.25
P3787,Ceramic,1809,Low,Yes,Sea,2.171,Bio Bubble Wrap,0.82,20,70,Home & Decor,48.26,59.0,1,48.23
P3788,Plastic,240,Low,Yes,Air,0.504,Recycled Cardboard,0.36,10,65,E-Commerce,87.99,82.0,1,62.4
P3789,Plastic,855,Low,No,Air,1.796,Recycled Cardboard,0.79,10,65,E-Commerce,57.2,60.5,0,47.78
P3790,Paper,378,Medium,Yes,Sea,0.34,Paper Wrap,0.16,95,40,Food & Beverage,91.9,92.0,1,82.32
P3791,Paper,868,Medium,Yes,Sea,0.781,Paper Wrap,0.12,95,40,Food & Beverage,81.39,94.0,1,79.67
P3792,Ceramic,1566,Medium,Yes,Sea,1.879,Bio Bubble Wrap,0.92,20,70,Home & Decor,55.22,54.0,1,49.07
P3793,Ceramic,1566,Low,Yes,Air,1.879,Bio Bubble Wrap,1.02,20,70,Home & Decor,55.22,49.0,1,47.82
P3794,Bioplastic,259,High,Yes,Sea,0.181,Paper Wrap,0.11,80,40,Pharma & Health,95.69,94.5,1,80.33
P3795,Glass,1075,Medium,Yes,Land,1.613,Bio Bubble Wrap,0.96,15,70,Home & Decor,61.56,52.0,1,49.22
P3796,Plastic,1721,Medium,Yes,Sea,3.614,Recycled Cardboard,0.57,10,65,Cosmetics,13.87,71.5,1,37.54
P3797,Plastic,1527,Medium,No,Sea,3.207,Recycled Cardboard,0.35,10,65,Cosmetics,23.57,82.5,0,43.2
P3798,Ceramic,857,High,Yes,Sea,1.028,Bio Bubble Wrap,0.62,20,70,Home & Decor,75.5,69.0,1,58.9
P3799,Ceramic,1045,Medium,Yes,Land,1.254,Bio Bubble Wrap,0.9,20,70,Home & Decor,70.11,55.0,1,53.78
P3800,Paper,690,High,Yes,Air,0.621,Paper Wrap,0.19,95,40,Food & Beverage,85.2,90.5,1,79.94
P3801,Glass,755,Medium,Yes,Land,1.133,Bio Bubble Wrap,1.16,15,70,Home & Decor,73.0,42.0,1,50.15
P3802,Ceramic,1866,Medium,Yes,Sea,2.239,Bio Bubble Wrap,1.07,20,70,Home & Decor,46.64,46.5,1,44.62
P3803,Paper,710,High,Yes,Sea,0.639,Paper Wrap,0.4,95,40,Food & Beverage,84.77,80.0,1,77.18
P3804,Ceramic,1982,High,Yes,Sea,2.378,Bio Bubble Wrap,0.68,20,70,Home & Decor,43.33,66.0,1,48.5
P3805,Metal,1487,Medium,No,Land,2.677,Recycled Cardboard,0.78,5,65,Industrial,36.2,61.0,0,40.36
P3806,Glass,1115,Low,No,Land,1.673,Bio Bubble Wrap,0.8,15,70,Home & Decor,60.13,60.0,0,50.79
P3807,Paper,1902,Low,No,Land,1.712,Paper Wrap,0.2,95,40,Food & Beverage,59.2,90.0,0,72.01
P3808,Glass,1853,Medium,Yes,Air,2.78,Bio Bubble Wrap,0.54,15,70,Home & Decor,33.75,73.0,1,46.12
P3809,Glass,1695,Low,Yes,Air,2.542,Bio Bubble Wrap,0.54,15,70,Home & Decor,39.42,73.0,1,47.83
P3810,Plastic,410,Low,Yes,Sea,0.861,Recycled Cardboard,0.65,10,65,E-Commerce,79.48,67.5,1,56.22
P3811,Glass,1931,Medium,Yes,Sea,2.897,Bio Bubble Wrap,0.82,15,70,Home & Decor,30.96,59.0,1,41.79
P3812,Plastic,690,Medium,Yes,Sea,1.449,Recycled Cardboard,0.41,10,65,Cosmetics,65.47,79.5,1,55.02
P3813,Glass,1041,Low,No,Sea,1.562,Bio Bubble Wrap,0.93,15,70,Home & Decor,62.77,53.5,0,49.96
P3814,Paper,600,Medium,Yes,Land,0.54,Paper Wrap,0.18,95,40,Food & Beverage,87.13,91.0,1,80.64
P3815,Glass,707,Medium,Yes,Air,1.06,Bio Bubble Wrap,0.9,15,70,Home & Decor,74.74,55.0,1,53.92
P3816,Ceramic,1507,Low,Yes,Sea,1.808,Bio Bubble Wrap,0.75,20,70,Home & Decor,56.91,62.5,1,51.7
P3817,Bioplastic,1010,High,Yes,Sea,0.707,Paper Wrap,0.35,80,40,Pharma & Health,83.15,82.5,1,73.57
P3818,Ceramic,762,High,Yes,Land,0.914,Bio Bubble Wrap,1.07,20,70,Home & Decor,78.22,46.5,1,54.09
P3819,Paper,1184,High,Yes,Air,1.066,Paper Wrap,0.24,95,40,Food & Beverage,74.59,88.0,1,76.13
P3820,Bioplastic,1061,Low,Yes,Land,0.743,Paper Wrap,0.21,80,40,Pharma & Health,82.29,89.5,1,75.06
P3821,Ceramic,188,Low,Yes,Air,0.226,Bio Bubble Wrap,0.75,20,70,Home & Decor,94.61,62.5,1,63.01
P3822,Ceramic,463,High,Yes,Air,0.556,Bio Bubble Wrap,1.06,20,70,Home & Decor,86.75,47.0,1,56.78
P3823,Metal,304,Medium,Yes,Land,0.547,Minimalist Pouch,0.33,5,50,Industrial,86.96,83.5,1,58.21
P3824,Metal,298,Medium,Yes,Sea,0.536,Paper Wrap,0.16,5,40,Industrial,87.23,92.0,1,58.42
P3825,Metal,1153,High,Yes,Sea,2.075,Minimalist Pouch,0.23,5,50,Electronics,50.55,88.5,1,48.54
P3826,Glass,812,Medium,Yes,Sea,1.218,Bio Bubble Wrap,0.83,15,70,Home & Decor,70.97,58.5,1,53.67
P3827,Bioplastic,1848,Medium,Yes,Sea,1.294,Paper Wrap,0.24,80,40,Pharma & Health,69.16,88.0,1,70.75
P3828,Plastic,333,Medium,Yes,Air,0.699,Recycled Cardboard,0.72,10,65,Cosmetics,83.34,64.0,1,56.5
P3829,Plastic,1827,Medium,Yes,Air,3.837,Recycled Cardboard,0.41,10,65,Cosmetics,8.56,79.5,1,37.94
P3830,Metal,1163,High,Yes,Land,2.093,Recycled Cardboard,0.49,5,65,Electronics,50.12,75.5,1,48.16
P3831,Ceramic,289,Low,No,Land,0.347,Bio Bubble Wrap,1.07,20,70,Home & Decor,91.73,46.5,0,58.14
P3832,Metal,100,Low,Yes,Land,0.18,Cornstarch Wrap,1.34,5,55,Industrial,95.71,33.0,1,49.21
P3833,Paper,284,Low,Yes,Air,0.256,Paper Wrap,0.22,95,40,Food & Beverage,93.9,89.0,1,82.17
P3834,Ceramic,1939,Low,No,Sea,2.327,Bio Bubble Wrap,0.82,20,70,Home & Decor,44.54,59.0,0,47.11
P3835,Metal,205,High,No,Sea,0.369,Bio Bubble Wrap,0.71,5,70,Electronics,91.21,64.5,0,58.74
P3836,Bioplastic,673,Low,No,Sea,0.471,Paper Wrap,0.38,80,40,Pharma & Health,88.78,81.0,0,74.88
P3837,Metal,1187,Medium,Yes,Sea,2.137,Recycled Cardboard,0.36,5,65,Industrial,49.07,82.0,1,49.47
P3838,Plastic,1785,Low,Yes,Land,3.748,Recycled Cardboard,0.77,10,65,E-Commerce,10.68,61.5,1,34.08
P3839,Bioplastic,1050,Medium,Yes,Sea,0.735,Paper Wrap,0.31,80,40,Pharma & Health,82.48,84.5,1,73.87
P3840,Paper,1845,Medium,Yes,Land,1.661,Paper Wrap,0.26,95,40,Food & Beverage,60.41,87.0,1,71.62
P3841,Ceramic,1484,Medium,Yes,Air,1.781,Bio Bubble Wrap,0.52,20,70,Home & Decor,57.55,74.0,1,54.76
P3842,Ceramic,1947,Medium,No,Sea,2.336,Bio Bubble Wrap,0.83,20,70,Home & Decor,44.33,58.5,0,46.92
P3843,Metal,224,High,Yes,Sea,0.403,Mushroom Foam,1.29,5,75,Electronics,90.4,35.5,1,52.24
P3844,Plastic,1632,Medium,Yes,Sea,3.427,Recycled Cardboard,0.38,10,65,Cosmetics,18.33,81.0,1,41.25
P3845,Bioplastic,1655,Medium,Yes,Land,1.159,Paper Wrap,0.3,80,40,Pharma & Health,72.38,85.0,1,70.96
P3846,Metal,1502,Low,Yes,Sea,2.704,Mushroom Foam,1.97,5,75,Industrial,35.56,1.5,1,27.29
P3847,Plastic,148,Medium,Yes,Air,0.311,Recycled Cardboard,0.58,10,65,Cosmetics,92.59,71.0,1,61.03
P3848,Paper,1599,Low,Yes,Sea,1.439,Paper Wrap,0.31,95,40,Food & Beverage,65.71,84.5,1,72.59
P3849,Metal,1212,Low,Yes,Land,2.182,Bio Bubble Wrap,0.55,5,70,Industrial,48.0,72.5,1,47.78
P3850,Ceramic,830,Low,Yes,Sea,0.996,Bio Bubble Wrap,0.79,20,70,Home & Decor,76.26,60.5,1,57.0
P3851,Paper,115,Medium,Yes,Air,0.103,Paper Wrap,0.13,95,40,Food & Beverage,97.55,93.5,1,84.39
P3852,Metal,116,High,No,Air,0.209,Recycled Cardboard,0.61,5,65,Electronics,95.02,69.5,0,60.13
P3853,Bioplastic,399,Low,Yes,Land,0.279,Paper Wrap,0.38,80,40,Pharma & Health,93.35,81.0,1,76.26
P3854,Metal,804,Medium,No,Land,1.447,Bio Bubble Wrap,0.96,5,70,Industrial,65.51,52.0,0,47.9
P3855,Ceramic,1778,Low,Yes,Sea,2.134,Bio Bubble Wrap,0.55,20,70,Home & Decor,49.14,72.5,1,51.87
P3856,Glass,1402,High,Yes,Land,2.103,Bio Bubble Wrap,0.75,15,70,Home & Decor,49.88,62.5,1,48.34
P3857,Metal,391,Low,Yes,Land,0.704,Cornstarch Wrap,1.1,5,55,Industrial,83.22,45.0,1,48.47
P3858,Ceramic,130,Medium,Yes,Air,0.156,Bio Bubble Wrap,0.78,20,70,Home & Decor,96.28,61.0,1,63.13
P3859,Glass,190,Medium,Yes,Sea,0.285,Bio Bubble Wrap,1.08,15,70,Home & Decor,93.21,46.0,1,57.21
P3860,Paper,1929,Low,Yes,Air,1.736,Paper Wrap,0.34,95,40,Food & Beverage,58.63,83.0,1,70.09
P3861,Paper,426,Medium,Yes,Land,0.383,Paper Wrap,0.28,95,40,Food & Beverage,90.87,86.0,1,80.51
P3862,Bioplastic,675,Low,Yes,Land,0.472,Paper Wrap,0.21,80,40,Pharma & Health,88.75,89.5,1,77.0
P3863,Plastic,1629,Low,Yes,Air,3.421,Recycled Cardboard,0.43,10,65,E-Commerce,18.47,78.5,1,40.67
P3864,Plastic,724,Medium,Yes,Sea,1.52,Recycled Cardboard,0.35,10,65,Cosmetics,63.78,82.5,1,55.26
P3865,Glass,1931,Medium,Yes,Land,2.897,Bio Bubble Wrap,0.75,15,70,Home & Decor,30.96,62.5,1,42.66
P3866,Bioplastic,240,Low,Yes,Air,0.168,Paper Wrap,0.22,80,40,Pharma & Health,96.0,89.0,1,79.05
P3867,Glass,1660,Low,Yes,Sea,2.49,Bio Bubble Wrap,0.97,15,70,Home & Decor,40.66,51.5,1,42.82
P3868,Bioplastic,790,Low,No,Air,0.553,Paper Wrap,0.3,80,40,Pharma & Health,86.82,85.0,0,75.3
P3869,Glass,1214,Low,Yes,Sea,1.821,Bio Bubble Wrap,0.55,15,70,Home & Decor,56.6,72.5,1,52.86
P3870,Glass,1507,Medium,Yes,Sea,2.26,Bio Bubble Wrap,0.78,15,70,Home & Decor,46.14,61.0,1,46.84
P3871,Bioplastic,1035,Medium,Yes,Land,0.725,Paper Wrap,0.15,80,40,Pharma & Health,82.72,92.5,1,75.94
P3872,Glass,1661,Medium,Yes,Air,2.491,Bio Bubble Wrap,0.61,15,70,Home & Decor,40.63,69.5,1,47.31
P3873,Glass,1511,Low,No,Sea,2.267,Bio Bubble Wrap,1.08,15,70,Home & Decor,45.97,46.0,0,43.04
P3874,Ceramic,1091,Medium,Yes,Sea,1.309,Bio Bubble Wrap,0.53,20,70,Home & Decor,68.8,73.5,1,58.02
P3875,Metal,1838,Medium,Yes,Sea,3.308,Recycled Cardboard,0.51,5,65,Industrial,21.16,74.5,1,39.22
P3876,Ceramic,527,Low,Yes,Air,0.632,Bio Bubble Wrap,0.62,20,70,Home & Decor,84.94,69.0,1,61.73
P3877,Metal,206,Medium,Yes,Land,0.371,Recycled Cardboard,0.74,5,65,Industrial,91.16,63.0,1,57.35
P3878,Ceramic,225,Medium,Yes,Air,0.27,Bio Bubble Wrap,0.89,20,70,Home & Decor,93.57,55.5,1,60.95
P3879,Paper,469,Medium,Yes,Air,0.422,Paper Wrap,0.17,95,40,Food & Beverage,89.94,91.5,1,81.61
P3880,Metal,767,Medium,Yes,Sea,1.381,Recycled Cardboard,0.55,5,65,Industrial,67.09,72.5,1,52.5
P3881,Metal,429,Medium,Yes,Sea,0.772,Paper Wrap,0.32,5,40,Industrial,81.6,84.0,1,54.73
P3882,Plastic,132,Medium,Yes,Sea,0.277,Recycled Cardboard,0.78,10,65,Cosmetics,93.4,61.0,1,58.77
P3883,Paper,144,Medium,Yes,Sea,0.13,Paper Wrap,0.17,95,40,Food & Beverage,96.9,91.5,1,83.7
P3884,Ceramic,654,Low,Yes,Air,0.785,Bio Bubble Wrap,1.12,20,70,Home & Decor,81.29,44.0,1,54.39
P3885,Metal,977,Medium,Yes,Land,1.759,Bio Bubble Wrap,1.15,5,70,Industrial,58.08,42.5,1,43.3
P3886,Metal,1587,Low,Yes,Land,2.857,Recycled Cardboard,0.76,5,65,Industrial,31.91,62.0,1,39.32
P3887,Ceramic,873,High,Yes,Land,1.048,Bio Bubble Wrap,0.94,20,70,Home & Decor,75.02,53.0,1,54.76
P3888,Bioplastic,1254,Medium,Yes,Air,0.878,Paper Wrap,0.29,80,40,Pharma & Health,79.08,85.5,1,73.1
P3889,Bioplastic,1690,Medium,Yes,Air,1.183,Paper Wrap,0.22,80,40,Pharma & Health,71.81,89.0,1,71.79
P3890,Ceramic,832,Medium,Yes,Air,0.998,Bio Bubble Wrap,1.03,20,70,Home & Decor,76.22,48.5,1,53.99
P3891,Paper,127,Low,Yes,Land,0.114,Paper Wrap,0.26,95,40,Food & Beverage,97.28,87.0,1,82.68
P3892,Metal,448,Low,Yes,Sea,0.806,Cornstarch Wrap,1.21,5,55,Industrial,80.79,39.5,1,46.36
P3893,Plastic,1215,Medium,Yes,Sea,2.551,Recycled Cardboard,0.51,10,65,Cosmetics,39.2,74.5,1,45.88
P3894,Plastic,1914,Low,Yes,Sea,4.019,Recycled Cardboard,0.67,10,65,E-Commerce,4.22,66.5,1,33.39
P3895,Paper,1680,Low,Yes,Land,1.512,Paper Wrap,0.35,95,40,Food & Beverage,63.97,82.5,1,71.57
P3896,Paper,588,Medium,No,Air,0.529,Paper Wrap,0.14,95,40,Food & Beverage,87.39,93.0,0,81.22
P3897,Paper,1021,Medium,Yes,Air,0.919,Paper Wrap,0.35,95,40,Food & Beverage,78.1,82.5,1,75.8
P3898,Bioplastic,496,Medium,Yes,Air,0.347,Paper Wrap,0.26,80,40,Pharma & Health,91.73,87.0,1,77.27
P3899,Ceramic,539,Medium,Yes,Air,0.647,Bio Bubble Wrap,1.09,20,70,Home & Decor,84.58,45.5,1,55.75
P3900,Paper,1241,High,Yes,Air,1.117,Paper Wrap,0.23,95,40,Food & Beverage,73.38,88.5,1,75.89
P3901,Paper,1697,Medium,Yes,Air,1.527,Paper Wrap,0.21,95,40,Food & Beverage,63.61,89.5,1,73.21
P3902,Glass,1812,Medium,Yes,Land,2.718,Bio Bubble Wrap,1.14,15,70,Home & Decor,35.22,43.0,1,39.07
P3903,Metal,1060,Low,No,Land,1.908,Minimalist Pouch,0.3,5,50,Industrial,54.53,85.0,0,48.86
P3904,Paper,1721,Low,Yes,Land,1.549,Paper Wrap,0.35,95,40,Food & Beverage,63.08,82.5,1,71.3
P3905,Glass,976,Medium,Yes,Air,1.464,Bio Bubble Wrap,0.84,15,70,Home & Decor,65.11,58.0,1,51.78
P3906,Ceramic,1097,Low,Yes,Land,1.316,Bio Bubble Wrap,0.86,20,70,Home & Decor,68.64,57.0,1,53.84
P3907,Ceramic,115,High,Yes,Land,0.138,Bio Bubble Wrap,0.72,20,70,Home & Decor,96.71,64.0,1,64.01
P3908,Ceramic,1889,Low,Yes,Land,2.267,Bio Bubble Wrap,0.9,20,70,Home & Decor,45.97,55.0,1,46.54
P3909,Metal,1728,Medium,Yes,Land,3.11,Mushroom Foam,1.19,5,75,Industrial,25.88,40.5,1,34.14
P3910,Ceramic,1839,Medium,Yes,Sea,2.207,Bio Bubble Wrap,0.53,20,70,Home & Decor,47.4,73.5,1,51.6
P3911,Plastic,304,High,Yes,Air,0.638,Recycled Cardboard,0.44,10,65,E-Commerce,84.8,78.0,1,60.44
P3912,Paper,1063,High,No,Land,0.957,Paper Wrap,0.1,95,40,Food & Beverage,77.19,95.0,0,78.66
P3913,Metal,1247,Low,Yes,Land,2.245,Paper Wrap,0.39,5,40,Industrial,46.5,80.5,1,43.32
P3914,Paper,496,Low,Yes,Air,0.446,Paper Wrap,0.39,95,40,Food & Beverage,89.37,80.5,1,78.69
P3915,Glass,271,High,No,Sea,0.406,Bio Bubble Wrap,0.78,15,70,Home & Decor,90.32,61.0,0,60.1
P3916,Plastic,561,Low,Yes,Land,1.178,Recycled Cardboard,0.66,10,65,E-Commerce,71.93,67.0,1,53.83
P3917,Glass,522,Medium,Yes,Air,0.783,Bio Bubble Wrap,0.74,15,70,Home & Decor,81.34,63.0,1,57.9
P3918,Ceramic,1048,High,Yes,Air,1.258,Bio Bubble Wrap,0.97,20,70,Home & Decor,70.02,51.5,1,52.88
P3919,Metal,795,Low,Yes,Land,1.431,Minimalist Pouch,0.52,5,50,Industrial,65.9,74.0,1,49.52
P3920,Glass,910,Medium,Yes,Land,1.365,Bio Bubble Wrap,1.16,15,70,Home & Decor,67.47,42.0,1,48.49
P3921,Paper,529,Low,Yes,Air,0.476,Paper Wrap,0.22,95,40,Food & Beverage,88.66,89.0,1,80.6
P3922,Paper,546,Low,Yes,Air,0.491,Paper Wrap,0.33,95,40,Food & Beverage,88.3,83.5,1,79.11
P3923,Ceramic,338,Medium,Yes,Land,0.406,Bio Bubble Wrap,0.69,20,70,Home & Decor,90.32,65.5,1,62.47
P3924,Bioplastic,330,Medium,Yes,Air,0.231,Paper Wrap,0.4,80,40,Pharma & Health,94.49,80.0,1,76.35
P3925,Glass,907,High,Yes,Land,1.361,Bio Bubble Wrap,0.52,15,70,Home & Decor,67.56,74.0,1,56.52
P3926,Bioplastic,1676,Low,Yes,Air,1.173,Paper Wrap,0.28,80,40,Pharma & Health,72.04,86.0,1,71.11
P3927,Glass,390,High,No,Land,0.585,Bio Bubble Wrap,0.96,15,70,Home & Decor,86.06,52.0,0,56.57
P3928,Ceramic,1102,Medium,Yes,Land,1.322,Bio Bubble Wrap,0.98,20,70,Home & Decor,68.49,51.0,1,52.3
P3929,Bioplastic,1298,Low,Yes,Land,0.909,Paper Wrap,0.14,80,40,Pharma & Health,78.34,93.0,1,74.75
P3930,Bioplastic,588,Medium,Yes,Sea,0.412,Paper Wrap,0.38,80,40,Pharma & Health,90.18,81.0,1,75.3
P3931,Ceramic,1100,Low,No,Land,1.32,Bio Bubble Wrap,0.63,20,70,Home & Decor,68.54,68.5,0,56.69
P3932,Ceramic,1990,Low,Yes,Sea,2.388,Bio Bubble Wrap,0.94,20,70,Home & Decor,43.09,53.0,1,45.18
P3933,Glass,1143,Low,Yes,Air,1.714,Bio Bubble Wrap,0.66,15,70,Home & Decor,59.15,67.0,1,52.24
P3934,Plastic,1375,Medium,No,Land,2.888,Recycled Cardboard,0.45,10,65,Cosmetics,31.17,77.5,0,44.23
P3935,Metal,830,Low,Yes,Sea,1.494,Cornstarch Wrap,1.09,5,55,Industrial,64.39,45.5,1,42.94
P3936,Paper,1339,Low,Yes,Sea,1.205,Paper Wrap,0.23,95,40,Food & Beverage,71.28,88.5,1,75.26
P3937,Plastic,1716,Medium,Yes,Land,3.604,Recycled Cardboard,0.38,10,65,Cosmetics,14.11,81.0,1,39.98
P3938,Ceramic,561,Low,Yes,Land,0.673,Bio Bubble Wrap,0.62,20,70,Home & Decor,83.96,69.0,1,61.44
P3939,Ceramic,1144,Medium,Yes,Land,1.373,Bio Bubble Wrap,0.79,20,70,Home & Decor,67.28,60.5,1,54.31
P3940,Glass,251,High,Yes,Air,0.377,Bio Bubble Wrap,1.03,15,70,Home & Decor,91.02,48.5,1,57.18
P3941,Ceramic,480,High,Yes,Land,0.576,Bio Bubble Wrap,1.13,20,70,Home & Decor,86.27,43.5,1,55.76
P3942,Glass,830,Medium,Yes,Air,1.245,Bio Bubble Wrap,0.56,15,70,Home & Decor,70.33,72.0,1,56.85
P3943,Ceramic,165,Low,Yes,Sea,0.198,Bio Bubble Wrap,0.78,20,70,Home & Decor,95.28,61.0,1,62.83
P3944,Paper,1227,Medium,Yes,Land,1.104,Paper Wrap,0.13,95,40,Food & Beverage,73.69,93.5,1,77.23
P3945,Bioplastic,1898,High,Yes,Air,1.329,Paper Wrap,0.1,80,40,Pharma & Health,68.33,95.0,1,72.25
P3946,Ceramic,1417,Low,No,Sea,1.7,Bio Bubble Wrap,0.96,20,70,Home & Decor,59.49,52.0,0,49.85
P3947,Ceramic,279,High,Yes,Sea,0.335,Bio Bubble Wrap,0.92,20,70,Home & Decor,92.02,54.0,1,60.11
P3948,Plastic,807,Medium,No,Sea,1.695,Recycled Cardboard,0.38,10,65,Cosmetics,59.6,81.0,0,53.63
P3949,Paper,1377,Medium,No,Land,1.239,Paper Wrap,0.17,95,40,Food & Beverage,70.47,91.5,0,75.77
P3950,Glass,1354,High,Yes,Air,2.031,Bio Bubble Wrap,0.52,15,70,Home & Decor,51.6,74.0,1,51.73
P3951,Bioplastic,230,Low,Yes,Sea,0.161,Paper Wrap,0.35,80,40,Pharma & Health,96.16,82.5,1,77.47
P3952,Metal,945,Low,Yes,Sea,1.701,Paper Wrap,0.39,5,40,Industrial,59.46,80.5,1,47.21
P3953,Glass,596,Low,Yes,Sea,0.894,Bio Bubble Wrap,0.59,15,70,Home & Decor,78.69,70.5,1,58.98
P3954,Paper,1496,Medium,Yes,Land,1.346,Paper Wrap,0.17,95,40,Food & Beverage,67.92,91.5,1,75.0
P3955,Glass,1668,Low,No,Land,2.502,Bio Bubble Wrap,1.11,15,70,Home & Decor,40.37,44.5,0,40.99
P3956,Plastic,1567,Medium,No,Air,3.291,Recycled Cardboard,0.76,10,65,Cosmetics,21.57,62.0,0,37.47
P3957,Ceramic,1604,Medium,Yes,Sea,1.925,Bio Bubble Wrap,0.79,20,70,Home & Decor,54.12,60.5,1,50.36
P3958,Bioplastic,1558,High,Yes,Air,1.091,Paper Wrap,0.12,80,40,Pharma & Health,74.0,94.0,1,73.7
P3959,Plastic,472,Medium,No,Sea,0.991,Recycled Cardboard,0.32,10,65,Cosmetics,76.38,84.0,0,59.41
P3960,Plastic,1603,Low,Yes,Air,3.366,Recycled Cardboard,0.59,10,65,E-Commerce,19.78,70.5,1,39.06
P3961,Bioplastic,335,Medium,Yes,Sea,0.234,Paper Wrap,0.22,80,40,Pharma & Health,94.42,89.0,1,78.58
P3962,Ceramic,1727,Low,No,Air,2.072,Bio Bubble Wrap,0.52,20,70,Home & Decor,50.62,74.0,0,52.69
P3963,Ceramic,373,Medium,No,Air,0.448,Bio Bubble Wrap,0.91,20,70,Home & Decor,89.32,54.5,0,59.42
P3964,Bioplastic,1452,Low,Yes,Air,1.016,Paper Wrap,0.1,80,40,Pharma & Health,75.79,95.0,1,74.49
P3965,Bioplastic,1455,Medium,No,Sea,1.018,Paper Wrap,0.34,80,40,Pharma & Health,75.74,83.0,0,71.47
P3966,Bioplastic,486,Low,Yes,Land,0.34,Paper Wrap,0.19,80,40,Pharma & Health,91.9,90.5,1,78.19
P3967,Bioplastic,1593,Medium,Yes,Air,1.115,Paper Wrap,0.11,80,40,Pharma & Health,73.43,94.5,1,73.65
P3968,Metal,996,Medium,No,Air,1.793,Minimalist Pouch,0.44,5,50,Industrial,57.27,78.0,0,47.93
P3969,Paper,207,Medium,Yes,Land,0.186,Paper Wrap,0.22,95,40,Food & Beverage,95.57,89.0,1,82.67
P3970,Paper,503,Medium,Yes,Land,0.453,Paper Wrap,0.39,95,40,Food & Beverage,89.2,80.5,1,78.64
P3971,Metal,342,Low,Yes,Sea,0.616,Minimalist Pouch,0.42,5,50,Industrial,85.32,79.0,1,56.6
P3972,Glass,1679,Low,Yes,Sea,2.518,Bio Bubble Wrap,0.69,15,70,Home & Decor,39.99,65.5,1,46.12
P3973,Ceramic,153,Low,Yes,Sea,0.184,Bio Bubble Wrap,1.0,20,70,Home & Decor,95.61,50.0,1,60.18
P3974,Ceramic,1223,Low,No,Land,1.468,Bio Bubble Wrap,0.69,20,70,Home & Decor,65.01,65.5,0,54.88
P3975,Ceramic,833,Medium,Yes,Air,1.0,Bio Bubble Wrap,1.13,20,70,Home & Decor,76.17,43.5,1,52.73
P3976,Bioplastic,777,Low,No,Land,0.544,Paper Wrap,0.21,80,40,Pharma & Health,87.04,89.5,0,76.49
P3977,Metal,104,Medium,Yes,Sea,0.187,Paper Wrap,0.26,5,40,Industrial,95.54,87.0,1,59.66
P3978,Glass,390,Low,Yes,Land,0.585,Bio Bubble Wrap,0.54,15,70,Home & Decor,86.06,73.0,1,61.82
P3979,Bioplastic,1885,Low,Yes,Air,1.319,Paper Wrap,0.23,80,40,Pharma & Health,68.57,88.5,1,70.7
P3980,Metal,1900,Medium,Yes,Land,3.42,Bio Bubble Wrap,1.08,5,70,Industrial,18.49,46.0,1,32.3
P3981,Paper,267,Medium,No,Air,0.24,Paper Wrap,0.34,95,40,Food & Beverage,94.28,83.0,0,80.78
P3982,Ceramic,871,Low,Yes,Air,1.045,Bio Bubble Wrap,0.66,20,70,Home & Decor,75.1,67.0,1,58.28
P3983,Paper,401,Medium,Yes,Sea,0.361,Paper Wrap,0.17,95,40,Food & Beverage,91.4,91.5,1,82.04
P3984,Ceramic,852,Medium,Yes,Land,1.022,Bio Bubble Wrap,1.07,20,70,Home & Decor,75.64,46.5,1,53.32
P3985,Bioplastic,1453,High,Yes,Land,1.017,Paper Wrap,0.38,80,40,Pharma & Health,75.76,81.0,1,70.98
P3986,Ceramic,1331,Medium,Yes,Air,1.597,Bio Bubble Wrap,0.57,20,70,Home & Decor,61.94,71.5,1,55.46
P3987,Bioplastic,840,Low,No,Land,0.588,Paper Wrap,0.24,80,40,Pharma & Health,85.99,88.0,0,75.8
P3988,Metal,530,Low,No,Sea,0.954,Cornstarch Wrap,0.9,5,55,Industrial,77.26,55.0,0,49.18
P3989,Glass,654,Medium,Yes,Sea,0.981,Bio Bubble Wrap,1.11,15,70,Home & Decor,76.62,44.5,1,51.86
P3990,Paper,1789,Medium,Yes,Land,1.61,Paper Wrap,0.13,95,40,Food & Beverage,61.63,93.5,1,73.61
P3991,Glass,1018,Medium,No,Land,1.527,Bio Bubble Wrap,0.65,15,70,Home & Decor,63.61,67.5,0,53.71
P3992,Metal,1130,Medium,Yes,Sea,2.034,Paper Wrap,0.33,5,40,Industrial,51.53,83.5,1,45.58
P3993,Ceramic,870,Medium,Yes,Air,1.044,Bio Bubble Wrap,0.54,20,70,Home & Decor,75.12,73.0,1,59.79
P3994,Bioplastic,537,Low,Yes,Sea,0.376,Paper Wrap,0.25,80,40,Pharma & Health,91.04,87.5,1,77.19
P3995,Ceramic,855,Low,Yes,Sea,1.026,Bio Bubble Wrap,0.81,20,70,Home & Decor,75.55,59.5,1,56.54
P3996,Paper,521,High,Yes,Air,0.469,Paper Wrap,0.2,95,40,Food & Beverage,88.82,90.0,1,80.9
P3997,Bioplastic,1744,Medium,Yes,Land,1.221,Paper Wrap,0.22,80,40,Pharma & Health,70.9,89.0,1,71.52
P3998,Metal,1480,Medium,Yes,Air,2.664,Cornstarch Wrap,1.08,5,55,Industrial,36.51,46.0,1,34.7
P3999,Glass,967,High,Yes,Land,1.45,Bio Bubble Wrap,0.61,15,70,Home & Decor,65.44,69.5,1,54.76
